strain	date	region	country	division	genotype	lineage
hDenV3/Colombia/un-OUCRU-30121/2012	2012	South America	Colombia		III	3III_C.2
hDenV3/Colombia/un-OUCRU-301222/2013	2013	South America	Colombia		III	3III_C.2
hDenV3/Colombia/SAN-BROAD-3012/2001	2001	South America	Colombia	Santander	III	3III_C.1
hDenV3/Colombia/SAN-UIS-0000038/2016	2016	South America	Colombia	Santander	III	3III_C.1
hDenV3/Colombia/SAN-UIS-0000037/2015	2015	South America	Colombia	Santander	III	3III_C.2
hDenV3/Colombia/SAN-UIS-0000053/2014	2014	South America	Colombia	Santander	III	3III_C.2
hDenV3/Colombia/SAN-UIS-0000044/2016	2016	South America	Colombia	Santander	III	3III_C.1
hDenV3/Colombia/SAN-UIS-0000045/2016	2016	South America	Colombia	Santander	III	3III_C.2
hDenV3/Colombia/un-UIS-0000001/2014	2014	South America	Colombia		III	3III_C.1
hDenV3/Colombia/un-UIS-0000002/2015	2015	South America	Colombia		III	3III_C.2
hDenV3/Colombia/SAN-UIS-0000010/2015	2015	South America	Colombia	Santander	III	3III_C.1
hDenV3/Colombia/SAN-UIS-0000049/2016	2016	South America	Colombia	Santander	III	3III_C.1
hDenV3/Colombia/NSA-BROAD-0000016/2005	2005	South America	Colombia	Norte de Santander	III	3III_C.1
hDenV3/Colombia/NSA-BROAD-0000017/2005	2005	South America	Colombia	Norte de Santander	III	3III_C.1
hDenV3/Colombia/NSA-BROAD-0000018/2006	2006	South America	Colombia	Norte de Santander	III	3III_C.1
hDenV3/Colombia/SAN-BROAD-0000049/2002	2002	South America	Colombia	Santander	III	3III_C.1
hDenV3/Colombia/SAN-BROAD-0000052/2001	2001	South America	Colombia	Santander	III	3III_C.1
hDenV3/Colombia/SAN-BROAD-0000054/2003	2003	South America	Colombia	Santander	III	3III_C.1
hDenV3/Colombia/SAN-BROAD-0000057/2003	2003	South America	Colombia	Santander	III	3III_C.1
hDenV3/Colombia/SAN-BROAD-0000059/2003	2003	South America	Colombia	Santander	III	3III_C.1
hDenV3/Colombia/SAN-BROAD-0000045/2004	2004	South America	Colombia	Santander	III	3III_C.1
hDenV3/Colombia/SAN-BROAD-0000043/2007	2007	South America	Colombia	Santander	III	3III_C.1
hDenV3/Colombia/NSA-BROAD-0000026/2005	2005	South America	Colombia	Norte de Santander	III	3III_C.1
hDenV3/Colombia/SAN-BROAD-0000035/2003	2003	South America	Colombia	Santander	III	3III_C.1
hDenV3/Colombia/SAN-BROAD-0000038/2007	2007	South America	Colombia	Santander	III	3III_C.1
hDenV3/Colombia/SAN-BROAD-0000040/2004	2004	South America	Colombia	Santander	III	3III_C.1
hDenV3/Colombia/SAN-BROAD-0000042/2003	2003	South America	Colombia	Santander	III	3III_C.1
hDenV3/Colombia/SAN-BROAD-0000034/2003	2003	South America	Colombia	Santander	III	3III_C.1
hDenV3/Colombia/un-OUCRU-0000013/2013	2013	South America	Colombia		III	3III_C.2
hDenV3/Colombia/un-OUCRU-0000009/2013	2013	South America	Colombia		III	3III_C.2
hDenV3/Colombia/un-OUCRU-0000007/2013	2013	South America	Colombia		III	3III_C.2
hDenV3/Colombia/un-OUCRU-0000004/2013	2013	South America	Colombia		III	3III_C.2
hDenV3/Colombia/un-OUCRU-0000002/2012	2012	South America	Colombia		III	3III_C.2
hDenV3/Colombia/un-OUCRU-0000001/2013	2013	South America	Colombia		III	3III_C.2
hDenV3/Colombia/un-OUCRU-0000017/2012	2012	South America	Colombia		III	3III_C.2
hDenV3/Colombia/un-OUCRU-0000036/2013	2013	South America	Colombia		III	3III_C.2
hDenV3/Colombia/un-OUCRU-0000037/2012	2012	South America	Colombia		III	3III_C.2
hDenV3/Colombia/un-OUCRU-0000038/2013	2013	South America	Colombia		III	3III_C.2
hDenV3/Colombia/un-OUCRU-0000039/2012	2012	South America	Colombia		III	3III_C.2
hDenV3/Colombia/un-OUCRU-0000035/2013	2013	South America	Colombia		III	3III_C.2
hDenV3/Colombia/un-OUCRU-0000041/2012	2012	South America	Colombia		III	3III_C.2
hDenV3/Colombia/un-OUCRU-0000034/2012	2012	South America	Colombia		III	3III_C.2
hDenV3/Colombia/un-OUCRU-0000032/2013	2013	South America	Colombia		III	3III_C.2
hDenV3/Colombia/un-OUCRU-0000018/2012	2012	South America	Colombia		III	3III_C.2
hDenV3/Colombia/un-OUCRU-0000019/2013	2013	South America	Colombia		III	3III_C.2
hDenV3/Colombia/un-OUCRU-0000020/2013	2013	South America	Colombia		III	3III_C.2
hDenV3/Colombia/un-OUCRU-0000021/2012	2012	South America	Colombia		III	3III_C.2
hDenV3/Colombia/un-OUCRU-0000022/2012	2012	South America	Colombia		III	3III_C.2
hDenV3/Colombia/un-OUCRU-0000033/2013	2013	South America	Colombia		III	3III_C.2
hDenV3/Colombia/un-OUCRU-0000024/2013	2013	South America	Colombia		III	3III_C.2
hDenV3/Colombia/un-OUCRU-0000026/2013	2013	South America	Colombia		III	3III_C.2
hDenV3/Colombia/un-OUCRU-0000027/2013	2013	South America	Colombia		III	3III_C.2
hDenV3/Colombia/un-OUCRU-0000028/2013	2013	South America	Colombia		III	3III_C.2
hDenV3/Colombia/un-OUCRU-0000030/2012	2012	South America	Colombia		III	3III_C.2
hDenV3/Colombia/un-OUCRU-0000025/2012	2012	South America	Colombia		III	3III_C.2
hDenV3/Colombia/un-OUCRU-0000089/2012	2012	South America	Colombia		III	3III_C.2
hDenV3/Colombia/un-OUCRU-0000099/2012	2012	South America	Colombia		III	3III_C.2
hDenV3/Colombia/un-OUCRU-0000100/2013	2013	South America	Colombia		III	3III_C.2
hDenV3/Colombia/un-OUCRU-0000101/2013	2013	South America	Colombia		III	3III_C.2
hDenV3/Colombia/un-OUCRU-0000102/2013	2013	South America	Colombia		III	3III_C.1
hDenV3/Colombia/un-OUCRU-0000103/2012	2012	South America	Colombia		III	3III_C.2
hDenV3/Colombia/un-OUCRU-0000105/2013	2013	South America	Colombia		III	3III_C.2
hDenV3/Colombia/un-OUCRU-0000106/2013	2013	South America	Colombia		III	3III_C.2
hDenV3/Colombia/un-OUCRU-0000108/2012	2012	South America	Colombia		III	3III_C.2
hDenV3/Colombia/un-OUCRU-0000110/2013	2013	South America	Colombia		III	3III_C.2
hDenV3/Colombia/un-OUCRU-0000111/2013	2013	South America	Colombia		III	3III_C.2
hDenV3/Colombia/un-OUCRU-0000112/2013	2013	South America	Colombia		III	3III_C.2
hDenV3/Colombia/un-OUCRU-0000084/2013	2013	South America	Colombia		III	3III_C.2
hDenV3/Colombia/un-OUCRU-0000083/2013	2013	South America	Colombia		III	3III_C.2
hDenV3/Colombia/un-OUCRU-0000054/2013	2013	South America	Colombia		III	3III_C.2
hDenV3/Colombia/un-OUCRU-0000055/2013	2013	South America	Colombia		III	3III_C.2
hDenV3/Colombia/un-OUCRU-0000056/2013	2013	South America	Colombia		III	3III_C.2
hDenV3/Colombia/un-OUCRU-0000057/2013	2013	South America	Colombia		III	3III_C.2
hDenV3/Colombia/un-OUCRU-0000059/2013	2013	South America	Colombia		III	3III_C.2
hDenV3/Colombia/un-OUCRU-0000079/2013	2013	South America	Colombia		III	3III_C.1
hDenV3/Colombia/un-OUCRU-0000082/2013	2013	South America	Colombia		III	3III_C.2
hDenV3/Colombia/un-CDC-029/2007	2007	South America	Colombia		III	3III_C.1
hDenV3/Colombia/un-CIET-00010/2003	2003	South America	Colombia		III	3III_C.1
hDenV3/Colombia/un-CIET-00012/2004	2004	South America	Colombia		III	3III_C.1
hDenV3/Colombia/un-CIET-00003/2001	2001	South America	Colombia		III	3III_C.1
hDenV3/Colombia/un-CIET-00013/2004	2004	South America	Colombia		III	3III_C.1
hDenV3/Colombia/un-CIET-00015/2006	2006	South America	Colombia		III	3III_C.1
hDenV3/Colombia/un-CIET-00007/2003	2003	South America	Colombia		III	3III_C.1
hDenV3/Colombia/un-CIET-00017/2007	2007	South America	Colombia		III	3III_C.2
hDenV3/Colombia/un-CIET-00009/2003	2003	South America	Colombia		III	3III_C.1
hDenV3/Colombia/un-CIET-00019/2004	2004	South America	Colombia		III	3III_C.2
hDenV3/Colombia/un-CIET-00011/2004	2004	South America	Colombia		III	3III_C.1
hDenV3/Colombia/un-CIET-00016/2006	2006	South America	Colombia		III	3III_C.1
hDenV3/Colombia/un-CIET-00018/2007	2007	South America	Colombia		III	3III_C.1
hDenV3/Colombia/un-CIET-00002/2001	2001	South America	Colombia		III	3III_C.1
hDenV3/Colombia/un-CIET-00006/2003	2003	South America	Colombia		III	3III_C.1
hDenV3/Colombia/un-CIET-00005/2003	2003	South America	Colombia		III	3III_C.1
hDenV3/Colombia/un-CIET-00004/2002	2002	South America	Colombia		III	3III_C.1
hDenV3/Colombia/un-CIET-00023/2006	2006	South America	Colombia		III	3III_C.1
hDenV3/Colombia/un-CIET-00014/2005	2005	South America	Colombia		III	3III_C.1
hDenV3/Colombia/un-CIET-00022/2002	2002	South America	Colombia		III	3III_C.1
hDenV3/Colombia/un-CIET-00008/2003	2003	South America	Colombia		III	3III_C.1
hDenV3/Colombia/un-CIET-00020/2005	2005	South America	Colombia		III	3III_C.2
hDenV3/Colombia/un-UWM-7370/2006	2006	South America	Colombia		III	3III_C.2
hDenV3/Colombia/un-UWM-5952/2003	2003	South America	Colombia		III	3III_C.1
hDenV3/Colombia/un-UWM-28888/2006	2006	South America	Colombia		III	3III_C.1
hDenV3/Colombia/un-UWM-2836/2003	2003	South America	Colombia		III	3III_C.2
hDenV3/Colombia/un-UWM-2731/2007	2007	South America	Colombia		III	3III_C.2
hDenV3/Colombia/un-UWM-JAC/2009	2009	South America	Colombia		III	3III_C.2
hDenV3/Colombia/un-UWM-2754/2007	2007	South America	Colombia		III	3III_C.2
hDenV3/Colombia/un-UWM-6003/2007	2007	South America	Colombia		III	3III_C.1
hDenV3/Colombia/un-UWM-5379/2003	2003	South America	Colombia		III	3III_C.1
hDenV3/Colombia/un-UWM-12363/2005	2005	South America	Colombia		III	3III_C.2
hDenV3/Colombia/SAN-BROAD-2978/2001	2001	South America	Colombia	Santander	III	3III_C.1
hDenV3/Colombia/un-OUCRU-605/2013	2013	South America	Colombia		III	3III_C.2
hDenV3/Colombia/un-OUCRU-603/2012	2012	South America	Colombia		III	3III_C.2
hDenV3/Colombia/un-INS-449255/2015	2015-06-30	South America	Colombia		III	3III_C.2
hDenV3/Colombia/un-INS-449241/2015	2015-08-17	South America	Colombia		III	3III_C.1
hDenV3/Colombia/un-INS-449334/2015	2015-08-21	South America	Colombia		III	3III_C.1
hDenV3/Colombia/RIS-INS-449499/2015	2015	South America	Colombia	Risaralda	III	3III_C.1
hDenV3/Colombia/RIS-INS-449683/2015	2015-09-05	South America	Colombia	Risaralda	III	3III_C.2
hDenV3/Colombia/RIS-INS-449959/2015	2015-09-15	South America	Colombia	Risaralda	III	3III_C.1
hDenV3/Colombia/CAS-INS-450397/2015	2015	South America	Colombia	Casanare	III	3III_C.2
hDenV3/Colombia/CAS-INS-458997/2015	2015	South America	Colombia	Casanare	III	3III_C.1
hDenV3/Colombia/RIS-INS-459860/2016	2016-01-21	South America	Colombia	Risaralda	III	3III_C.2
hDenV3/Colombia/RIS-INS-476944/2016	2016-04-26	South America	Colombia	Risaralda	III	3III_C.2
hDenV3/Colombia/RIS-INS-483948/2016	2016-07-20	South America	Colombia	Risaralda	III	3III_C.2
hDenV3/Colombia/un-INS-484832/2016	2016-08-05	South America	Colombia		III	3III_C.2
hDenV3/Colombia/RIS-INS-449326/2015	2015-08-27	South America	Colombia	Risaralda	III	3III_C.2
hDenV3/Colombia/un-Yale-DH163/2003	2003-01-01	South America	Colombia		III	3III_C.1
hDenV3/Colombia/VAC-LSPVAC-2306902/2023	2023-09-02	South America	Colombia	Valle del Cauca	III	3III_C.1
hDenV3/Colombia/VAC-LSPVAC-2306512/2023	2023-08-20	South America	Colombia	Valle del Cauca	III	3III_C.1
hDenV3/Colombia/VAC-LSPVAC-2306514/2023	2023-08-20	South America	Colombia	Valle del Cauca	III	3III_C.1
hDenV3/Colombia/VAC-LSPVAC-06323-VI/2023	2023-08-05	South America	Colombia	Valle del Cauca	III	3III_C.1
hDenV3/Colombia/VAC-LSPVAC-06340-VI/2023	2023-08-08	South America	Colombia	Valle del Cauca	III	3III_C.1
hDenV3/Colombia/VAC-LSPVAC-06515-VI/2023	2023-08-18	South America	Colombia	Valle del Cauca	III	3III_C.1
hDenV3/Colombia/VAC-LSPVAC-06576-VI/2023	2023-08-19	South America	Colombia	Valle del Cauca	III	3III_C.1
hDenV3/Colombia/VAC-LSPVAC-08356-2-VI/2023	2023-10-09	South America	Colombia	Valle del Cauca	III	3III_C.1
hDenV3/Colombia/VAC-LSPVAC-08627-2-VI/2023	2023-10-11	South America	Colombia	Valle del Cauca	III	3III_C.1
hDenV3/Colombia/VAC-LSPVAC-08706-2-VI/2023	2023-10-16	South America	Colombia	Valle del Cauca	III	3III_C.1
hDenV3/Colombia/VAC-LSPVAC-08766-2-VI/2023	2023-10-17	South America	Colombia	Valle del Cauca	III	3III_C.1
hDenV3/Colombia/VAC-LSPVAC-08909-2-VI/2023	2023-10-14	South America	Colombia	Valle del Cauca	III	3III_C.1
hDenV3/Colombia/VAC-LSPVAC-05877-VI/2023	2023-07-25	South America	Colombia	Valle del Cauca	III	3III_C.1
hDenV3/Colombia/VAC-LSPVAC-06427-VI/2023	2023-08-15	South America	Colombia	Valle del Cauca	III	3III_C.1
hDenV3/Colombia/VAC-LSPVAC-2400189/2024	2023-12-25	South America	Colombia	Valle del Cauca	III	3III_C.1
hDenV3/Colombia/VAC-LSPVAC-2401605/2024	2024-01-17	South America	Colombia	Valle del Cauca	III	3III_C.1
hDenV3/Colombia/VAC-LSPVAC-2401928/2024	2024-02-02	South America	Colombia	Valle del Cauca	III	3III_C.1
hDenV3/Colombia/VAC-LSPVAC-2402565/2024	2024-02-05	South America	Colombia	Valle del Cauca	III	3III_C.1
hDenV3/Colombia/VAC-LSPVAC-2402603/2024	2024-02-09	South America	Colombia	Valle del Cauca	III	3III_C.1
hDenV3/Colombia/VAC-LSPVAC-2402864/2024	2024-02-22	South America	Colombia	Valle del Cauca	III	3III_C.1
hDenV3/Colombia/VAC-LSPVAC-2404366/2024	2024-03-12	South America	Colombia	Valle del Cauca	III	3III_C.1
hDenV3/Colombia/VAC-LSPVAC-2404622/2024	2024-03-03	South America	Colombia	Valle del Cauca	III	3III_C.1
hDenV3/Colombia/VAC-LSPVAC-2404889/2024	2024-03-20	South America	Colombia	Valle del Cauca	III	3III_C.1
hDenV3/Colombia/VAC-LSPVAC-2405830/2024	2024-04-21	South America	Colombia	Valle del Cauca	III	3III_C.1
hDenV3/Colombia/un-Yale-DN02335/2023	2023-07-26	South America	Colombia		III	3III_C.1
hDenV3/Colombia/un-Yale-DN02576/2024	2024-03-03	South America	Colombia		III	3III_C.1
hDenV3/Colombia/un-Yale-DN02433/2023	2023-11-19	South America	Colombia		III	3III_C.1
hDenV3/Colombia/un-Yale-DN02322/2023	2023-04-24	South America	Colombia		III	3III_C.1
hDenV3/Colombia/un-Yale-DN02580/2024	2024-03-04	South America	Colombia		III	3III_C.1
hDenV3/Colombia/un-Yale-DN02396/2023	2023-09-30	South America	Colombia		III	3III_C.1
hDenV3/Colombia/un-Yale-DN02422/2023	2023-11-06	South America	Colombia		III	3III_C.1
hDenV3/Colombia/un-Yale-DN02369/2023	2023-09-02	South America	Colombia		III	3III_C.1
hDenV3/Colombia/un-Yale-DN02343/2023	2023-08-05	South America	Colombia		III	3III_C.1
hDenV3/Colombia/un-Yale-DN02415/2023	2023-10-21	South America	Colombia		III	3III_C.1
hDenV3/Colombia/un-Yale-DN02411/2023	2023-10-23	South America	Colombia		III	3III_C.1
hDenV3/Colombia/un-Yale-DN02341/2023	2023-08-02	South America	Colombia		III	3III_C.1
hDenV3/Colombia/un-Yale-DN02469/2023	2023-12-19	South America	Colombia		III	3III_C.1
hDenV3/Colombia/un-Yale-DN02462/2023	2023-12-16	South America	Colombia		III	3III_C.1
hDenV3/Colombia/un-Yale-DN02374/2023	2023-09-09	South America	Colombia		III	3III_C.1
hDenV3/Colombia/un-Yale-DN02477/2024	2024-01-03	South America	Colombia		III	3III_C.1
hDenV3/Colombia/un-Yale-DN02539/2024	2024-02-09	South America	Colombia		III	3III_C.1
hDenV3/Colombia/un-Yale-DN02586/2024	2024-03-05	South America	Colombia		III	3III_C.1
hDenV3/Colombia/un-Yale-DN02564/2024	2024-02-23	South America	Colombia		III	3III_C.1
hDenV3/Colombia/un-Yale-DN02514/2024	2024-01-29	South America	Colombia		III	3III_C.1
hDenV3/Colombia/un-Yale-DN02381/2023	2023-09-14	South America	Colombia		III	3III_C.1
hDenV3/Colombia/un-Yale-DN02502/2024	2024-01-16	South America	Colombia		III	3III_C.1
hDenV3/Colombia/un-Yale-DN02581/2024	2024-03-04	South America	Colombia		III	3III_C.1
hDenV3/Colombia/un-Yale-DN02583/2024	2024-03-05	South America	Colombia		III	3III_C.1
hDenV3/Colombia/un-Yale-DN02464/2023	2023-12-18	South America	Colombia		III	3III_C.1
hDenV3/Colombia/un-Yale-DN02344/2023	2023-08-05	South America	Colombia		III	3III_C.1
hDenV3/Colombia/un-Yale-DN02561/2024	2024-02-19	South America	Colombia		III	3III_C.1
hDenV3/Colombia/VAC-LSPVAC-2405862-VI/2024	2024-04-19	South America	Colombia	Valle del Cauca	III	3III_C.1
hDenV3/Colombia/VAC-LSPVAC-2406948-VI/2024	2024-05-13	South America	Colombia	Valle del Cauca	III	3III_C.1
hDenV3/Colombia/VAC-LSPVAC-2406989-VI/2024	2024-04-29	South America	Colombia	Valle del Cauca	III	3III_C.1
hDenV3/Colombia/VAC-LSPVAC-2407187-VI/2024	2024-05-10	South America	Colombia	Valle del Cauca	III	3III_C.1
hDenV3/Colombia/VAC-LSPVAC-2407349-VI/2024	2024-05-29	South America	Colombia	Valle del Cauca	III	3III_C.1
hDenV3/Colombia/VAC-LSPVAC-2407446-VI/2024	2024-05-08	South America	Colombia	Valle del Cauca	III	3III_C.1
hDenV3/Colombia/VAC-LSPVAC-2407449-VI/2024	2024-05-13	South America	Colombia	Valle del Cauca	III	3III_C.1
hDenV3/Colombia/VAC-LSPVAC-2407697-VI/2024	2024-05-29	South America	Colombia	Valle del Cauca	III	3III_C.1
hDenV3/Colombia/VAC-LSPVAC-2407990-VI/2024	2024-06-11	South America	Colombia	Valle del Cauca	III	3III_C.1
hDenV3/Colombia/un-Yale-DN02852/2024	2024-07-18	South America	Colombia		III	3III_C.1
hDenV3/Colombia/un-Yale-DN02850/2024	2024-07-10	South America	Colombia		III	3III_C.1
hDenV3/Colombia/un-Yale-DN02848/2024	2024-07-13	South America	Colombia		III	3III_C.1
hDenV3/Colombia/un-Yale-DN02824/2024	2024-06-17	South America	Colombia		III	3III_C.1
hDenV3/Colombia/un-Yale-DN02819/2024	2024-06-13	South America	Colombia		III	3III_C.1
hDenV3/Colombia/un-Yale-DN02798/2024	2024-05-27	South America	Colombia		III	3III_C.1
hDenV3/Colombia/un-Yale-DN02785/2024	2024-05-19	South America	Colombia		III	3III_C.1
hDenV3/Colombia/un-Yale-DN02783/2024	2024-05-20	South America	Colombia		III	3III_C.1
hDenV3/Colombia/un-Yale-DN02782/2024	2024-05-17	South America	Colombia		III	3III_C.1
hDenV3/Colombia/un-Yale-DN02780/2024	2024-05-15	South America	Colombia		III	3III_C.1
hDenV3/Colombia/un-Yale-DN02774/2024	2024-05-12	South America	Colombia		III	3III_C.1
hDenV3/Colombia/un-Yale-DN02773/2024	2024-05-13	South America	Colombia		III	3III_C.1
hDenV3/Colombia/un-Yale-DN02760/2024	2024-05-02	South America	Colombia		III	3III_C.1
hDenV3/Colombia/un-Yale-DN02716/2024	2024-03-28	South America	Colombia		III	3III_C.1
hDenV3/Colombia/un-Yale-DN02694/2024	2024-03-14	South America	Colombia		III	3III_C.1
hDenV3/Colombia/CUN-UEB-007/2014	2014-02-09	South America	Colombia	Cundinamarca	III	3III_C.2
hDenV3/Colombia/VAC-LSPVAC-20240920-1033-VIG/2024	2024-09-10	South America	Colombia	Valle del Cauca	III	3III_C.1
hDenV3/Colombia/VID-UEB-010/2023	2023-07	South America	Colombia	Vichada	III	3III_C.1
hDenV3/Colombia/un-HCB-3123670/2016	2016-02-10	South America	Colombia		III	3III_C.2
hDenV3/Colombia/un-FNSP-34190768/2007	2007-02-02	South America	Colombia		III	3III_C.1
hDenV3/Colombia/un-FNSP-34540776/2007	2007-02-02	South America	Colombia		III	3III_C.2
hDenV3/Colombia/un-FNSP-49430675/2006	2006-02-17	South America	Colombia		III	3III_C.2
hDenV3/Colombia/un-FNSP-38320677/2006	2006-02-07	South America	Colombia		III	3III_C.2
hDenV3/Colombia/un-FNSP-182060578/2005	2005-05-18	South America	Colombia		III	3III_C.2
hDenV3/Colombia/un-FNSP-312330474/2004	2004-12-06	South America	Colombia		III	3III_C.2
hDenV3/Colombia/un-FNSP-223790472/2004	2004-09-15	South America	Colombia		III	3III_C.1
hDenV3/Colombia/un-FNSP-110490373/2003	2003-08-21	South America	Colombia		III	3III_C.2
hDenV3/Colombia/un-FNSP-52920369/2003	2003-04-21	South America	Colombia		III	3III_C.1
hDenV3/Colombia/un-FNSP-164070271/2002	2002-08-29	South America	Colombia		III	3III_C.1
hDenV3/Colombia/un-FNSP-158590270/2002	2002-08-21	South America	Colombia		III	3III_C.1
hDenV3/Colombia/NSA-UIDS-291/2015	2015-05	South America	Colombia	Norte de Santander	III	3III_C.2
hDenV3/Colombia/NSA-UIDS-292/2014	2014-10	South America	Colombia	Norte de Santander	III	3III_C.2
hDenV3/Colombia/NSA-UIDS-304/2007	2007-02	South America	Colombia	Norte de Santander	III	3III_C.2
hDenV3/Colombia/NSA-UIDS-303/2007	2007-02	South America	Colombia	Norte de Santander	III	3III_C.1
hDenV3/Colombia/NSA-UIDS-302/2007	2007-05	South America	Colombia	Norte de Santander	III	3III_C.1
hDenV3/Colombia/NSA-UIDS-310/2010	2010-04	South America	Colombia	Norte de Santander	III	3III_C.2
hDenV3/Colombia/NSA-UIDS-311/2010	2010-03	South America	Colombia	Norte de Santander	III	3III_C.2
hDenV3/Colombia/NSA-UIDS-312/2010	2010-01	South America	Colombia	Norte de Santander	III	3III_C.2
hDenV3/Colombia/NSA-UIDS-306/2009	2009-08	South America	Colombia	Norte de Santander	III	3III_C.2
hDenV3/Colombia/NSA-UIDS-294/2002	2002-04	South America	Colombia	Norte de Santander	III	3III_C.1
hDenV3/Colombia/NSA-UIDS-315/2010	2010-09	South America	Colombia	Norte de Santander	III	3III_C.2
hDenV3/Colombia/NSA-UIDS-314/2010	2010-07	South America	Colombia	Norte de Santander	III	3III_C.1
hDenV3/Colombia/NSA-UIDS-316/2010	2010-06	South America	Colombia	Norte de Santander	III	3III_C.1
hDenV3/Colombia/NSA-UIDS-317/2010	2010-04	South America	Colombia	Norte de Santander	III	3III_C.2
hDenV3/Colombia/NSA-UIDS-318/2010	2010-03	South America	Colombia	Norte de Santander	III	3III_C.2
hDenV3/Colombia/NSA-UIDS-319/2010	2010-02	South America	Colombia	Norte de Santander	III	3III_C.2
hDenV3/Colombia/NSA-UIDS-308/2009	2009-09	South America	Colombia	Norte de Santander	III	3III_C.2
hDenV3/Colombia/NSA-UIDS-307/2009	2009-05	South America	Colombia	Norte de Santander	III	3III_C.1
hDenV3/Colombia/NSA-UIDS-309/2010	2010-10	South America	Colombia	Norte de Santander	III	3III_C.2
hDenV3/Colombia/NSA-UIDS-313/2010	2010-02	South America	Colombia	Norte de Santander	III	3III_C.2
hDenV3/Colombia/NSA-UIDS-305/2008	2008-05	South America	Colombia	Norte de Santander	III	3III_C.2
hDenV3/Colombia/NSA-UIDS-293/2002	2002-07	South America	Colombia	Norte de Santander	III	3III_C.1
hDenV3/Colombia/NSA-UIDS-295/2002	2002-03	South America	Colombia	Norte de Santander	III	3III_C.1
hDenV3/Colombia/NSA-UIDS-296/2003	2003-12	South America	Colombia	Norte de Santander	III	3III_C.1
hDenV3/Colombia/NSA-UIDS-297/2003	2003-08	South America	Colombia	Norte de Santander	III	3III_C.1
hDenV3/Colombia/NSA-UIDS-298/2003	2003-08	South America	Colombia	Norte de Santander	III	3III_C.1
hDenV3/Colombia/NSA-UIDS-299/2003	2003-08	South America	Colombia	Norte de Santander	III	3III_C.1
hDenV3/Colombia/NSA-UIDS-300/2003	2003-08	South America	Colombia	Norte de Santander	III	3III_C.1
hDenV3/Colombia/NSA-UIDS-301/2003	2003-07	South America	Colombia	Norte de Santander	III	3III_C.1
hDenV3/Colombia/NSA-UIDS-562/2015	2015-04	South America	Colombia	Norte de Santander	III	3III_C.2
hDenV3/Colombia/NSA-UIDS-561/2015	2015-03	South America	Colombia	Norte de Santander	III	3III_C.1
hDenV3/Colombia/NSA-UIDS-563/2014	2014-08	South America	Colombia	Norte de Santander	III	3III_C.2
hDenV3/Colombia/NSA-UIDS-564/2014	2014-07	South America	Colombia	Norte de Santander	III	3III_C.1
hDenV3/Colombia/ANT-UIDS-1080215/2015	2015-06	South America	Colombia	Bolivar	III	3III_C.2
hDenV3/Colombia/un-CNIH-476947/2016	2016-04-16	South America	Colombia		III	3III_C.2
hDenV3/Colombia/un-CNIH-449686/2015	2015-09-15	South America	Colombia		III	3III_C.1
hDenV3/Colombia/un-CNIH-449982/2015	2015-09-07	South America	Colombia		III	3III_C.1
hDenV3/Colombia/un-CNIH-449335/2015	2015-08-23	South America	Colombia		III	3III_C.2
hDenV3/Colombia/SUC-UDS-Cz19583/2013	2013-10-21	South America	Colombia	Sucre	III	3III_C.2
hDenV3/Colombia/SUC-UDS-Si36585/2013	2013-09-01	South America	Colombia	Sucre	III	3III_C.2
hDenV3/Colombia/SUC-UDS-Cz08584/2013	2013-07-20	South America	Colombia	Sucre	III	3III_C.2
hDenV3/Colombia/ANT-UDS-0267594/2014	2014-01-21	South America	Colombia	Antioquia	III	3III_C.2
hDenV3/Colombia/ANT-UDS-0757593/2013	2013-11-27	South America	Colombia	Antioquia	III	3III_C.2
hDenV3/Colombia/ANT-UDS-0758592/2013	2013-11-25	South America	Colombia	Antioquia	III	3III_C.2
hDenV3/Colombia/ANT-UDS-0751591/2013	2013-10-25	South America	Colombia	Antioquia	III	3III_C.1
hDenV3/Colombia/ANT-UDS-0221590/2013	2013-06-05	South America	Colombia	Antioquia	III	3III_C.2
hDenV3/Colombia/ANT-UDS-0690589/2013	2013-03-15	South America	Colombia	Antioquia	III	3III_C.2
hDenV3/Colombia/ANT-UDS-0671588/2012	2012-12-18	South America	Colombia	Antioquia	III	3III_C.2
hDenV3/Colombia/ANT-UDS-0109587/2012	2012-08-31	South America	Colombia	Antioquia	III	3III_C.2
strain	date	country	genotype	accession	extra
DENV3/THAILAND/2001/00005/01	2001-01-01	THAILAND	DENV3	00005	01
DENV3/THAILAND/2011/00007/11	2011-01-01	THAILAND	DENV3	00007	11
DENV3/THAILAND/2006/00008/06	2006-01-01	THAILAND	DENV3	00008	06
DENV3/THAILAND/2012/00008/12	2012-01-01	THAILAND	DENV3	00008	12
DENV3/THAILAND/2001/00009/01	2001-01-01	THAILAND	DENV3	00009	01
DENV3/THAILAND/1996/00011/96	1996-01-01	THAILAND	DENV3	00011	96
DENV3/THAILAND/2006/00018/06	2006-01-01	THAILAND	DENV3	00018	06
DENV3/THAILAND/2001/00023/01	2001-01-01	THAILAND	DENV3	00023	01
DENV3/THAILAND/1995/00031/95	1995-01-01	THAILAND	DENV3	00031	95
DENV3/THAILAND/1996/00037/96	1996-01-01	THAILAND	DENV3	00037	96
DENV3/THAILAND/2004/00055/04	2004-01-01	THAILAND	DENV3	00055	04
DENV3/THAILAND/2002/00059/02	2002-01-01	THAILAND	DENV3	00059	02
DENV3/THAILAND/2013/00065/13	2013-01-01	THAILAND	DENV3	00065	13
DENV3/THAILAND/2003/00072/03	2003-01-01	THAILAND	DENV3	00072	03
DENV3/THAILAND/2002/00073/02	2002-01-01	THAILAND	DENV3	00073	02
DENV3/THAILAND/2010/00075/10	2010-01-01	THAILAND	DENV3	00075	10
DENV3/THAILAND/1995/00081/95	1995-01-01	THAILAND	DENV3	00081	95
DENV3/THAILAND/2012/00088/12	2012-01-01	THAILAND	DENV3	00088	12
DENV3/THAILAND/1994/00092/94	1994-01-01	THAILAND	DENV3	00092	94
DENV3/THAILAND/1994/00098/94	1994-01-01	THAILAND	DENV3	00098	94
DENV3/THAILAND/2002/00104/02	2002-01-01	THAILAND	DENV3	00104	02
DENV3/THAILAND/2011/00106/11	2011-01-01	THAILAND	DENV3	00106	11
DENV3/THAILAND/2006/00112/06	2006-01-01	THAILAND	DENV3	00112	06
DENV3/THAILAND/1994/00125/94	1994-01-01	THAILAND	DENV3	00125	94
DENV3/THAILAND/1994/00128/94	1994-01-01	THAILAND	DENV3	00128	94
DENV3/THAILAND/1994/00130/94	1994-01-01	THAILAND	DENV3	00130	94
DENV3/THAILAND/2002/00142/02	2002-01-01	THAILAND	DENV3	00142	02
DENV3/THAILAND/2002/00145/02	2002-01-01	THAILAND	DENV3	00145	02
DENV3/THAILAND/2014/00146/14	2014-01-01	THAILAND	DENV3	00146	14
DENV3/THAILAND/2001/00152/01	2001-01-01	THAILAND	DENV3	00152	01
DENV3/THAILAND/2006/00156/06	2006-01-01	THAILAND	DENV3	00156	06
DENV3/THAILAND/2005/00159/05	2005-01-01	THAILAND	DENV3	00159	05
DENV3/THAILAND/1999/00165/99	1999-01-01	THAILAND	DENV3	00165	99
DENV3/THAILAND/1998/00190/98	1998-01-01	THAILAND	DENV3	00190	98
DENV3/THAILAND/2011/00209/11	2011-01-01	THAILAND	DENV3	00209	11
DENV3/THAILAND/2000/00245/00	2000-01-01	THAILAND	DENV3	00245	00
DENV3/THAILAND/2000/00246/00	2000-01-01	THAILAND	DENV3	00246	00
DENV3/THAILAND/1995/00247/95	1995-01-01	THAILAND	DENV3	00247	95
DENV3/THAILAND/2006/00253/06	2006-01-01	THAILAND	DENV3	00253	06
DENV3/THAILAND/1994/00255/94	1994-01-01	THAILAND	DENV3	00255	94
DENV3/THAILAND/2012/00266/12	2012-01-01	THAILAND	DENV3	00266	12
DENV3/THAILAND/2001/00273/01	2001-01-01	THAILAND	DENV3	00273	01
DENV3/THAILAND/2006/00288/06	2006-01-01	THAILAND	DENV3	00288	06
DENV3/THAILAND/2006/00293/06	2006-01-01	THAILAND	DENV3	00293	06
DENV3/THAILAND/2006/00295/06	2006-01-01	THAILAND	DENV3	00295	06
DENV3/THAILAND/2003/00317/03	2003-01-01	THAILAND	DENV3	00317	03
DENV3/THAILAND/2004/00317/04	2004-01-01	THAILAND	DENV3	00317	04
DENV3/THAILAND/1998/00317/98	1998-01-01	THAILAND	DENV3	00317	98
DENV3/THAILAND/2011/00323/11	2011-01-01	THAILAND	DENV3	00323	11
DENV3/THAILAND/2000/00329/00	2000-01-01	THAILAND	DENV3	00329	00
DENV3/THAILAND/2000/00334/00	2000-01-01	THAILAND	DENV3	00334	00
DENV3/THAILAND/1999/00342/99	1999-01-01	THAILAND	DENV3	00342	99
DENV3/THAILAND/1995/00344/95	1995-01-01	THAILAND	DENV3	00344	95
DENV3/THAILAND/2012/00368/12	2012-01-01	THAILAND	DENV3	00368	12
DENV3/THAILAND/2006/00372/06	2006-01-01	THAILAND	DENV3	00372	06
DENV3/THAILAND/1995/00422/95	1995-01-01	THAILAND	DENV3	00422	95
DENV3/THAILAND/2002/00430/02	2002-01-01	THAILAND	DENV3	00430	02
DENV3/THAILAND/2014/00432/14	2014-01-01	THAILAND	DENV3	00432	14
DENV3/THAILAND/2004/00441/04	2004-01-01	THAILAND	DENV3	00441	04
DENV3/THAILAND/2002/00452/02	2002-01-01	THAILAND	DENV3	00452	02
DENV3/THAILAND/2006/00460/06	2006-01-01	THAILAND	DENV3	00460	06
DENV3/THAILAND/2003/00466/03	2003-01-01	THAILAND	DENV3	00466	03
DENV3/THAILAND/1997/00495/97	1997-01-01	THAILAND	DENV3	00495	97
DENV3/THAILAND/2011/00497/11	2011-01-01	THAILAND	DENV3	00497	11
DENV3/THAILAND/2002/00501/02	2002-01-01	THAILAND	DENV3	00501	02
DENV3/THAILAND/2002/00503/02	2002-01-01	THAILAND	DENV3	00503	02
DENV3/THAILAND/2011/00507/11	2011-01-01	THAILAND	DENV3	00507	11
DENV3/THAILAND/2014/00507/14	2014-01-01	THAILAND	DENV3	00507	14
DENV3/THAILAND/2011/00509/11	2011-01-01	THAILAND	DENV3	00509	11
DENV3/THAILAND/1994/00515/94	1994-01-01	THAILAND	DENV3	00515	94
DENV3/THAILAND/2012/00519/12	2012-01-01	THAILAND	DENV3	00519	12
DENV3/THAILAND/1995/00520/95	1995-01-01	THAILAND	DENV3	00520	95
DENV3/THAILAND/2014/00521/14	2014-01-01	THAILAND	DENV3	00521	14
DENV3/THAILAND/2003/00523/03	2003-01-01	THAILAND	DENV3	00523	03
DENV3/THAILAND/1995/00530/95	1995-01-01	THAILAND	DENV3	00530	95
DENV3/THAILAND/2002/00536/02	2002-01-01	THAILAND	DENV3	00536	02
DENV3/THAILAND/2011/00541/11	2011-01-01	THAILAND	DENV3	00541	11
DENV3/THAILAND/1995/00541/95	1995-01-01	THAILAND	DENV3	00541	95
DENV3/THAILAND/2014/00542/14	2014-01-01	THAILAND	DENV3	00542	14
DENV3/THAILAND/2011/00544/11	2011-01-01	THAILAND	DENV3	00544	11
DENV3/THAILAND/2006/00557/06	2006-01-01	THAILAND	DENV3	00557	06
DENV3/THAILAND/1999/00557/99	1999-01-01	THAILAND	DENV3	00557	99
DENV3/THAILAND/2014/00560/14	2014-01-01	THAILAND	DENV3	00560	14
DENV3/THAILAND/2003/00566/03	2003-01-01	THAILAND	DENV3	00566	03
DENV3/THAILAND/2003/00567/03	2003-01-01	THAILAND	DENV3	00567	03
DENV3/THAILAND/2003/00576/03	2003-01-01	THAILAND	DENV3	00576	03
DENV3/THAILAND/2006/00583/06	2006-01-01	THAILAND	DENV3	00583	06
DENV3/THAILAND/2006/00588/06	2006-01-01	THAILAND	DENV3	00588	06
DENV3/THAILAND/1998/00596/98	1998-01-01	THAILAND	DENV3	00596	98
DENV3/THAILAND/2004/00602/04	2004-01-01	THAILAND	DENV3	00602	04
DENV3/THAILAND/2012/00608/12	2012-01-01	THAILAND	DENV3	00608	12
DENV3/THAILAND/1995/00617/95	1995-01-01	THAILAND	DENV3	00617	95
DENV3/THAILAND/2006/00618/06	2006-01-01	THAILAND	DENV3	00618	06
DENV3/THAILAND/1995/00631/95	1995-01-01	THAILAND	DENV3	00631	95
DENV3/THAILAND/2006/00633/06	2006-01-01	THAILAND	DENV3	00633	06
DENV3/THAILAND/1998/00637/98	1998-01-01	THAILAND	DENV3	00637	98
DENV3/THAILAND/2012/00638/12	2012-01-01	THAILAND	DENV3	00638	12
DENV3/THAILAND/2012/00639/12	2012-01-01	THAILAND	DENV3	00639	12
DENV3/THAILAND/2006/00651/06	2006-01-01	THAILAND	DENV3	00651	06
DENV3/THAILAND/2005/00654/05	2005-01-01	THAILAND	DENV3	00654	05
DENV3/THAILAND/2014/00654/14	2014-01-01	THAILAND	DENV3	00654	14
DENV3/THAILAND/1995/00657/95	1995-01-01	THAILAND	DENV3	00657	95
DENV3/THAILAND/2003/00664/03	2003-01-01	THAILAND	DENV3	00664	03
DENV3/THAILAND/2002/00669/02	2002-01-01	THAILAND	DENV3	00669	02
DENV3/THAILAND/2006/00676/06	2006-01-01	THAILAND	DENV3	00676	06
DENV3/THAILAND/2001/00679/01	2001-01-01	THAILAND	DENV3	00679	01
DENV3/THAILAND/2014/00688/14	2014-01-01	THAILAND	DENV3	00688	14
DENV3/THAILAND/1998/00688/98	1998-01-01	THAILAND	DENV3	00688	98
DENV3/THAILAND/2013/00693/13	2013-01-01	THAILAND	DENV3	00693	13
DENV3/THAILAND/2013/00695/13	2013-01-01	THAILAND	DENV3	00695	13
DENV3/THAILAND/2009/00702/09	2009-01-01	THAILAND	DENV3	00702	09
DENV3/THAILAND/2014/00705/14	2014-01-01	THAILAND	DENV3	00705	14
DENV3/THAILAND/1994/00705/94	1994-01-01	THAILAND	DENV3	00705	94
DENV3/THAILAND/2002/00706/02	2002-01-01	THAILAND	DENV3	00706	02
DENV3/THAILAND/2003/00708/03	2003-01-01	THAILAND	DENV3	00708	03
DENV3/THAILAND/2006/00708/06	2006-01-01	THAILAND	DENV3	00708	06
DENV3/THAILAND/2013/00709/13	2013-01-01	THAILAND	DENV3	00709	13
DENV3/THAILAND/2006/00710/06	2006-01-01	THAILAND	DENV3	00710	06
DENV3/THAILAND/2014/00710/14	2014-01-01	THAILAND	DENV3	00710	14
DENV3/THAILAND/2013/00715/13	2013-01-01	THAILAND	DENV3	00715	13
DENV3/THAILAND/1994/00715/94	1994-01-01	THAILAND	DENV3	00715	94
DENV3/THAILAND/2006/00717/06	2006-01-01	THAILAND	DENV3	00717	06
DENV3/THAILAND/2013/00731/13	2013-01-01	THAILAND	DENV3	00731	13
DENV3/THAILAND/2005/00739/05	2005-01-01	THAILAND	DENV3	00739	05
DENV3/THAILAND/2014/00739/14	2014-01-01	THAILAND	DENV3	00739	14
DENV3/THAILAND/2002/00748/02	2002-01-01	THAILAND	DENV3	00748	02
DENV3/THAILAND/2012/00749/12	2012-01-01	THAILAND	DENV3	00749	12
DENV3/THAILAND/2014/00749/14	2014-01-01	THAILAND	DENV3	00749	14
DENV3/THAILAND/1996/00753/96	1996-01-01	THAILAND	DENV3	00753	96
DENV3/THAILAND/2014/00759/14	2014-01-01	THAILAND	DENV3	00759	14
DENV3/THAILAND/2002/00767/02	2002-01-01	THAILAND	DENV3	00767	02
DENV3/THAILAND/1995/00772/95	1995-01-01	THAILAND	DENV3	00772	95
DENV3/THAILAND/2006/00778/06	2006-01-01	THAILAND	DENV3	00778	06
DENV3/THAILAND/2001/00779/01	2001-01-01	THAILAND	DENV3	00779	01
DENV3/THAILAND/1995/00780/95	1995-01-01	THAILAND	DENV3	00780	95
DENV3/THAILAND/2012/00798/12	2012-01-01	THAILAND	DENV3	00798	12
DENV3/THAILAND/1994/00800/94	1994-01-01	THAILAND	DENV3	00800	94
DENV3/THAILAND/2005/00806/05	2005-01-01	THAILAND	DENV3	00806	05
DENV3/THAILAND/2013/00807/13	2013-01-01	THAILAND	DENV3	00807	13
DENV3/THAILAND/2012/00817/12	2012-01-01	THAILAND	DENV3	00817	12
DENV3/THAILAND/2006/00819/06	2006-01-01	THAILAND	DENV3	00819	06
DENV3/THAILAND/2006/00831/06	2006-01-01	THAILAND	DENV3	00831	06
DENV3/THAILAND/1994/00831/94	1994-01-01	THAILAND	DENV3	00831	94
DENV3/THAILAND/2012/00833/12	2012-01-01	THAILAND	DENV3	00833	12
DENV3/THAILAND/1996/00833/96	1996-01-01	THAILAND	DENV3	00833	96
DENV3/THAILAND/2011/00838/11	2011-01-01	THAILAND	DENV3	00838	11
DENV3/THAILAND/2011/00842/11	2011-01-01	THAILAND	DENV3	00842	11
DENV3/THAILAND/2005/00846/05	2005-01-01	THAILAND	DENV3	00846	05
DENV3/THAILAND/2005/00852/05	2005-01-01	THAILAND	DENV3	00852	05
DENV3/THAILAND/2005/00872/05	2005-01-01	THAILAND	DENV3	00872	05
DENV3/THAILAND/2003/00873/03	2003-01-01	THAILAND	DENV3	00873	03
DENV3/THAILAND/1994/00907/94	1994-01-01	THAILAND	DENV3	00907	94
DENV3/THAILAND/2013/00910/13	2013-01-01	THAILAND	DENV3	00910	13
DENV3/THAILAND/2013/00912/13	2013-01-01	THAILAND	DENV3	00912	13
DENV3/THAILAND/1994/00913/94	1994-01-01	THAILAND	DENV3	00913	94
DENV3/THAILAND/2011/00923/11	2011-01-01	THAILAND	DENV3	00923	11
DENV3/THAILAND/2001/00929/01	2001-01-01	THAILAND	DENV3	00929	01
DENV3/THAILAND/2001/00936/01	2001-01-01	THAILAND	DENV3	00936	01
DENV3/THAILAND/1994/00950/94	1994-01-01	THAILAND	DENV3	00950	94
DENV3/THAILAND/2013/00957/13	2013-01-01	THAILAND	DENV3	00957	13
DENV3/THAILAND/1995/00965/95	1995-01-01	THAILAND	DENV3	00965	95
DENV3/THAILAND/2001/00975/01	2001-01-01	THAILAND	DENV3	00975	01
DENV3/THAILAND/1996/00975/96	1996-01-01	THAILAND	DENV3	00975	96
DENV3/THAILAND/2004/00979/04	2004-01-01	THAILAND	DENV3	00979	04
DENV3/THAILAND/2005/00980/05	2005-01-01	THAILAND	DENV3	00980	05
DENV3/THAILAND/2001/00984/01	2001-01-01	THAILAND	DENV3	00984	01
DENV3/THAILAND/2004/00991/04	2004-01-01	THAILAND	DENV3	00991	04
DENV3/THAILAND/2006/00997/06	2006-01-01	THAILAND	DENV3	00997	06
DENV3/THAILAND/2012/00999/12	2012-01-01	THAILAND	DENV3	00999	12
DENV3/THAILAND/2001/01022/01	2001-01-01	THAILAND	DENV3	01022	01
DENV3/THAILAND/2010/01029/10	2010-01-01	THAILAND	DENV3	01029	10
DENV3/THAILAND/2011/01035/11	2011-01-01	THAILAND	DENV3	01035	11
DENV3/THAILAND/1996/01037/96	1996-01-01	THAILAND	DENV3	01037	96
DENV3/THAILAND/2006/01041/06	2006-01-01	THAILAND	DENV3	01041	06
DENV3/THAILAND/1995/01042/95	1995-01-01	THAILAND	DENV3	01042	95
DENV3/THAILAND/2006/01045/06	2006-01-01	THAILAND	DENV3	01045	06
DENV3/THAILAND/2006/01062/06	2006-01-01	THAILAND	DENV3	01062	06
DENV3/THAILAND/2006/01067/06	2006-01-01	THAILAND	DENV3	01067	06
DENV3/THAILAND/2003/01085/03	2003-01-01	THAILAND	DENV3	01085	03
DENV3/THAILAND/2012/01094/12	2012-01-01	THAILAND	DENV3	01094	12
DENV3/THAILAND/1994/01096/94	1994-01-01	THAILAND	DENV3	01096	94
DENV3/THAILAND/2012/01106/12	2012-01-01	THAILAND	DENV3	01106	12
DENV3/THAILAND/2006/01128/06	2006-01-01	THAILAND	DENV3	01128	06
DENV3/THAILAND/2012/01131/12	2012-01-01	THAILAND	DENV3	01131	12
DENV3/THAILAND/2004/01144/04	2004-01-01	THAILAND	DENV3	01144	04
DENV3/THAILAND/1994/01146/94	1994-01-01	THAILAND	DENV3	01146	94
DENV3/THAILAND/2002/01166/02	2002-01-01	THAILAND	DENV3	01166	02
DENV3/THAILAND/1996/01171/96	1996-01-01	THAILAND	DENV3	01171	96
DENV3/THAILAND/2006/01177/06	2006-01-01	THAILAND	DENV3	01177	06
DENV3/THAILAND/1995/01179/95	1995-01-01	THAILAND	DENV3	01179	95
DENV3/THAILAND/2002/01182/02	2002-01-01	THAILAND	DENV3	01182	02
DENV3/THAILAND/2004/01184/04	2004-01-01	THAILAND	DENV3	01184	04
DENV3/THAILAND/1999/01187/99	1999-01-01	THAILAND	DENV3	01187	99
DENV3/THAILAND/2009/01231/09	2009-01-01	THAILAND	DENV3	01231	09
DENV3/THAILAND/1996/01245/96	1996-01-01	THAILAND	DENV3	01245	96
DENV3/THAILAND/1996/01249/96	1996-01-01	THAILAND	DENV3	01249	96
DENV3/THAILAND/1998/01250/98	1998-01-01	THAILAND	DENV3	01250	98
DENV3/THAILAND/2006/01251/06	2006-01-01	THAILAND	DENV3	01251	06
DENV3/THAILAND/2006/01253/06	2006-01-01	THAILAND	DENV3	01253	06
DENV3/THAILAND/2006/01257/06	2006-01-01	THAILAND	DENV3	01257	06
DENV3/THAILAND/1995/01260/95	1995-01-01	THAILAND	DENV3	01260	95
DENV3/THAILAND/2002/01262/02	2002-01-01	THAILAND	DENV3	01262	02
DENV3/THAILAND/2006/01262/06	2006-01-01	THAILAND	DENV3	01262	06
DENV3/THAILAND/2002/01263/02	2002-01-01	THAILAND	DENV3	01263	02
DENV3/THAILAND/2006/01276/06	2006-01-01	THAILAND	DENV3	01276	06
DENV3/THAILAND/2011/01278/11	2011-01-01	THAILAND	DENV3	01278	11
DENV3/THAILAND/2006/01284/06	2006-01-01	THAILAND	DENV3	01284	06
DENV3/THAILAND/2006/01285/06	2006-01-01	THAILAND	DENV3	01285	06
DENV3/THAILAND/1998/01293/98	1998-01-01	THAILAND	DENV3	01293	98
DENV3/THAILAND/1995/01296/95	1995-01-01	THAILAND	DENV3	01296	95
DENV3/THAILAND/2002/01300/02	2002-01-01	THAILAND	DENV3	01300	02
DENV3/THAILAND/1994/01311/94	1994-01-01	THAILAND	DENV3	01311	94
DENV3/THAILAND/2002/01313/02	2002-01-01	THAILAND	DENV3	01313	02
DENV3/THAILAND/1995/01317/95	1995-01-01	THAILAND	DENV3	01317	95
DENV3/THAILAND/1996/01318/96	1996-01-01	THAILAND	DENV3	01318	96
DENV3/THAILAND/2000/01330/00	2000-01-01	THAILAND	DENV3	01330	00
DENV3/THAILAND/2006/01333/06	2006-01-01	THAILAND	DENV3	01333	06
DENV3/THAILAND/1998/01335/98	1998-01-01	THAILAND	DENV3	01335	98
DENV3/THAILAND/2011/01363/11	2011-01-01	THAILAND	DENV3	01363	11
DENV3/THAILAND/1995/01367/95	1995-01-01	THAILAND	DENV3	01367	95
DENV3/THAILAND/2006/01369/06	2006-01-01	THAILAND	DENV3	01369	06
DENV3/THAILAND/2006/01372/06	2006-01-01	THAILAND	DENV3	01372	06
DENV3/THAILAND/2006/01373/06	2006-01-01	THAILAND	DENV3	01373	06
DENV3/THAILAND/2006/01375/06	2006-01-01	THAILAND	DENV3	01375	06
DENV3/THAILAND/2010/01378/10	2010-01-01	THAILAND	DENV3	01378	10
DENV3/THAILAND/2006/01379/06	2006-01-01	THAILAND	DENV3	01379	06
DENV3/THAILAND/2010/01385/10	2010-01-01	THAILAND	DENV3	01385	10
DENV3/THAILAND/2005/01387/05	2005-01-01	THAILAND	DENV3	01387	05
DENV3/THAILAND/1994/01388/94	1994-01-01	THAILAND	DENV3	01388	94
DENV3/THAILAND/2003/01393/03	2003-01-01	THAILAND	DENV3	01393	03
DENV3/THAILAND/2004/01393/04	2004-01-01	THAILAND	DENV3	01393	04
DENV3/THAILAND/2008/01398/08	2008-01-01	THAILAND	DENV3	01398	08
DENV3/THAILAND/2005/01400/05	2005-01-01	THAILAND	DENV3	01400	05
DENV3/THAILAND/2013/01401/13	2013-01-01	THAILAND	DENV3	01401	13
DENV3/THAILAND/2005/01404/05	2005-01-01	THAILAND	DENV3	01404	05
DENV3/THAILAND/1996/01421/96	1996-01-01	THAILAND	DENV3	01421	96
DENV3/THAILAND/2006/01423/06	2006-01-01	THAILAND	DENV3	01423	06
DENV3/THAILAND/1997/01425/97	1997-01-01	THAILAND	DENV3	01425	97
DENV3/THAILAND/2010/01434/10	2010-01-01	THAILAND	DENV3	01434	10
DENV3/THAILAND/2000/01442/00	2000-01-01	THAILAND	DENV3	01442	00
DENV3/THAILAND/2011/01445/11	2011-01-01	THAILAND	DENV3	01445	11
DENV3/THAILAND/2000/01455/00	2000-01-01	THAILAND	DENV3	01455	00
DENV3/THAILAND/2010/01467/10	2010-01-01	THAILAND	DENV3	01467	10
DENV3/THAILAND/2003/01468/03	2003-01-01	THAILAND	DENV3	01468	03
DENV3/THAILAND/2002/01472/02	2002-01-01	THAILAND	DENV3	01472	02
DENV3/THAILAND/1995/01486/95	1995-01-01	THAILAND	DENV3	01486	95
DENV3/THAILAND/1996/01487/96	1996-01-01	THAILAND	DENV3	01487	96
DENV3/THAILAND/2005/01491/05	2005-01-01	THAILAND	DENV3	01491	05
DENV3/THAILAND/1994/01494/94	1994-01-01	THAILAND	DENV3	01494	94
DENV3/THAILAND/1996/01505/96	1996-01-01	THAILAND	DENV3	01505	96
DENV3/THAILAND/2010/01508/10	2010-01-01	THAILAND	DENV3	01508	10
DENV3/THAILAND/1995/01509/95	1995-01-01	THAILAND	DENV3	01509	95
DENV3/THAILAND/1996/01528/96	1996-01-01	THAILAND	DENV3	01528	96
DENV3/THAILAND/2005/01530/05	2005-01-01	THAILAND	DENV3	01530	05
DENV3/THAILAND/1994/01530/94	1994-01-01	THAILAND	DENV3	01530	94
DENV3/THAILAND/2006/01536/06	2006-01-01	THAILAND	DENV3	01536	06
DENV3/THAILAND/2002/01537/02	2002-01-01	THAILAND	DENV3	01537	02
DENV3/THAILAND/1996/01552/96	1996-01-01	THAILAND	DENV3	01552	96
DENV3/THAILAND/2006/01559/06	2006-01-01	THAILAND	DENV3	01559	06
DENV3/THAILAND/2005/01565/05	2005-01-01	THAILAND	DENV3	01565	05
DENV3/THAILAND/2005/01569/05	2005-01-01	THAILAND	DENV3	01569	05
DENV3/THAILAND/2010/01575/10	2010-01-01	THAILAND	DENV3	01575	10
DENV3/THAILAND/2010/01601/10	2010-01-01	THAILAND	DENV3	01601	10
DENV3/THAILAND/2003/01619/03	2003-01-01	THAILAND	DENV3	01619	03
DENV3/THAILAND/2003/01651/03	2003-01-01	THAILAND	DENV3	01651	03
DENV3/THAILAND/2006/01651/06	2006-01-01	THAILAND	DENV3	01651	06
DENV3/THAILAND/2000/01654/00	2000-01-01	THAILAND	DENV3	01654	00
DENV3/THAILAND/1996/01655/96	1996-01-01	THAILAND	DENV3	01655	96
DENV3/THAILAND/1995/01658/95	1995-01-01	THAILAND	DENV3	01658	95
DENV3/THAILAND/2000/01671/00	2000-01-01	THAILAND	DENV3	01671	00
DENV3/THAILAND/2000/01672/00	2000-01-01	THAILAND	DENV3	01672	00
DENV3/THAILAND/2006/01691/06	2006-01-01	THAILAND	DENV3	01691	06
DENV3/THAILAND/1996/01697/96	1996-01-01	THAILAND	DENV3	01697	96
DENV3/THAILAND/1998/01700/98	1998-01-01	THAILAND	DENV3	01700	98
DENV3/THAILAND/1998/01716/98	1998-01-01	THAILAND	DENV3	01716	98
DENV3/THAILAND/2000/01720/00	2000-01-01	THAILAND	DENV3	01720	00
DENV3/THAILAND/1996/01720/96	1996-01-01	THAILAND	DENV3	01720	96
DENV3/THAILAND/1995/01753/95	1995-01-01	THAILAND	DENV3	01753	95
DENV3/THAILAND/2006/01781/06	2006-01-01	THAILAND	DENV3	01781	06
DENV3/THAILAND/1996/01781/96	1996-01-01	THAILAND	DENV3	01781	96
DENV3/THAILAND/2002/01802/02	2002-01-01	THAILAND	DENV3	01802	02
DENV3/THAILAND/1996/01828/96	1996-01-01	THAILAND	DENV3	01828	96
DENV3/THAILAND/2003/01837/03	2003-01-01	THAILAND	DENV3	01837	03
DENV3/THAILAND/2003/01847/03	2003-01-01	THAILAND	DENV3	01847	03
DENV3/THAILAND/1998/01868/98	1998-01-01	THAILAND	DENV3	01868	98
DENV3/THAILAND/2000/01906/00	2000-01-01	THAILAND	DENV3	01906	00
DENV3/THAILAND/1996/01908/96	1996-01-01	THAILAND	DENV3	01908	96
DENV3/THAILAND/1999/01909/99	1999-01-01	THAILAND	DENV3	01909	99
DENV3/THAILAND/2006/01933/06	2006-01-01	THAILAND	DENV3	01933	06
DENV3/THAILAND/2006/01935/06	2006-01-01	THAILAND	DENV3	01935	06
DENV3/THAILAND/1996/01941/96	1996-01-01	THAILAND	DENV3	01941	96
DENV3/THAILAND/1997/01956/97	1997-01-01	THAILAND	DENV3	01956	97
DENV3/THAILAND/2003/01967/03	2003-01-01	THAILAND	DENV3	01967	03
DENV3/THAILAND/1997/01976/97	1997-01-01	THAILAND	DENV3	01976	97
DENV3/THAILAND/2003/01979/03	2003-01-01	THAILAND	DENV3	01979	03
DENV3/THAILAND/1999/01982/99	1999-01-01	THAILAND	DENV3	01982	99
DENV3/THAILAND/2000/01996/00	2000-01-01	THAILAND	DENV3	01996	00
DENV3/THAILAND/1998/02000/98	1998-01-01	THAILAND	DENV3	02000	98
DENV3/THAILAND/2002/02006/02	2002-01-01	THAILAND	DENV3	02006	02
DENV3/THAILAND/1998/02016/98	1998-01-01	THAILAND	DENV3	02016	98
DENV3/THAILAND/2000/02029/00	2000-01-01	THAILAND	DENV3	02029	00
DENV3/THAILAND/2003/02035/03	2003-01-01	THAILAND	DENV3	02035	03
DENV3/THAILAND/2006/02038/06	2006-01-01	THAILAND	DENV3	02038	06
DENV3/THAILAND/2006/02042/06	2006-01-01	THAILAND	DENV3	02042	06
DENV3/THAILAND/2006/02051/06	2006-01-01	THAILAND	DENV3	02051	06
DENV3/THAILAND/2000/02080/00	2000-01-01	THAILAND	DENV3	02080	00
DENV3/THAILAND/2006/02111/06	2006-01-01	THAILAND	DENV3	02111	06
DENV3/THAILAND/2006/02117/06	2006-01-01	THAILAND	DENV3	02117	06
DENV3/THAILAND/2006/02121/06	2006-01-01	THAILAND	DENV3	02121	06
DENV3/THAILAND/2003/02141/03	2003-01-01	THAILAND	DENV3	02141	03
DENV3/THAILAND/1996/02161/96	1996-01-01	THAILAND	DENV3	02161	96
DENV3/THAILAND/1996/02171/96	1996-01-01	THAILAND	DENV3	02171	96
DENV3/THAILAND/2002/02173/02	2002-01-01	THAILAND	DENV3	02173	02
DENV3/THAILAND/2006/02174/06	2006-01-01	THAILAND	DENV3	02174	06
DENV3/THAILAND/2006/02185/06	2006-01-01	THAILAND	DENV3	02185	06
DENV3/THAILAND/2006/02202/06	2006-01-01	THAILAND	DENV3	02202	06
DENV3/THAILAND/2003/02208/03	2003-01-01	THAILAND	DENV3	02208	03
DENV3/THAILAND/2003/02213/03	2003-01-01	THAILAND	DENV3	02213	03
DENV3/THAILAND/1996/02222/96	1996-01-01	THAILAND	DENV3	02222	96
DENV3/THAILAND/1998/02224/98	1998-01-01	THAILAND	DENV3	02224	98
DENV3/THAILAND/2003/02234/03	2003-01-01	THAILAND	DENV3	02234	03
DENV3/THAILAND/2000/02242/00	2000-01-01	THAILAND	DENV3	02242	00
DENV3/THAILAND/2002/02251/02	2002-01-01	THAILAND	DENV3	02251	02
DENV3/THAILAND/2006/02277/06	2006-01-01	THAILAND	DENV3	02277	06
DENV3/THAILAND/1998/02283/98	1998-01-01	THAILAND	DENV3	02283	98
DENV3/THAILAND/2006/02292/06	2006-01-01	THAILAND	DENV3	02292	06
DENV3/THAILAND/2006/02341/06	2006-01-01	THAILAND	DENV3	02341	06
DENV3/THAILAND/2006/02380/06	2006-01-01	THAILAND	DENV3	02380	06
DENV3/THAILAND/2006/02384/06	2006-01-01	THAILAND	DENV3	02384	06
DENV3/THAILAND/1998/02434/98	1998-01-01	THAILAND	DENV3	02434	98
DENV3/THAILAND/2006/02485/06	2006-01-01	THAILAND	DENV3	02485	06
DENV3/THAILAND/2006/02490/06	2006-01-01	THAILAND	DENV3	02490	06
DENV3/THAILAND/1998/02506/98	1998-01-01	THAILAND	DENV3	02506	98
DENV3/THAILAND/2006/02515/06	2006-01-01	THAILAND	DENV3	02515	06
DENV3/THAILAND/1998/02519/98	1998-01-01	THAILAND	DENV3	02519	98
DENV3/THAILAND/1998/02551/98	1998-01-01	THAILAND	DENV3	02551	98
DENV3/THAILAND/1998/02553/98	1998-01-01	THAILAND	DENV3	02553	98
DENV3/THAILAND/1997/02580/97	1997-01-01	THAILAND	DENV3	02580	97
DENV3/THAILAND/2006/02632/06	2006-01-01	THAILAND	DENV3	02632	06
DENV3/THAILAND/1997/02673/97	1997-01-01	THAILAND	DENV3	02673	97
DENV3/THAILAND/2006/02678/06	2006-01-01	THAILAND	DENV3	02678	06
DENV3/THAILAND/2006/02701/06	2006-01-01	THAILAND	DENV3	02701	06
DENV3/THAILAND/2006/02704/06	2006-01-01	THAILAND	DENV3	02704	06
DENV3/THAILAND/2006/02763/06	2006-01-01	THAILAND	DENV3	02763	06
DENV3/THAILAND/2006/02784/06	2006-01-01	THAILAND	DENV3	02784	06
DENV3/THAILAND/2006/02812/06	2006-01-01	THAILAND	DENV3	02812	06
DENV3/THAILAND/2006/02814/06	2006-01-01	THAILAND	DENV3	02814	06
DENV3/THAILAND/1999/02864/99	1999-01-01	THAILAND	DENV3	02864	99
DENV3/THAILAND/1999/02902/99	1999-01-01	THAILAND	DENV3	02902	99
DENV3/THAILAND/1997/02906/97	1997-01-01	THAILAND	DENV3	02906	97
DENV3/THAILAND/2001/02916/01	2001-01-01	THAILAND	DENV3	02916	01
DENV3/THAILAND/1999/02972/99	1999-01-01	THAILAND	DENV3	02972	99
DENV3/THAILAND/1999/02983/99	1999-01-01	THAILAND	DENV3	02983	99
DENV3/THAILAND/1998/02993/98	1998-01-01	THAILAND	DENV3	02993	98
DENV3/THAILAND/1997/03058/97	1997-01-01	THAILAND	DENV3	03058	97
DENV3/THAILAND/1997/03080/97	1997-01-01	THAILAND	DENV3	03080	97
DENV3/THAILAND/2002/03135/02	2002-01-01	THAILAND	DENV3	03135	02
DENV3/THAILAND/2001/03240/01	2001-01-01	THAILAND	DENV3	03240	01
DENV3/THAILAND/2001/03291/01	2001-01-01	THAILAND	DENV3	03291	01
DENV3/THAILAND/1997/03353/97	1997-01-01	THAILAND	DENV3	03353	97
DENV3/THAILAND/1999/03417/99	1999-01-01	THAILAND	DENV3	03417	99
DENV3/THAILAND/1999/03565/99	1999-01-01	THAILAND	DENV3	03565	99
DENV3/THAILAND/1999/03567/99	1999-01-01	THAILAND	DENV3	03567	99
DENV3/THAILAND/2001/03640/01	2001-01-01	THAILAND	DENV3	03640	01
DENV3/THAILAND/1999/03749/99	1999-01-01	THAILAND	DENV3	03749	99
DENV3/THAILAND/1999/03767/99	1999-01-01	THAILAND	DENV3	03767	99
DENV3/THAILAND/1999/03818/99	1999-01-01	THAILAND	DENV3	03818	99
DENV3/THAILAND/2001/03879/01	2001-01-01	THAILAND	DENV3	03879	01
DENV3/THAILAND/2001/04045/01	2001-01-01	THAILAND	DENV3	04045	01
DENV3/THAILAND/1998/04187/98	1998-01-01	THAILAND	DENV3	04187	98
DENV3/THAILAND/2001/04236/01	2001-01-01	THAILAND	DENV3	04236	01
DENV3/THAILAND/1998/04298/98	1998-01-01	THAILAND	DENV3	04298	98
DENV3/THAILAND/1998/04331/98	1998-01-01	THAILAND	DENV3	04331	98
DENV3/THAILAND/1998/04378/98	1998-01-01	THAILAND	DENV3	04378	98
DENV3/THAILAND/2001/04502/01	2001-01-01	THAILAND	DENV3	04502	01
DENV3/THAILAND/1999/04514/99	1999-01-01	THAILAND	DENV3	04514	99
DENV3/THAILAND/2001/04526/01	2001-01-01	THAILAND	DENV3	04526	01
DENV3/THAILAND/2001/04540/01	2001-01-01	THAILAND	DENV3	04540	01
DENV3/THAILAND/1999/04557/99	1999-01-01	THAILAND	DENV3	04557	99
DENV3/THAILAND/2001/04635/01	2001-01-01	THAILAND	DENV3	04635	01
DENV3/THAILAND/2001/04680/01	2001-01-01	THAILAND	DENV3	04680	01
DENV3/THAILAND/1997/04710/97	1997-01-01	THAILAND	DENV3	04710	97
DENV3/THAILAND/1998/04763/98	1998-01-01	THAILAND	DENV3	04763	98
DENV3/THAILAND/2001/04945/01	2001-01-01	THAILAND	DENV3	04945	01
DENV3/THAILAND/1997/04945/97	1997-01-01	THAILAND	DENV3	04945	97
DENV3/THAILAND/1998/04946/98	1998-01-01	THAILAND	DENV3	04946	98
DENV3/THAILAND/1998/04996/98	1998-01-01	THAILAND	DENV3	04996	98
DENV3/THAILAND/1997/05100/97	1997-01-01	THAILAND	DENV3	05100	97
DENV3/THAILAND/2001/05308/01	2001-01-01	THAILAND	DENV3	05308	01
DENV3/THAILAND/1999/05364/99	1999-01-01	THAILAND	DENV3	05364	99
DENV3/THAILAND/1999/05379/99	1999-01-01	THAILAND	DENV3	05379	99
DENV3/THAILAND/2000/05420/00	2000-01-01	THAILAND	DENV3	05420	00
DENV3/THAILAND/2000/05421/00	2000-01-01	THAILAND	DENV3	05421	00
DENV3/THAILAND/2000/05443/00	2000-01-01	THAILAND	DENV3	05443	00
DENV3/THAILAND/2000/05456/00	2000-01-01	THAILAND	DENV3	05456	00
DENV3/THAILAND/1999/05480/99	1999-01-01	THAILAND	DENV3	05480	99
DENV3/THAILAND/2000/05499/00	2000-01-01	THAILAND	DENV3	05499	00
DENV3/THAILAND/2000/05571/00	2000-01-01	THAILAND	DENV3	05571	00
DENV3/THAILAND/1997/05578/97	1997-01-01	THAILAND	DENV3	05578	97
DENV3/THAILAND/2001/05611/01	2001-01-01	THAILAND	DENV3	05611	01
DENV3/THAILAND/2000/05632/00	2000-01-01	THAILAND	DENV3	05632	00
DENV3/THAILAND/1997/05718/97	1997-01-01	THAILAND	DENV3	05718	97
DENV3/THAILAND/1997/05746/97	1997-01-01	THAILAND	DENV3	05746	97
DENV3/THAILAND/2000/05772/00	2000-01-01	THAILAND	DENV3	05772	00
DENV3/THAILAND/2000/05815/00	2000-01-01	THAILAND	DENV3	05815	00
DENV3/THAILAND/2001/05838/01	2001-01-01	THAILAND	DENV3	05838	01
DENV3/THAILAND/2000/05884/00	2000-01-01	THAILAND	DENV3	05884	00
DENV3/THAILAND/1999/05951/99	1999-01-01	THAILAND	DENV3	05951	99
DENV3/THAILAND/1999/05956/99	1999-01-01	THAILAND	DENV3	05956	99
DENV3/THAILAND/2000/05969/00	2000-01-01	THAILAND	DENV3	05969	00
DENV3/THAILAND/1998/06012/98	1998-01-01	THAILAND	DENV3	06012	98
DENV3/THAILAND/2000/06028/00	2000-01-01	THAILAND	DENV3	06028	00
DENV3/THAILAND/1999/06047/99	1999-01-01	THAILAND	DENV3	06047	99
DENV3/THAILAND/1999/06060/99	1999-01-01	THAILAND	DENV3	06060	99
DENV3/THAILAND/1998/06068/98	1998-01-01	THAILAND	DENV3	06068	98
DENV3/THAILAND/1998/06070/98	1998-01-01	THAILAND	DENV3	06070	98
DENV3/THAILAND/2001/06117/01	2001-01-01	THAILAND	DENV3	06117	01
DENV3/THAILAND/2001/06123/01	2001-01-01	THAILAND	DENV3	06123	01
DENV3/THAILAND/2000/06135/00	2000-01-01	THAILAND	DENV3	06135	00
DENV3/THAILAND/2001/06198/01	2001-01-01	THAILAND	DENV3	06198	01
DENV3/THAILAND/1998/06343/98	1998-01-01	THAILAND	DENV3	06343	98
DENV3/THAILAND/1997/06406/97	1997-01-01	THAILAND	DENV3	06406	97
DENV3/THAILAND/2001/06419/01	2001-01-01	THAILAND	DENV3	06419	01
DENV3/THAILAND/2001/06503/01	2001-01-01	THAILAND	DENV3	06503	01
DENV3/THAILAND/1997/06541/97	1997-01-01	THAILAND	DENV3	06541	97
DENV3/THAILAND/2001/06757/01	2001-01-01	THAILAND	DENV3	06757	01
DENV3/THAILAND/1998/06912/98	1998-01-01	THAILAND	DENV3	06912	98
DENV3/THAILAND/1998/07042/98	1998-01-01	THAILAND	DENV3	07042	98
DENV3/THAILAND/1997/07176/97	1997-01-01	THAILAND	DENV3	07176	97
DENV3/THAILAND/1997/07180/97	1997-01-01	THAILAND	DENV3	07180	97
DENV3/THAILAND/1997/07225/97	1997-01-01	THAILAND	DENV3	07225	97
DENV3/THAILAND/1997/07234/97	1997-01-01	THAILAND	DENV3	07234	97
DENV3/THAILAND/1997/07597/97	1997-01-01	THAILAND	DENV3	07597	97
DENV3/THAILAND/1997/07887/97	1997-01-01	THAILAND	DENV3	07887	97
DENV3/THAILAND/1994/30017/94	1994-01-01	THAILAND	DENV3	30017	94
DENV3/THAILAND/1994/30055/94	1994-01-01	THAILAND	DENV3	30055	94
DENV3/THAILAND/1994/30060/94	1994-01-01	THAILAND	DENV3	30060	94
DENV3/THAILAND/1995/30071/95	1995-01-01	THAILAND	DENV3	30071	95
DENV3/THAILAND/1995/30110/95	1995-01-01	THAILAND	DENV3	30110	95
DENV3/THAILAND/1995/30125/95	1995-01-01	THAILAND	DENV3	30125	95
DENV3/THAILAND/1995/30175/95	1995-01-01	THAILAND	DENV3	30175	95
DENV3/THAILAND/1995/30195/95	1995-01-01	THAILAND	DENV3	30195	95
DENV3/THAILAND/1995/30246/95	1995-01-01	THAILAND	DENV3	30246	95
DENV3/THAILAND/1994/30301/94	1994-01-01	THAILAND	DENV3	30301	94
DENV3/THAILAND/1995/30317/95	1995-01-01	THAILAND	DENV3	30317	95
DENV3/THAILAND/1994/30334/94	1994-01-01	THAILAND	DENV3	30334	94
DENV3/THAILAND/1994/30362/94	1994-01-01	THAILAND	DENV3	30362	94
DENV3/THAILAND/1995/30457/95	1995-01-01	THAILAND	DENV3	30457	95
DENV3/THAILAND/1995/30460/95	1995-01-01	THAILAND	DENV3	30460	95
DENV3/THAILAND/1994/30520/94	1994-01-01	THAILAND	DENV3	30520	94
DENV3/THAILAND/1994/30551/94	1994-01-01	THAILAND	DENV3	30551	94
DENV3/THAILAND/1994/30590/94	1994-01-01	THAILAND	DENV3	30590	94
DENV3/THAILAND/1994/30621/94	1994-01-01	THAILAND	DENV3	30621	94
DENV3/THAILAND/1994/30677/94	1994-01-01	THAILAND	DENV3	30677	94
DENV3/MYANMAR/2008/80931	2008-01-01	MYANMAR	DENV3	80931	.
DENV3/FIJI/1992/29472-L11422-I	1992-01-01	FIJI	DENV3	29472-L11422-I	.
DENV3/NICARAGUA/2009/BID-V4753	2009-01-01	NICARAGUA	DENV3	BID-V4753	.
DENV3/PUERTORICO/2006/429965	2006-01-01	PUERTORICO	DENV3	429965	.
DENV3/PUERTO-RICO/1963/PRS-228762-AC27	1963-01-01	PUERTO-RICO	DENV3	PRS-228762-AC27	.
DENV3/INDONESIA/1978/SLEMAN-1280-AC25	1978-01-01	INDONESIA	DENV3	SLEMAN-1280-AC25	.
DENV3/VIETNAM/2006/BID-V1329	2006-01-01	VIETNAM	DENV3	BID-V1329	.
DENV3/VIETNAM/2007/BID-V1817	2007-01-01	VIETNAM	DENV3	BID-V1817	.
DENV3/CAMBODIA/2007/FJ639713	2007-01-01	CAMBODIA	DENV3	FJ639713	.
DENV3/CAMBODIA/2007/FJ639714	2007-01-01	CAMBODIA	DENV3	FJ639714	.
DENV3/CAMBODIA/2008/FJ639716	2008-01-01	CAMBODIA	DENV3	FJ639716	.
DENV3/CAMBODIA/2000/FJ639719	2000-01-01	CAMBODIA	DENV3	FJ639719	.
DENV3/CAMBODIA/2001/FJ639720	2001-01-01	CAMBODIA	DENV3	FJ639720	.
DENV3/CAMBODIA/2002/FJ639721	2002-01-01	CAMBODIA	DENV3	FJ639721	.
DENV3/CAMBODIA/2007/FJ639731	2007-01-01	CAMBODIA	DENV3	FJ639731	.
DENV3/CAMBODIA/2002/GQ868627	2002-01-01	CAMBODIA	DENV3	GQ868627	.
DENV3/CAMBODIA/2008/GU131905	2008-01-01	CAMBODIA	DENV3	GU131905	.
DENV3/CAMBODIA/2008/HM631854	2008-01-01	CAMBODIA	DENV3	HM631854	.
DENV3/CAMBODIA/2011/V0907330	2011-01-01	CAMBODIA	DENV3	V0907330	.
