serotype	seq_col	closest_exp	min_distance
1	DenV1/mosquito/Colombia/MAG-CIST-0134/2018	1980.372	0.29
1	DenV1/mosquito/Colombia/MAG-CIST-0151/2018	1980.372	0.29
1	DenV1/un/Colombia/un-UniNorte-1/2001	1982.455	1.9
1	hDenV1/Colombia/ANT-INS-485061/2016	1980.372	0.29
1	hDenV1/Colombia/ANT-UDEA-COA0053/2021	1980.372	0.29
1	hDenV1/Colombia/ANT-UDEA-COA0214/2022	1980.372	0.29
1	hDenV1/Colombia/ANT-UDEA-COA0234/2022	1980.372	0.29
1	hDenV1/Colombia/ANT-UDEA-COT0011/2023	1980.372	0.29
1	hDenV1/Colombia/ANT-UDEA-COT0012/2023	1980.372	0.29
1	hDenV1/Colombia/ANT-UDEA-COT0017/2023	1980.372	0.29
1	hDenV1/Colombia/ANT-UDEA-COT0026/2023	1980.372	0.29
1	hDenV1/Colombia/ANT-UDEA-COT0028/2023	1980.372	0.29
1	hDenV1/Colombia/ANT-UDEA-COT0221/2023	1980.372	0.29
1	hDenV1/Colombia/ANT-UDS-0746586/2013	1980.372	0.29
1	hDenV1/Colombia/CAU-INS-483718/2016	1982.455	0.87
1	hDenV1/Colombia/CUN-INS-450339/2015	1980.372	0.29
1	hDenV1/Colombia/FUADLA-AFI025_676/2021	1980.372	0.29
1	hDenV1/Colombia/FUADLA-AFI059_677/2021	1980.372	0.29
1	hDenV1/Colombia/HUI-UEB-033/2011	1980.372	0.29
1	hDenV1/Colombia/MET-INS-424735/2013	1980.372	0.29
1	hDenV1/Colombia/NSA-BROAD-0000019/2006	1980.372	0.29
1	hDenV1/Colombia/NSA-BROAD-0000020/2006	1980.372	0.29
1	hDenV1/Colombia/NSA-BROAD-0000023/2006	1980.372	0.29
1	hDenV1/Colombia/NSA-BROAD-0000025/2006	1980.372	0.29
1	hDenV1/Colombia/NSA-UIDS-555/2001	1980.372	0.29
1	hDenV1/Colombia/NSA-UIDS-556/2015	1980.372	0.29
1	hDenV1/Colombia/NSA-UIDS-557/2009	1980.372	0.85
1	hDenV1/Colombia/NSA-UIDS-558/2016	1980.372	0.29
1	hDenV1/Colombia/NSA-UIDS-559/2015	1980.372	0.29
1	hDenV1/Colombia/NSA-UIS-00005/2006	1980.372	0.29
1	hDenV1/Colombia/NSA-UIS-00006/2006	1980.372	0.29
1	hDenV1/Colombia/NSA-UIS-00007/2006	1980.372	0.29
1	hDenV1/Colombia/NSA-UIS-00008/2006	1980.372	0.29
1	hDenV1/Colombia/NSA-UIS-00009/2006	1980.372	0.29
1	hDenV1/Colombia/NSA-UIS-00010/2006	1980.372	0.29
1	hDenV1/Colombia/NSA-UIS-00011/2006	1980.372	0.29
1	hDenV1/Colombia/NSA-UIS-00012/2005	1980.372	0.29
1	hDenV1/Colombia/NSA-UIS-00013/2006	1980.372	0.29
1	hDenV1/Colombia/NSA-UIS-00014/2006	1980.372	0.29
1	hDenV1/Colombia/NSA-UIS-00015/2006	1980.372	0.29
1	hDenV1/Colombia/NSA-UIS-00020/2006	1980.372	0.29
1	hDenV1/Colombia/NSA-UIS-00034/2006	1980.372	0.29
1	hDenV1/Colombia/NSA-UIS-00037/2006	1980.372	0.29
1	hDenV1/Colombia/NSA-UIS-00038/2006	1980.372	0.29
1	hDenV1/Colombia/NSA-UIS-00039/2006	1980.372	0.29
1	hDenV1/Colombia/NSA-UIS-00040/2006	1980.372	0.29
1	hDenV1/Colombia/NSA-UIS-00041/2006	1980.372	0.29
1	hDenV1/Colombia/NSA-UIS-00042/2006	1980.372	0.29
1	hDenV1/Colombia/NSA-UIS-00043/2006	1980.372	0.29
1	hDenV1/Colombia/NSA-UIS-00044/2006	1980.372	0.29
1	hDenV1/Colombia/NSA-UIS-00045/2006	2001.126	1.16
1	hDenV1/Colombia/NSA-UIS-00046/2006	2001.126	1.16
1	hDenV1/Colombia/RIS-FUAA-AFI031/2021	1980.372	0.29
1	hDenV1/Colombia/RIS-FUAA-AFI082/2021	1980.372	0.29
1	hDenV1/Colombia/RIS-FUAA-AFI101/2021	1980.372	0.29
1	hDenV1/Colombia/RIS-FUAA-AFI224/2022	1980.372	0.29
1	hDenV1/Colombia/RIS-FUAA-DFC059/2021	1980.372	0.29
1	hDenV1/Colombia/RIS-INS-476947/2016	1980.372	0.29
1	hDenV1/Colombia/SAN-BROAD-0000029/2007	1980.372	0.29
1	hDenV1/Colombia/SAN-BROAD-0000032/2008	1980.372	0.29
1	hDenV1/Colombia/SAN-BROAD-0000036/2007	1980.372	0.29
1	hDenV1/Colombia/SAN-BROAD-0000037/2005	1980.372	0.29
1	hDenV1/Colombia/SAN-BROAD-0000046/2007	1980.372	0.29
1	hDenV1/Colombia/SAN-BROAD-0000053/2007	1980.372	0.29
1	hDenV1/Colombia/SAN-BROAD-0000058/2001	1980.372	0.29
1	hDenV1/Colombia/SAN-UIS-0000005/2015	1980.372	0.29
1	hDenV1/Colombia/SAN-UIS-0000007/2015	1980.372	0.93
1	hDenV1/Colombia/SAN-UIS-0000008/2014	1980.372	0.29
1	hDenV1/Colombia/SAN-UIS-0000009/2010	1980.372	0.29
1	hDenV1/Colombia/SAN-UIS-0000011/2009	1980.372	0.29
1	hDenV1/Colombia/SAN-UIS-0000012/2010	1980.372	0.29
1	hDenV1/Colombia/SAN-UIS-0000013/2010	1980.372	0.29
1	hDenV1/Colombia/SAN-UIS-0000014/2016	1980.372	0.29
1	hDenV1/Colombia/SAN-UIS-0000015/2016	1980.372	0.29
1	hDenV1/Colombia/SAN-UIS-0000016/2015	1980.372	0.29
1	hDenV1/Colombia/SAN-UIS-0000017/2015	1980.372	0.29
1	hDenV1/Colombia/SAN-UIS-0000018/2016	1980.372	0.29
1	hDenV1/Colombia/SAN-UIS-0000019/2016	1980.372	0.29
1	hDenV1/Colombia/SAN-UIS-0000020/2010	1980.372	0.29
1	hDenV1/Colombia/SAN-UIS-0000028/2013	1980.372	0.29
1	hDenV1/Colombia/SAN-UIS-0000029/2010	1980.372	0.29
1	hDenV1/Colombia/SAN-UIS-0000030/2010	1980.372	0.29
1	hDenV1/Colombia/SAN-UIS-0000031/2016	1980.372	0.29
1	hDenV1/Colombia/SAN-UIS-0000034/2014	1980.372	0.29
1	hDenV1/Colombia/SAN-UIS-0000040/2009	1980.372	0.29
1	hDenV1/Colombia/SAN-UIS-0000041/2010	1980.372	0.29
1	hDenV1/Colombia/SAN-UIS-0000043/2009	1980.372	0.29
1	hDenV1/Colombia/SAN-UIS-0000046/2009	1980.372	0.29
1	hDenV1/Colombia/SAN-UIS-0000047/2016	1980.372	0.29
1	hDenV1/Colombia/SAN-UIS-0000048/2014	1980.372	0.29
1	hDenV1/Colombia/SAN-UIS-0000050/2009	1980.372	0.29
1	hDenV1/Colombia/SAN-UIS-0000051/2016	1980.372	0.29
1	hDenV1/Colombia/SAN-UIS-0000052/2010	1980.372	0.29
1	hDenV1/Colombia/SAN-UIS-0000054/2016	1980.372	0.29
1	hDenV1/Colombia/SAN-UIS-0000055/2015	1980.372	0.29
1	hDenV1/Colombia/SAN-UIS-0000056/2013	1980.372	0.9
1	hDenV1/Colombia/SAN-UIS-0000057/2014	1980.372	0.29
1	hDenV1/Colombia/SAN-UIS-0000059/2016	1980.372	0.29
1	hDenV1/Colombia/SAN-UIS-00001/2008	1980.372	0.29
1	hDenV1/Colombia/SAN-UIS-00002/2008	1980.372	0.29
1	hDenV1/Colombia/SAN-UIS-00003/2008	1980.372	0.29
1	hDenV1/Colombia/SAN-UIS-00004/2008	1980.372	0.74
1	hDenV1/Colombia/SAN-UIS-00016/2007	1980.372	0.29
1	hDenV1/Colombia/SAN-UIS-00017/2007	1980.372	1.03
1	hDenV1/Colombia/SAN-UIS-00018/2008	1980.372	0.29
1	hDenV1/Colombia/SAN-UIS-00019/2008	1980.372	0.29
1	hDenV1/Colombia/SAN-UIS-00021/2007	1980.372	0.29
1	hDenV1/Colombia/SAN-UIS-00022/2008	1980.372	0.29
1	hDenV1/Colombia/SAN-UIS-00023/2008	1980.372	0.29
1	hDenV1/Colombia/SAN-UIS-00024/2008	1980.372	0.29
1	hDenV1/Colombia/SAN-UIS-00025/2007	1980.372	0.29
1	hDenV1/Colombia/SAN-UIS-00026/2007	1980.372	0.29
1	hDenV1/Colombia/SAN-UIS-00027/2008	1980.372	0.29
1	hDenV1/Colombia/SAN-UIS-00028/2007	1980.372	0.29
1	hDenV1/Colombia/SAN-UIS-00029/2008	1980.372	0.29
1	hDenV1/Colombia/SAN-UIS-00030/2008	1980.372	0.29
1	hDenV1/Colombia/SAN-UIS-00031/2004	1980.372	0.29
1	hDenV1/Colombia/SAN-UIS-00032/2007	1980.372	0.29
1	hDenV1/Colombia/SAN-UIS-00033/2008	1980.372	0.29
1	hDenV1/Colombia/SAN-UIS-00035/2008	1980.372	0.29
1	hDenV1/Colombia/SAN-UIS-00036/2007	1980.372	0.29
1	hDenV1/Colombia/SAN-UIS-00050/2001	1980.372	0.29
1	hDenV1/Colombia/SAN-UIS-00051/2002	1980.372	0.29
1	hDenV1/Colombia/SAN-UR-F15030291/2014	1980.372	0.29
1	hDenV1/Colombia/SAN-UR-LV121086/2010	1980.372	0.29
1	hDenV1/Colombia/SAN-UR-LV122007/2009	1980.372	0.29
1	hDenV1/Colombia/SAN-UR-P201080030/2015	1980.372	0.05
1	hDenV1/Colombia/SAN-Yale-DH141-P2/2004	1980.372	0.29
1	hDenV1/Colombia/VAC-LSPVAC-2300876/2023	1980.372	0.29
1	hDenV1/Colombia/VAC-LSPVAC-2306001/2023	1980.372	0.29
1	hDenV1/Colombia/VAC-LSPVAC-2400035/2024	1980.372	0.29
1	hDenV1/Colombia/VAC-LSPVAC-2400054/2024	1980.372	0.29
1	hDenV1/Colombia/VAC-LSPVAC-2400146/2024	1980.372	0.29
1	hDenV1/Colombia/VAC-LSPVAC-2400227/2024	1980.372	0.29
1	hDenV1/Colombia/VAC-LSPVAC-2400262/2024	1980.372	0.29
1	hDenV1/Colombia/VAC-LSPVAC-2400298/2024	1980.372	0.29
1	hDenV1/Colombia/VAC-LSPVAC-2400368/2024	1980.372	0.29
1	hDenV1/Colombia/VAC-LSPVAC-2401121/2024	1996.549	1.16
1	hDenV1/Colombia/VAC-LSPVAC-2401601/2024	1980.372	0.29
1	hDenV1/Colombia/VAC-LSPVAC-2401811/2024	1980.372	0.29
1	hDenV1/Colombia/VAC-LSPVAC-2401935/2024	1980.372	0.29
1	hDenV1/Colombia/VAC-LSPVAC-2402024/2024	1980.372	0.29
1	hDenV1/Colombia/VAC-LSPVAC-2402457/2024	1980.372	0.29
1	hDenV1/Colombia/VAC-LSPVAC-2402566/2024	1980.372	0.44
1	hDenV1/Colombia/VAC-LSPVAC-2402583/2024	1980.372	0.29
1	hDenV1/Colombia/VAC-LSPVAC-2402847/2024	1980.372	0.29
1	hDenV1/Colombia/VAC-LSPVAC-2403830/2024	1980.372	0.29
1	hDenV1/Colombia/VAC-LSPVAC-2404263/2024	1980.372	0.29
1	hDenV1/Colombia/VAC-LSPVAC-2404314/2024	1980.372	0.29
1	hDenV1/Colombia/VAC-LSPVAC-2404461/2024	1980.372	0.44
1	hDenV1/Colombia/VAC-LSPVAC-2404681/2024	1980.372	0.29
1	hDenV1/Colombia/VAC-LSPVAC-2404789/2024	1980.372	0.29
1	hDenV1/Colombia/VAC-LSPVAC-2405179/2024	1980.372	0.29
1	hDenV1/Colombia/VAC-LSPVAC-2405205/2024	1980.372	0.29
1	hDenV1/Colombia/VAC-LSPVAC-2405404/2024	1980.372	0.29
1	hDenV1/Colombia/VAC-LSPVAC-2405498/2024	1980.372	0.29
1	hDenV1/Colombia/VAC-LSPVAC-2405525/2024	1980.372	0.29
1	hDenV1/Colombia/VAC-LSPVAC-2405553/2024	1980.372	0.29
1	hDenV1/Colombia/VAC-LSPVAC-2405625/2024	1980.372	0.29
1	hDenV1/Colombia/VAC-LSPVAC-2405690/2024	1980.372	0.29
1	hDenV1/Colombia/VAC-LSPVAC-2405731/2024	1980.372	0.44
1	hDenV1/Colombia/VAC-LSPVAC-2405754/2024	1980.372	0.29
1	hDenV1/Colombia/VAC-LSPVAC-2405774/2024	1980.372	0.29
1	hDenV1/Colombia/VAC-LSPVAC-2407081-VI/2024	1980.372	0.29
1	hDenV1/Colombia/VAC-LSPVAC-2407539-VI/2024	1980.372	0.29
1	hDenV1/Colombia/VAC-LSPVAC-2409164-VI/2024	1980.372	0.29
1	hDenV1/Colombia/un-BNITM-363/2018	1980.372	0.29
1	hDenV1/Colombia/un-BROAD-0000007/2005	1980.372	0.29
1	hDenV1/Colombia/un-CDC-002/2007	1980.372	0.29
1	hDenV1/Colombia/un-FUAA-AFI007673/2019	1980.372	0.29
1	hDenV1/Colombia/un-FUAA-DFC063/2021	1980.372	0.29
1	hDenV1/Colombia/un-FUAA-DFC087/2021	2005.364	1.16
1	hDenV1/Colombia/un-FUAA-DFC088/2021	1980.372	0.29
1	hDenV1/Colombia/un-FUAA-DFC096/2021	1980.372	0.29
1	hDenV1/Colombia/un-FUAA-DFC112/2021	1980.372	0.29
1	hDenV1/Colombia/un-FUAA-DFC114/2021	1980.372	0.29
1	hDenV1/Colombia/un-FUAA-DFC161/2021	1980.372	0.29
1	hDenV1/Colombia/un-FUAA-DFC162/2021	1980.372	0.29
1	hDenV1/Colombia/un-FUAA-DFC177/2021	1980.372	0.29
1	hDenV1/Colombia/un-FUAA-DFC217/2021	1980.372	0.29
1	hDenV1/Colombia/un-FUAA-DFC222/2021	2005.364	1.16
1	hDenV1/Colombia/un-FUAA-DFC238/2021	1980.372	0.29
1	hDenV1/Colombia/un-FUAA-DFC245/2022	1980.372	0.29
1	hDenV1/Colombia/un-FUAA-DFC263/2022	1980.372	0.29
1	hDenV1/Colombia/un-FUAA-DFC264/2022	1980.372	0.29
1	hDenV1/Colombia/un-FUAA-DFC265/2022	1980.372	0.29
1	hDenV1/Colombia/un-INS-424233/2013	1980.372	0.29
1	hDenV1/Colombia/un-INS-484930/2016	1980.372	0.29
1	hDenV1/Colombia/un-INS-484940/2016	1980.372	0.29
1	hDenV1/Colombia/un-INS-484942/2016	1980.372	0.29
1	hDenV1/Colombia/un-INS-484948/2016	1980.372	0.29
1	hDenV1/Colombia/un-OUCRU-0000003/2013	1980.372	0.29
1	hDenV1/Colombia/un-OUCRU-0000005/2013	1980.372	0.29
1	hDenV1/Colombia/un-OUCRU-0000006/2012	1982.455	0.87
1	hDenV1/Colombia/un-OUCRU-0000008/2013	1980.372	0.29
1	hDenV1/Colombia/un-OUCRU-0000010/2013	1980.372	0.29
1	hDenV1/Colombia/un-OUCRU-0000011/2012	1980.372	0.29
1	hDenV1/Colombia/un-OUCRU-0000014/2012	1980.372	0.29
1	hDenV1/Colombia/un-OUCRU-0000023/2013	1980.372	0.29
1	hDenV1/Colombia/un-OUCRU-0000040/2013	1982.455	0.87
1	hDenV1/Colombia/un-OUCRU-0000043/2013	1980.372	0.29
1	hDenV1/Colombia/un-OUCRU-0000045/2013	1980.372	0.29
1	hDenV1/Colombia/un-OUCRU-0000046/2013	1980.372	0.29
1	hDenV1/Colombia/un-OUCRU-0000048/2013	1980.372	0.29
1	hDenV1/Colombia/un-OUCRU-0000049/2013	1980.372	0.29
1	hDenV1/Colombia/un-OUCRU-0000052/2013	1980.372	0.29
1	hDenV1/Colombia/un-OUCRU-0000053/2013	1980.372	0.29
1	hDenV1/Colombia/un-OUCRU-0000060/2013	1980.372	0.29
1	hDenV1/Colombia/un-OUCRU-0000061/2012	1980.372	0.29
1	hDenV1/Colombia/un-OUCRU-0000063/2013	1980.372	0.29
1	hDenV1/Colombia/un-OUCRU-0000068/2013	1980.372	0.29
1	hDenV1/Colombia/un-OUCRU-0000069/2012	1982.455	0.87
1	hDenV1/Colombia/un-OUCRU-0000070/2012	1982.455	0.87
1	hDenV1/Colombia/un-OUCRU-0000074/2013	1980.372	0.29
1	hDenV1/Colombia/un-OUCRU-0000075/2013	1980.372	0.29
1	hDenV1/Colombia/un-OUCRU-0000076/2013	1980.372	0.29
1	hDenV1/Colombia/un-OUCRU-0000081/2013	1980.372	0.29
1	hDenV1/Colombia/un-OUCRU-0000087/2013	1980.372	0.29
1	hDenV1/Colombia/un-OUCRU-0000088/2012	1980.372	0.29
1	hDenV1/Colombia/un-OUCRU-0000090/2012	1982.455	0.92
1	hDenV1/Colombia/un-OUCRU-0000092/2012	1982.455	0.87
1	hDenV1/Colombia/un-OUCRU-0000093/2013	1980.372	0.29
1	hDenV1/Colombia/un-OUCRU-0000095/2012	1982.455	0.92
1	hDenV1/Colombia/un-OUCRU-0000096/2013	1980.372	0.29
1	hDenV1/Colombia/un-OUCRU-1/2013	1980.372	0.29
1	hDenV1/Colombia/un-OUCRU-101/2013	1980.372	0.29
1	hDenV1/Colombia/un-OUCRU-101210/2013	1980.372	0.29
1	hDenV1/Colombia/un-OUCRU-101212/2013	1982.455	0.87
1	hDenV1/Colombia/un-OUCRU-101216/2013	1980.372	0.29
1	hDenV1/Colombia/un-OUCRU-101218/2013	1980.372	0.29
1	hDenV1/Colombia/un-OUCRU-101219/2013	1980.372	0.29
1	hDenV1/Colombia/un-OUCRU-10122/2013	1980.372	0.29
1	hDenV1/Colombia/un-OUCRU-101220/2013	1980.372	0.29
1	hDenV1/Colombia/un-OUCRU-101221/2013	1980.372	0.29
1	hDenV1/Colombia/un-OUCRU-101223/2013	2005.063	1.16
1	hDenV1/Colombia/un-OUCRU-101224/2011	1980.372	0.29
1	hDenV1/Colombia/un-OUCRU-101225/2013	1980.372	0.29
1	hDenV1/Colombia/un-OUCRU-101226/2012	1980.372	0.29
1	hDenV1/Colombia/un-OUCRU-101227/2013	1980.372	0.29
1	hDenV1/Colombia/un-OUCRU-101228/2013	1980.372	0.29
1	hDenV1/Colombia/un-OUCRU-101229/2013	2005.063	1.16
1	hDenV1/Colombia/un-OUCRU-10123/2012	1980.372	0.29
1	hDenV1/Colombia/un-OUCRU-101230/2013	1980.372	0.29
1	hDenV1/Colombia/un-OUCRU-101232/2013	1980.372	0.29
1	hDenV1/Colombia/un-OUCRU-101234/2013	1980.372	0.29
1	hDenV1/Colombia/un-OUCRU-101235/2013	1980.372	0.29
1	hDenV1/Colombia/un-OUCRU-101236/2013	1980.372	0.29
1	hDenV1/Colombia/un-OUCRU-10124/2013	1982.455	0.87
1	hDenV1/Colombia/un-OUCRU-101245/2013	1980.372	0.29
1	hDenV1/Colombia/un-OUCRU-10125/2013	1980.372	0.29
1	hDenV1/Colombia/un-OUCRU-101253/2013	1980.372	0.29
1	hDenV1/Colombia/un-OUCRU-10126/2013	1980.372	0.29
1	hDenV1/Colombia/un-OUCRU-10128/2013	1980.372	0.29
1	hDenV1/Colombia/un-OUCRU-102/2013	1980.372	0.29
1	hDenV1/Colombia/un-OUCRU-103/2013	1980.372	0.29
1	hDenV1/Colombia/un-OUCRU-104/2013	1980.372	0.29
1	hDenV1/Colombia/un-OUCRU-131/2013	1980.372	0.29
1	hDenV1/Colombia/un-OUCRU-132/2013	1980.372	0.29
1	hDenV1/Colombia/un-OUCRU-133/2013	1980.372	0.29
1	hDenV1/Colombia/un-OUCRU-134/2013	1982.455	0.87
1	hDenV1/Colombia/un-OUCRU-135/2013	1980.372	0.29
1	hDenV1/Colombia/un-OUCRU-136/2013	1980.372	0.29
1	hDenV1/Colombia/un-OUCRU-332/2013	2005.063	1.16
1	hDenV1/Colombia/un-OUCRU-333/2013	2005.063	1.16
1	hDenV1/Colombia/un-OUCRU-338/2013	1980.372	0.29
1	hDenV1/Colombia/un-OUCRU-340/2013	1980.372	0.29
1	hDenV1/Colombia/un-OUCRU-341/2013	1980.372	0.29
1	hDenV1/Colombia/un-OUCRU-342/2013	1980.372	0.29
1	hDenV1/Colombia/un-OUCRU-348/2013	1980.372	0.29
1	hDenV1/Colombia/un-OUCRU-353/2013	1980.372	0.29
1	hDenV1/Colombia/un-OUCRU-356/2013	1980.372	0.29
1	hDenV1/Colombia/un-OUCRU-358/2013	1980.372	0.29
1	hDenV1/Colombia/un-OUCRU-360/2013	1980.372	0.29
1	hDenV1/Colombia/un-OUCRU-506/2013	1980.372	0.29
1	hDenV1/Colombia/un-OUCRU-507/2012	1980.372	0.29
1	hDenV1/Colombia/un-OUCRU-508/2013	1980.372	0.29
1	hDenV1/Colombia/un-OUCRU-509/2013	1980.372	0.29
1	hDenV1/Colombia/un-OUCRU-510/2013	1980.372	0.29
1	hDenV1/Colombia/un-OUCRU-511/2013	1982.455	0.87
1	hDenV1/Colombia/un-OUCRU-512/2013	1980.372	0.29
1	hDenV1/Colombia/un-OUCRU-513/2013	1980.372	0.29
1	hDenV1/Colombia/un-OUCRU-519/2013	1980.372	0.29
1	hDenV1/Colombia/un-OUCRU-520/2012	1980.372	0.29
1	hDenV1/Colombia/un-OUCRU-521/2013	1980.372	0.29
1	hDenV1/Colombia/un-OUCRU-522/2013	1980.372	0.29
1	hDenV1/Colombia/un-OUCRU-523/2013	1980.372	0.29
1	hDenV1/Colombia/un-OUCRU-525/2011	1980.372	0.29
1	hDenV1/Colombia/un-OUCRU-526/2013	1980.372	0.29
1	hDenV1/Colombia/un-UDS-Ov07582/2013	1980.372	0.29
1	hDenV1/Colombia/un-Yale-DH141/2004	1980.372	0.29
1	hDenV1/Colombia/un-Yale-DN02363/2023	1980.372	0.29
1	hDenV1/Colombia/un-Yale-DN02365/2023	1980.372	0.29
1	hDenV1/Colombia/un-Yale-DN02376/2023	1980.372	0.87
1	hDenV1/Colombia/un-Yale-DN02379/2023	1980.372	0.29
1	hDenV1/Colombia/un-Yale-DN02386/2023	1980.372	0.29
1	hDenV1/Colombia/un-Yale-DN02429/2023	1980.372	0.29
1	hDenV1/Colombia/un-Yale-DN02440/2023	1980.372	0.29
1	hDenV1/Colombia/un-Yale-DN02489/2024	1980.372	0.29
1	hDenV1/Colombia/un-Yale-DN02505/2024	1980.372	0.29
1	hDenV1/Colombia/un-Yale-DN02556/2024	1980.372	0.29
1	hDenV1/Colombia/un-Yale-DN02730/2024	1980.372	0.44
1	hDenV1/Colombia/un-Yale-DN02733/2024	1980.372	0.29
1	hDenV1/Colombia/un-Yale-DN02741/2024	1980.372	0.29
1	hDenV1/Colombia/un-Yale-DN02838/2024	1980.372	0.29
2	DenV2/Colombia/VAC-LSPVAC-01056-VI/2024	1982.5	1.1
2	DenV2/Colombia/VAC-LSPVAC-01460-VI/2024	2004.5_3	0.0
2	DenV2/Colombia/VAC-LSPVAC-01585-VI/2024	2004.5_3	0.0
2	DenV2/Colombia/VAC-LSPVAC-01723-VI/2024	2004.5_3	0.0
2	DenV2/Colombia/VAC-LSPVAC-01759-VI/2024	1982.5	2.88
2	DenV2/Colombia/VAC-LSPVAC-01814-VI/2024	2007.241	0.0
2	DenV2/Colombia/VAC-LSPVAC-01948-VI/2024	2004.5_3	0.98
2	DenV2/Colombia/VAC-LSPVAC-02013-VI/2024	2004.5_3	0.0
2	DenV2/Colombia/VAC-LSPVAC-02332-VI/2024	1982.5	1.1
2	DenV2/Colombia/VAC-LSPVAC-02570-VI/2024	1982.5	2.25
2	DenV2/Colombia/VAC-LSPVAC-02730-VI/2024	2004.5_3	0.0
2	DenV2/Colombia/VAC-LSPVAC-04996-VI/2024	2004.5_3	0.0
2	DenV2/mosquito/Colombia/ANT-UDEA-0720/2024	2004.5_3	0.0
2	DenV2/mosquito/Colombia/ANT-UDEA-0720LIME/2024	2004.5_3	0.0
2	DenV2/mosquito/Colombia/ANT-UDEA-0997LIME/2024	2004.5_3	0.0
2	hDenV2/Colombia/ANT-BROAD-0000008/2004	1982.5	0.81
2	hDenV2/Colombia/ANT-UDEA-C0A0029/2021	1982.5	1.36
2	hDenV2/Colombia/ANT-UDEA-COA0028/2021	1982.5	1.99
2	hDenV2/Colombia/ANT-UDEA-COA0105/2022	1982.5	1.99
2	hDenV2/Colombia/ANT-UDEA-COA0106/2022	1982.5	1.99
2	hDenV2/Colombia/ANT-UDEA-COA0223/2022	1982.5	1.99
2	hDenV2/Colombia/ANT-UDEA-COT0021/2023	1982.5	2.44
2	hDenV2/Colombia/ANT-UDEA-COT0213/2023	2004.5_3	0.0
2	hDenV2/Colombia/ANT-UDEA-COT0237/2023	2004.5_3	0.0
2	hDenV2/Colombia/ANT-UDEA-COT0238/2023	2004.5_3	0.0
2	hDenV2/Colombia/ANT-UDEA-PFT1/2023	2004.5_3	0.0
2	hDenV2/Colombia/ARA-INS-457058/2016	1982.5	1.99
2	hDenV2/Colombia/BOL-UEB-113/2021	1982.5	1.36
2	hDenV2/Colombia/BOL-UEB-126/2021	1982.5	2.27
2	hDenV2/Colombia/BOL-UEB-264/2021	1982.5	1.36
2	hDenV2/Colombia/BOL-UEB-27/2021	1982.5	2.06
2	hDenV2/Colombia/BOL-UEB-3/2021	1982.5	1.36
2	hDenV2/Colombia/BOL-UEB-311/2021	1982.5	1.36
2	hDenV2/Colombia/BOL-UEB-321/2021	1982.5	0.55
2	hDenV2/Colombia/BOL-UEB-322/2021	1982.5	2.03
2	hDenV2/Colombia/BOL-UEB-327/2021	1982.5	1.36
2	hDenV2/Colombia/BOL-UEB-4/2021	1982.5	1.36
2	hDenV2/Colombia/BOL-UEB-70/2021	1982.5	1.36
2	hDenV2/Colombia/BOL-UEB-87/2021	1982.5	1.07
2	hDenV2/Colombia/CAL-INS-427516/2013	1982.5	0.81
2	hDenV2/Colombia/CAS-INS-484771/2016	1982.5	2.25
2	hDenV2/Colombia/CAS-INS-484926/2016	1982.5	1.7
2	hDenV2/Colombia/CAU-INS-422641/2013	1982.5	0.81
2	hDenV2/Colombia/COR-UNICORDOBA-23/2021	1982.5	1.36
2	hDenV2/Colombia/CUN-INS-425819/2013	1982.5	1.1
2	hDenV2/Colombia/CUN-UEB-028/2014	1982.5	0.81
2	hDenV2/Colombia/CUN-UEB-16/2016	1982.5	1.1
2	hDenV2/Colombia/CUN-UEB-28/2014	1982.5	0.81
2	hDenV2/Colombia/CUN-UEB-3/2014	1982.5	0.81
2	hDenV2/Colombia/CUN-UEB-391/2014	1982.5	0.81
2	hDenV2/Colombia/CUN-UEB-72/2014	1982.5	0.81
2	hDenV2/Colombia/GUV-BROAD-0000010/2005	1982.5	1.7
2	hDenV2/Colombia/GUV-BROAD-0000011/2005	1982.5	1.7
2	hDenV2/Colombia/GUV-BROAD-0000012/2005	1982.5	1.7
2	hDenV2/Colombia/GUV-BROAD-0000013/2005	1982.5	1.7
2	hDenV2/Colombia/GUV-BROAD-0000014/2005	1982.5	1.7
2	hDenV2/Colombia/GUV-INS-476747/2016	1982.5	2.25
2	hDenV2/Colombia/HUI-INS-449308/2015	1996.653	2.91
2	hDenV2/Colombia/HUI-INS-449618/2015	1982.5	0.81
2	hDenV2/Colombia/HUI-INS-450024/2015	1996.653	2.91
2	hDenV2/Colombia/HUI-INS-452018/2015	1996.653	2.91
2	hDenV2/Colombia/HUI-INS-484975/2016	1982.5	0.81
2	hDenV2/Colombia/HUI-INS-484978/2016	1982.5	0.81
2	hDenV2/Colombia/HUI-UEB-26/2011	1982.5	0.81
2	hDenV2/Colombia/MET-INS-422091/2013	1982.5	2.25
2	hDenV2/Colombia/MET-INS-434321/2014	1982.5	1.1
2	hDenV2/Colombia/MET-NFDCN-CIMBIUR_207/2023	1964.5	0.29
2	hDenV2/Colombia/MET-NFDCN-CIMBIUR_237/2023	2004.5_3	0.29
2	hDenV2/Colombia/MET-UR-207/2023	1964.5	0.29
2	hDenV2/Colombia/MET-UR-237/2023	2004.5_3	0.29
2	hDenV2/Colombia/NSA-BROAD-0000015/2005	1982.5	0.81
2	hDenV2/Colombia/NSA-BROAD-0000021/2005	1982.5	1.7
2	hDenV2/Colombia/NSA-BROAD-0000024/2005	1982.5	0.81
2	hDenV2/Colombia/NSA-INS-484995/2016	1982.5	1.7
2	hDenV2/Colombia/PUT-INS-423887/2013	1982.5	1.03
2	hDenV2/Colombia/PUT-INS-425334/2013	1982.5	1.03
2	hDenV2/Colombia/PUT-INS-449510/2015	1982.5	0.81
2	hDenV2/Colombia/RIS-INS-449277/2015	1996.653	2.91
2	hDenV2/Colombia/SAN-BROAD-0000030/2004	1982.5	1.7
2	hDenV2/Colombia/SAN-BROAD-0000033/2007	1982.5	0.81
2	hDenV2/Colombia/SAN-BROAD-0000055/2007	1982.5	0.81
2	hDenV2/Colombia/SAN-UIS-0000006/2016	1982.5	2.34
2	hDenV2/Colombia/SAN-UIS-0000032/2016	1982.5	1.7
2	hDenV2/Colombia/SAN-UIS-0000036/2016	1982.5	1.7
2	hDenV2/Colombia/SAN-UIS-02/2005	1982.5	0.81
2	hDenV2/Colombia/SAN-UIS-21/2005	1982.5	0.81
2	hDenV2/Colombia/SAN-UR-00325/2000	1982.5	0.81
2	hDenV2/Colombia/SAN-UR-01220/2001	1982.5	0.81
2	hDenV2/Colombia/SAN-UR-01270/2001	1982.5	0.81
2	hDenV2/Colombia/SAN-UR-01363/2001	1982.5	0.81
2	hDenV2/Colombia/SAN-UR-04080/2004	1982.5	0.81
2	hDenV2/Colombia/SAN-UR-07040/2007	1982.5	1.99
2	hDenV2/Colombia/SAN-UR-07282/2007	1982.5	3.5
2	hDenV2/Colombia/SAN-UR-08017/2008	1982.5	0.81
2	hDenV2/Colombia/SAN-UR-F14080014/2014	1982.5	1.7
2	hDenV2/Colombia/SAN-UR-F14102011/2014	1982.5	1.7
2	hDenV2/Colombia/SAN-UR-F14102012/2014	1982.5	2.15
2	hDenV2/Colombia/SAN-UR-F14110114/2014	1982.5	1.7
2	hDenV2/Colombia/SAN-UR-F14122077/2014	1982.5	1.7
2	hDenV2/Colombia/SAN-UR-F15020239/2015	1982.5	1.7
2	hDenV2/Colombia/SAN-UR-F15050329/2015	1982.5	1.7
2	hDenV2/Colombia/SAN-UR-F15070429/2015	1982.5	1.7
2	hDenV2/Colombia/SAN-UR-G025/2003	1982.5	0.81
2	hDenV2/Colombia/SAN-UR-LV11113714/2010	1982.5	2.57
2	hDenV2/Colombia/SAN-UR-LV141242/2010	1982.5	1.7
2	hDenV2/Colombia/SAN-UR-LV353/2004	1982.5	0.81
2	hDenV2/Colombia/SAN-UR-OC314/2006	1982.5	1.7
2	hDenV2/Colombia/SAN-UR-P200120378/2015	1982.5	0.81
2	hDenV2/Colombia/SAN-UR-P201080038/2014	1982.5	0.81
2	hDenV2/Colombia/SAN-UR-P201080044/2014	1982.5	1.7
2	hDenV2/Colombia/SAN-UR-P204100021/2014	1996.653	1.93
2	hDenV2/Colombia/SAN-UR-P204100028/2015	1996.653	1.93
2	hDenV2/Colombia/SAN-UR-P204100030/2015	1982.5	0.81
2	hDenV2/Colombia/SAN-UR-P204100046/2015	1996.653	1.93
2	hDenV2/Colombia/SAN-Yale-DH158-P2/2006	1982.5	1.7
2	hDenV2/Colombia/TOL-INS-425817/2013	1982.5	1.1
2	hDenV2/Colombia/TOL-INS-427493/2013	1982.5	1.36
2	hDenV2/Colombia/TOL-INS-428702/2014	1982.5	0.81
2	hDenV2/Colombia/TOL-INS-449418/2015	1982.5	0.81
2	hDenV2/Colombia/TOL-INS-479622/2016	1982.5	0.81
2	hDenV2/Colombia/UC-MS106_659/2016	1982.5	1.7
2	hDenV2/Colombia/UC-MS108_658/2016	1982.5	2.28
2	hDenV2/Colombia/UC-MS11_663/2015	1982.5	1.7
2	hDenV2/Colombia/UC-MS129_657/2016	1982.5	1.7
2	hDenV2/Colombia/UC-MS32_662/2015	1982.5	1.7
2	hDenV2/Colombia/UC-MS46_661/2015	1982.5	2.28
2	hDenV2/Colombia/UC-MS77_660/2015	1982.5	2.28
2	hDenV2/Colombia/VAC-LSPVAC-00716-VI/2023	1982.5	1.36
2	hDenV2/Colombia/VAC-LSPVAC-02903-VI/2023	1982.5	1.99
2	hDenV2/Colombia/VAC-LSPVAC-06002-VI/2023	1982.5	1.99
2	hDenV2/Colombia/VAC-LSPVAC-06054-VI/2023	1982.5	2.57
2	hDenV2/Colombia/VAC-LSPVAC-08431-2-VI/2023	1982.5	1.99
2	hDenV2/Colombia/VAC-LSPVAC-08912-2-VI/2023	1982.5	1.99
2	hDenV2/Colombia/VAC-LSPVAC-09410-2-VI/2023	1982.5	1.99
2	hDenV2/Colombia/VAC-LSPVAC-20240902-0028-VIG-VI/2024	2007.241	0.0
2	hDenV2/Colombia/VAC-LSPVAC-20240902-0055-VIG-VI/2024	2004.5_3	0.0
2	hDenV2/Colombia/VAC-LSPVAC-20240902-0178-VIG-VI/2024	2004.5_3	0.0
2	hDenV2/Colombia/VAC-LSPVAC-20240906-0384-VIG-VI/2024	2004.5_3	0.98
2	hDenV2/Colombia/VAC-LSPVAC-20240906-0393-VIG-VI/2024	2004.5_3	0.0
2	hDenV2/Colombia/VAC-LSPVAC-20240906-0401-VIG-VI/2024	2004.5_3	0.0
2	hDenV2/Colombia/VAC-LSPVAC-20240912-0687-VIG/2024	2004.5_3	0.0
2	hDenV2/Colombia/VAC-LSPVAC-20240913-0736-VIG/2024	2004.5_3	0.0
2	hDenV2/Colombia/VAC-LSPVAC-20240913-0785-VIG/2024	2004.5_3	0.0
2	hDenV2/Colombia/VAC-LSPVAC-20240920-1030-VIG/2024	2004.5_3	0.0
2	hDenV2/Colombia/VAC-LSPVAC-20240920-1032-VIG/2024	2004.5_3	0.0
2	hDenV2/Colombia/VAC-LSPVAC-20240924-1095-VIG/2024	1982.5	1.99
2	hDenV2/Colombia/VAC-LSPVAC-20240927-1232-VIG/2024	2004.5_3	0.0
2	hDenV2/Colombia/VAC-LSPVAC-2306464/2023	2004.5_3	0.0
2	hDenV2/Colombia/VAC-LSPVAC-2306881/2023	1982.5	2.25
2	hDenV2/Colombia/VAC-LSPVAC-2307182/2023	2004.5_3	0.0
2	hDenV2/Colombia/VAC-LSPVAC-2401759-VI/2024	1982.5	2.88
2	hDenV2/Colombia/VAC-LSPVAC-2401760/2024	1982.5	3.23
2	hDenV2/Colombia/VAC-LSPVAC-2401890/2024	1982.5	1.99
2	hDenV2/Colombia/VAC-LSPVAC-2402026/2024	1982.5	1.99
2	hDenV2/Colombia/VAC-LSPVAC-2402223/2024	1982.5	2.25
2	hDenV2/Colombia/VAC-LSPVAC-2402318/2024	1982.5	1.99
2	hDenV2/Colombia/VAC-LSPVAC-2403818/2024	1982.5	2.57
2	hDenV2/Colombia/VAC-LSPVAC-2404023/2024	1982.5	1.99
2	hDenV2/Colombia/VAC-LSPVAC-2404285/2024	2004.5_3	0.0
2	hDenV2/Colombia/VAC-LSPVAC-2404315/2024	2004.5_3	0.0
2	hDenV2/Colombia/VAC-LSPVAC-2404473/2024	2004.5_3	0.0
2	hDenV2/Colombia/VAC-LSPVAC-2404593/2024	1982.5	3.55
2	hDenV2/Colombia/VAC-LSPVAC-2404621/2024	2004.5_3	0.0
2	hDenV2/Colombia/VAC-LSPVAC-2404626/2024	2004.5_3	0.0
2	hDenV2/Colombia/VAC-LSPVAC-2404756/2024	2004.5_3	0.0
2	hDenV2/Colombia/VAC-LSPVAC-2404785/2024	2004.5_3	0.0
2	hDenV2/Colombia/VAC-LSPVAC-2405056/2024	2004.5_3	0.0
2	hDenV2/Colombia/VAC-LSPVAC-2405259/2024	1982.5	1.1
2	hDenV2/Colombia/VAC-LSPVAC-2405317/2024	2004.5_3	0.43
2	hDenV2/Colombia/VAC-LSPVAC-2405372/2024	2007.241	0.0
2	hDenV2/Colombia/VAC-LSPVAC-2405472/2024	2004.5_3	0.0
2	hDenV2/Colombia/VAC-LSPVAC-2405501/2024	2004.5_3	0.0
2	hDenV2/Colombia/VAC-LSPVAC-2405518/2024	1982.5	1.1
2	hDenV2/Colombia/VAC-LSPVAC-2405522/2024	2004.5_3	0.98
2	hDenV2/Colombia/VAC-LSPVAC-2405558/2024	1982.5	2.25
2	hDenV2/Colombia/VAC-LSPVAC-2405576/2024	1982.5	1.99
2	hDenV2/Colombia/VAC-LSPVAC-2406410-VI/2024	1982.5	2.25
2	hDenV2/Colombia/VAC-LSPVAC-2406559-VI/2024	1982.5	1.36
2	hDenV2/Colombia/VAC-LSPVAC-2406796-VI/2024	1982.5	2.57
2	hDenV2/Colombia/VAC-LSPVAC-2407448-VI/2024	1982.5	2.25
2	hDenV2/Colombia/VAC-LSPVAC-2408056-VI/2024	1982.5	2.25
2	hDenV2/Colombia/VAC-LSPVAC-2409170-VI/2024	2004.5_3	0.0
2	hDenV2/Colombia/VAC-LSPVAC-2409196-VI/2024	2004.5_3	0.0
2	hDenV2/Colombia/VAC-LSPVAC-2409230-VI/2024	2004.5_3	0.0
2	hDenV2/Colombia/VAC-LSPVAC-2409260-VI/2024	2004.5_3	0.0
2	hDenV2/Colombia/VAC-LSPVAC-2409289-VI/2024	2004.5_3	0.0
2	hDenV2/Colombia/VAC-LSPVAC-2409312-VI/2024	2004.5_3	0.0
2	hDenV2/Colombia/VAC-LSPVAC-2409351-VI/2024	2004.5_3	0.58
2	hDenV2/Colombia/VAC-LSPVAC-2409527-VI/2024	2007.241	0.0
2	hDenV2/Colombia/VAC-LSPVAC-2409552-VI/2024	2004.5_3	0.0
2	hDenV2/Colombia/VAC-LSPVAC-2409553-VI/2024	2004.5_3	0.0
2	hDenV2/Colombia/VAC-LSPVAC-2409645-VI/2024	2007.241	0.0
2	hDenV2/Colombia/VAC-LSPVAC-2409646-VI/2024	2004.5_3	0.0
2	hDenV2/Colombia/VAC-LSPVAC-2409697-VI/2024	2004.5_3	0.0
2	hDenV2/Colombia/VAC-LSPVAC-2409724-VI/2024	2007.241	0.0
2	hDenV2/Colombia/VAC-LSPVAC-2409968-VI/2024	2007.241	0.0
2	hDenV2/Colombia/VAC-LSPVAC-2409975-VI/2024	2004.5_3	0.0
2	hDenV2/Colombia/VAC-LSPVAC-2409978-VI/2024	2004.5_3	0.0
2	hDenV2/Colombia/VAC-LSPVAC-2410056-VI/2024	2004.5_3	0.0
2	hDenV2/Colombia/VAC-LSPVAC-2410077-VI/2024	2004.5_3	0.0
2	hDenV2/Colombia/VAC-LSPVAC-2410092-VI/2024	2004.5_3	0.0
2	hDenV2/Colombia/VAC-LSPVAC-2410159-VI/2024	1982.5	1.99
2	hDenV2/Colombia/VAC-LSPVAC-2410276-VI/2024	2004.5_3	0.0
2	hDenV2/Colombia/VAC-LSPVAC-2410312-VI/2024	2007.241	0.0
2	hDenV2/Colombia/VAC-LSPVAC-2410404-VI/2024	2004.5_3	0.89
2	hDenV2/Colombia/VAC-LSPVAC-2410537-VI/2024	2004.5_3	0.0
2	hDenV2/Colombia/VAC-LSPVAC-2410538-VI/2024	1982.5	1.99
2	hDenV2/Colombia/VAC-LSPVAC-2410552-VI/2024	2004.5_3	0.0
2	hDenV2/Colombia/VAC-LSPVAC-2410558-VI/2024	2004.5_3	0.0
2	hDenV2/Colombia/VAC-LSPVAC-2410614-VI/2024	2004.5_3	0.0
2	hDenV2/Colombia/VAC-LSPVAC-2410628-VI/2024	2004.5_3	0.74
2	hDenV2/Colombia/VAC-LSPVAC-2410639-VI/2024	2004.5_3	0.0
2	hDenV2/Colombia/VAC-LSPVAC-2410640-VI/2024	2004.5_3	0.0
2	hDenV2/Colombia/VAC-LSPVAC-2410681-VI/2024	2009.5	1.3
2	hDenV2/Colombia/VID-UEB-2/2023	1982.5	1.99
2	hDenV2/Colombia/VID-UEB-3/2023	1982.5	1.99
2	hDenV2/Colombia/VID-UEB-8/2023	1982.5	1.99
2	hDenV2/Colombia/un-CDC-016/2007	1982.5	0.81
2	hDenV2/Colombia/un-CNIH-422041/2013	1982.5	0.81
2	hDenV2/Colombia/un-CNIH-422091/2013	1982.5	2.25
2	hDenV2/Colombia/un-CNIH-422275/2013	1982.5	2.25
2	hDenV2/Colombia/un-CNIH-422641/2013	1982.5	0.81
2	hDenV2/Colombia/un-CNIH-423887/2013	1982.5	1.03
2	hDenV2/Colombia/un-CNIH-424029/2013	1982.5	2.25
2	hDenV2/Colombia/un-CNIH-425334/2013	1982.5	1.03
2	hDenV2/Colombia/un-CNIH-425817/2013	1982.5	1.1
2	hDenV2/Colombia/un-CNIH-425819/2013	1982.5	1.1
2	hDenV2/Colombia/un-CNIH-427493/2013	1982.5	1.36
2	hDenV2/Colombia/un-CNIH-427516/2013	1982.5	0.81
2	hDenV2/Colombia/un-CNIH-428702/2014	1982.5	0.81
2	hDenV2/Colombia/un-CNIH-434321/2014	1982.5	1.1
2	hDenV2/Colombia/un-CNIH-449308/2015	1996.653	2.91
2	hDenV2/Colombia/un-CNIH-449418/2015	1982.5	0.81
2	hDenV2/Colombia/un-CNIH-449510/2015	1982.5	0.81
2	hDenV2/Colombia/un-CNIH-452018/2015	1996.653	2.91
2	hDenV2/Colombia/un-CNIH-462966/2016	1996.653	1.93
2	hDenV2/Colombia/un-CNIH-484926/2016	1982.5	1.7
2	hDenV2/Colombia/un-CNIH-484928/2016	1982.5	1.7
2	hDenV2/Colombia/un-CNIH-484975/2016	1982.5	0.81
2	hDenV2/Colombia/un-CNIH-484978/2016	1982.5	0.81
2	hDenV2/Colombia/un-CNIH-484995/2016	1982.5	1.7
2	hDenV2/Colombia/un-FUAA-AFI009674/2019	1982.5	2.28
2	hDenV2/Colombia/un-INS-450446/2015	1982.5	2.15
2	hDenV2/Colombia/un-INS-462966/2016	1996.653	1.93
2	hDenV2/Colombia/un-INS-468118/2016	1982.5	1.79
2	hDenV2/Colombia/un-INS-480592/2016	1996.653	2.91
2	hDenV2/Colombia/un-INS-484925/2016	1982.5	1.7
2	hDenV2/Colombia/un-INS-484927/2016	1982.5	3.15
2	hDenV2/Colombia/un-INS-484928/2016	1982.5	1.7
2	hDenV2/Colombia/un-NAMRU-6-FCC00973/2021	1982.5	1.36
2	hDenV2/Colombia/un-NAMRU-6-FCC00974/2021	1982.5	1.36
2	hDenV2/Colombia/un-NAMRU-6-FCC00999/2021	1982.5	1.36
2	hDenV2/Colombia/un-OUCRU-0000012/2013	1982.5	0.81
2	hDenV2/Colombia/un-OUCRU-0000015/2012	1982.5	0.81
2	hDenV2/Colombia/un-OUCRU-0000016/2012	1982.5	0.81
2	hDenV2/Colombia/un-OUCRU-0000029/2012	1982.5	0.81
2	hDenV2/Colombia/un-OUCRU-0000031/2011	1982.5	0.81
2	hDenV2/Colombia/un-OUCRU-0000042/2013	1982.5	2.25
2	hDenV2/Colombia/un-OUCRU-0000044/2014	1982.5	0.81
2	hDenV2/Colombia/un-OUCRU-0000047/2013	1982.5	0.81
2	hDenV2/Colombia/un-OUCRU-0000050/2013	1982.5	0.81
2	hDenV2/Colombia/un-OUCRU-0000051/2012	1982.5	0.81
2	hDenV2/Colombia/un-OUCRU-0000058/2012	1982.5	0.81
2	hDenV2/Colombia/un-OUCRU-0000062/2013	1982.5	0.81
2	hDenV2/Colombia/un-OUCRU-0000064/2013	1982.5	0.81
2	hDenV2/Colombia/un-OUCRU-0000065/2013	1982.5	1.7
2	hDenV2/Colombia/un-OUCRU-0000066/2013	1982.5	0.81
2	hDenV2/Colombia/un-OUCRU-0000067/2013	1982.5	0.81
2	hDenV2/Colombia/un-OUCRU-0000071/2013	1982.5	0.81
2	hDenV2/Colombia/un-OUCRU-0000072/2012	1982.5	0.81
2	hDenV2/Colombia/un-OUCRU-0000073/2013	1982.5	1.7
2	hDenV2/Colombia/un-OUCRU-0000077/2013	1982.5	0.81
2	hDenV2/Colombia/un-OUCRU-0000078/2013	1982.5	0.81
2	hDenV2/Colombia/un-OUCRU-0000080/2012	1982.5	0.81
2	hDenV2/Colombia/un-OUCRU-0000085/2012	1982.5	0.81
2	hDenV2/Colombia/un-OUCRU-0000086/2012	1982.5	0.81
2	hDenV2/Colombia/un-OUCRU-0000091/2012	1982.5	0.81
2	hDenV2/Colombia/un-OUCRU-0000094/2012	1982.5	0.81
2	hDenV2/Colombia/un-OUCRU-0000097/2012	1982.5	1.7
2	hDenV2/Colombia/un-OUCRU-0000098/2013	1982.5	1.99
2	hDenV2/Colombia/un-OUCRU-0000104/2013	1982.5	0.81
2	hDenV2/Colombia/un-OUCRU-0000107/2012	1982.5	0.81
2	hDenV2/Colombia/un-OUCRU-0000109/2013	1982.5	1.7
2	hDenV2/Colombia/un-OUCRU-0000113/2012	1982.5	0.81
2	hDenV2/Colombia/un-OUCRU-201214/2013	1982.5	2.15
2	hDenV2/Colombia/un-OUCRU-201233/2012	1982.5	0.81
2	hDenV2/Colombia/un-OUCRU-20129/2012	1982.5	0.81
2	hDenV2/Colombia/un-OUCRU-259/2012	1982.5	0.81
2	hDenV2/Colombia/un-OUCRU-260/2013	1982.5	2.15
2	hDenV2/Colombia/un-OUCRU-261/2012	1982.5	0.81
2	hDenV2/Colombia/un-UDEA-015/2005	1982.5	0.81
2	hDenV2/Colombia/un-UDEA-051/2005	1982.5	0.81
2	hDenV2/Colombia/un-UDEA-053/2005	1982.5	1.7
2	hDenV2/Colombia/un-UDEA-080/2004	1982.5	1.7
2	hDenV2/Colombia/un-UDEA-095/2005	1982.5	1.7
2	hDenV2/Colombia/un-UDEA-109/2005	1982.5	1.7
2	hDenV2/Colombia/un-UDEA-1114/2022	2004.5_3	0.0
2	hDenV2/Colombia/un-UDEA-1120/2022	2004.5_3	0.21
2	hDenV2/Colombia/un-UDEA-1125/2022	2004.5_3	0.0
2	hDenV2/Colombia/un-UDEA-1127/2022	2004.5_3	0.0
2	hDenV2/Colombia/un-UDEA-1142/2022	2004.5_3	0.0
2	hDenV2/Colombia/un-UDEA-1145/2022	2004.5_3	0.0
2	hDenV2/Colombia/un-UDEA-1146/2022	2004.5_3	0.89
2	hDenV2/Colombia/un-UDEA-1147/2022	2004.5_3	0.0
2	hDenV2/Colombia/un-UDEA-1153/2022	2004.5_3	0.0
2	hDenV2/Colombia/un-UDEA-1160/2022	2004.5_3	0.0
2	hDenV2/Colombia/un-UDEA-121063/2010	1982.5	1.7
2	hDenV2/Colombia/un-UDEA-122129/2010	1982.5	1.7
2	hDenV2/Colombia/un-UDEA-1262/2023	2004.5_3	0.0
2	hDenV2/Colombia/un-UDEA-14025/2002	1982.5	1.79
2	hDenV2/Colombia/un-UDEA-141242/2010	1982.5	1.7
2	hDenV2/Colombia/un-UDEA-16173/2002	1982.5	0.81
2	hDenV2/Colombia/un-UDEA-17942/2002	1982.5	0.81
2	hDenV2/Colombia/un-UDEA-18975/2001	1982.5	0.81
2	hDenV2/Colombia/un-UDEA-200/2005	1982.5	1.7
2	hDenV2/Colombia/un-UDEA-210/2005	1982.5	0.81
2	hDenV2/Colombia/un-UDEA-2395/2022	2004.5_3	0.89
2	hDenV2/Colombia/un-UDEA-253/2007	1982.5	0.81
2	hDenV2/Colombia/un-UDEA-311057/2010	1982.5	0.81
2	hDenV2/Colombia/un-UDEA-338/2007	1982.5	0.81
2	hDenV2/Colombia/un-UDEA-35H/2022	2004.5_3	0.0
2	hDenV2/Colombia/un-UDEA-3986/2007	1982.5	0.81
2	hDenV2/Colombia/un-UDEA-427305/2013	1982.5	0.81
2	hDenV2/Colombia/un-UDEA-446765/2015	1982.5	2.21
2	hDenV2/Colombia/un-UDEA-449277/2015	1996.653	2.91
2	hDenV2/Colombia/un-UDEA-450433/2015	1982.5	2.15
2	hDenV2/Colombia/un-UDEA-450614/2015	1982.5	1.79
2	hDenV2/Colombia/un-UDEA-456521/2016	1982.5	1.79
2	hDenV2/Colombia/un-UDEA-468118/2016	1996.653	1.93
2	hDenV2/Colombia/un-UDEA-6075/2006	1982.5	0.81
2	hDenV2/Colombia/un-UDEA-8496/2007	1982.5	0.81
2	hDenV2/Colombia/un-UDEA-AC37/2015	1982.5	1.99
2	hDenV2/Colombia/un-UDEA-AC79/2015	1982.5	0.81
2	hDenV2/Colombia/un-UDEA-LET1170/2022	2004.5_3	0.0
2	hDenV2/Colombia/un-UDEA-LET1172/2022	2004.5_3	0.0
2	hDenV2/Colombia/un-UDEA-LET1181/2022	2004.5_3	0.0
2	hDenV2/Colombia/un-UDEA-LET1184/2022	2004.5_3	0.0
2	hDenV2/Colombia/un-UDEA-LET1185/2022	2004.5_3	0.0
2	hDenV2/Colombia/un-UDEA-LET1191/2022	2004.5_3	0.0
2	hDenV2/Colombia/un-UDEA-LET1193/2022	2004.5_3	0.0
2	hDenV2/Colombia/un-UDEA-LET1198/2022	2004.5_3	0.0
2	hDenV2/Colombia/un-UDEA-LET1199/2022	2004.5_3	0.0
2	hDenV2/Colombia/un-UDEA-LET1202/2022	2004.5_3	0.0
2	hDenV2/Colombia/un-UDEA-LET1205/2022	2004.5_3	0.0
2	hDenV2/Colombia/un-UDEA-LET1206/2022	2004.5_3	0.0
2	hDenV2/Colombia/un-UDEA-LET1208/2022	2004.5_3	0.0
2	hDenV2/Colombia/un-UDEA-LET1209/2022	2004.5_3	0.0
2	hDenV2/Colombia/un-UDEA-LET1222/2022	2004.5_3	0.89
2	hDenV2/Colombia/un-UDEA-LET1225/2022	2004.5_3	0.0
2	hDenV2/Colombia/un-UDEA-LET1232/2022	2004.5_3	0.0
2	hDenV2/Colombia/un-UDEA-LET1235/2022	2004.5_3	0.0
2	hDenV2/Colombia/un-UDEA-LET1251/2023	2004.5_3	0.0
2	hDenV2/Colombia/un-UDEA-LET1259/2023	2004.5_3	0.0
2	hDenV2/Colombia/un-UDEA-LET1260/2023	2004.5_3	0.0
2	hDenV2/Colombia/un-UDEA-LET1266/2023	2004.5_3	0.0
2	hDenV2/Colombia/un-UDEA-LET1268/2023	2004.5_3	0.0
2	hDenV2/Colombia/un-UDEA-LET1269/2023	2004.5_3	0.0
2	hDenV2/Colombia/un-UDEA-LET1270/2023	2004.5_3	0.0
2	hDenV2/Colombia/un-UDEA-LET1275/2023	2004.5_3	0.0
2	hDenV2/Colombia/un-UDEA-LET1282/2023	2004.5_3	0.0
2	hDenV2/Colombia/un-UDEA-LET1286/2023	2004.5_3	0.0
2	hDenV2/Colombia/un-UDEA-LET1287/2023	2004.5_3	0.0
2	hDenV2/Colombia/un-UDEA-MIT1084/2005	1982.5	0.81
2	hDenV2/Colombia/un-UDEA-MIT1086/2005	1982.5	1.7
2	hDenV2/Colombia/un-UDEA-MIT1116/2007	1982.5	0.81
2	hDenV2/Colombia/un-UDEA-MIT1130/2001	1982.5	0.81
2	hDenV2/Colombia/un-UDEA-MIT1134/2007	1982.5	0.81
2	hDenV2/Colombia/un-UNICORDOBA-34/2021	1982.5	1.99
2	hDenV2/Colombia/un-Yale-DH158/2006	1982.5	1.7
2	hDenV2/Colombia/un-Yale-DN02326/2023	1982.5	2.25
2	hDenV2/Colombia/un-Yale-DN02338/2023	1982.5	2.25
2	hDenV2/Colombia/un-Yale-DN02356/2023	1982.5	2.57
2	hDenV2/Colombia/un-Yale-DN02366/2023	1982.5	1.99
2	hDenV2/Colombia/un-Yale-DN02370/2023	2004.5_3	0.0
2	hDenV2/Colombia/un-Yale-DN02372/2023	2004.5_3	0.0
2	hDenV2/Colombia/un-Yale-DN02409/2023	1982.5	1.99
2	hDenV2/Colombia/un-Yale-DN02410/2023	1982.5	1.99
2	hDenV2/Colombia/un-Yale-DN02417/2023	1982.5	1.99
2	hDenV2/Colombia/un-Yale-DN02428/2023	2004.5_3	0.0
2	hDenV2/Colombia/un-Yale-DN02431/2023	1982.5	1.99
2	hDenV2/Colombia/un-Yale-DN02434/2023	2004.5_3	0.0
2	hDenV2/Colombia/un-Yale-DN02444/2023	1982.5	1.99
2	hDenV2/Colombia/un-Yale-DN02466/2023	1982.5	2.25
2	hDenV2/Colombia/un-Yale-DN02473/2023	2007.241	0.0
2	hDenV2/Colombia/un-Yale-DN02485/2024	2004.5_3	0.0
2	hDenV2/Colombia/un-Yale-DN02494/2024	1982.5	1.1
2	hDenV2/Colombia/un-Yale-DN02516/2024	1982.5	2.25
2	hDenV2/Colombia/un-Yale-DN02518/2024	2004.5_3	0.0
2	hDenV2/Colombia/un-Yale-DN02519/2024	1982.5	1.36
2	hDenV2/Colombia/un-Yale-DN02520/2024	1982.5	1.99
2	hDenV2/Colombia/un-Yale-DN02524/2024	1982.5	2.25
2	hDenV2/Colombia/un-Yale-DN02525/2024	1982.5	1.1
2	hDenV2/Colombia/un-Yale-DN02534/2024	1982.5	1.36
2	hDenV2/Colombia/un-Yale-DN02538/2024	2004.5_3	0.0
2	hDenV2/Colombia/un-Yale-DN02542/2024	2004.5_3	0.0
2	hDenV2/Colombia/un-Yale-DN02543/2024	2004.5_3	0.0
2	hDenV2/Colombia/un-Yale-DN02547/2024	2004.5_3	0.0
2	hDenV2/Colombia/un-Yale-DN02554/2024	1982.5	1.99
2	hDenV2/Colombia/un-Yale-DN02565/2024	2004.5_3	0.0
2	hDenV2/Colombia/un-Yale-DN02566/2024	1982.5	1.99
2	hDenV2/Colombia/un-Yale-DN02567/2024	2004.5_3	0.0
2	hDenV2/Colombia/un-Yale-DN02568/2024	1982.5	2.25
2	hDenV2/Colombia/un-Yale-DN02572/2024	2004.5_3	0.0
2	hDenV2/Colombia/un-Yale-DN02574/2024	2004.5_3	0.0
2	hDenV2/Colombia/un-Yale-DN02692/2024	2004.5_3	0.0
2	hDenV2/Colombia/un-Yale-DN02693/2024	2004.5_3	0.0
2	hDenV2/Colombia/un-Yale-DN02702/2024	1982.5	2.57
2	hDenV2/Colombia/un-Yale-DN02710/2024	1982.5	2.25
2	hDenV2/Colombia/un-Yale-DN02712/2024	1982.5	1.99
2	hDenV2/Colombia/un-Yale-DN02714/2024	1982.5	1.99
2	hDenV2/Colombia/un-Yale-DN02715/2024	1982.5	1.99
2	hDenV2/Colombia/un-Yale-DN02719/2024	2004.5_3	0.0
2	hDenV2/Colombia/un-Yale-DN02720/2024	2007.241	0.0
2	hDenV2/Colombia/un-Yale-DN02724/2024	1982.5	1.99
2	hDenV2/Colombia/un-Yale-DN02726/2024	2004.5_3	0.0
2	hDenV2/Colombia/un-Yale-DN02729/2024	2004.5_3	0.0
2	hDenV2/Colombia/un-Yale-DN02731/2024	1982.5	2.25
2	hDenV2/Colombia/un-Yale-DN02732/2024	2007.241	0.0
2	hDenV2/Colombia/un-Yale-DN02734/2024	1982.5	1.99
2	hDenV2/Colombia/un-Yale-DN02736/2024	2007.241	0.0
2	hDenV2/Colombia/un-Yale-DN02737/2024	2007.241	0.0
2	hDenV2/Colombia/un-Yale-DN02742/2024	2004.5_3	0.0
2	hDenV2/Colombia/un-Yale-DN02745/2024	2004.5_3	0.0
2	hDenV2/Colombia/un-Yale-DN02746/2024	1982.5	1.99
2	hDenV2/Colombia/un-Yale-DN02747/2024	2004.5_3	0.0
2	hDenV2/Colombia/un-Yale-DN02753/2024	1982.5	1.99
2	hDenV2/Colombia/un-Yale-DN02755/2024	2004.5_3	0.0
2	hDenV2/Colombia/un-Yale-DN02758/2024	2004.5_3	0.0
2	hDenV2/Colombia/un-Yale-DN02762/2024	2004.5_3	0.0
2	hDenV2/Colombia/un-Yale-DN02766/2024	2007.241	0.0
2	hDenV2/Colombia/un-Yale-DN02767/2024	2004.5_3	0.0
2	hDenV2/Colombia/un-Yale-DN02768/2024	2004.5_3	0.0
2	hDenV2/Colombia/un-Yale-DN02770/2024	2004.5_3	0.0
2	hDenV2/Colombia/un-Yale-DN02784/2024	1982.5	1.36
2	hDenV2/Colombia/un-Yale-DN02786/2024	2007.241	0.0
2	hDenV2/Colombia/un-Yale-DN02787/2024	2007.241	0.0
2	hDenV2/Colombia/un-Yale-DN02788/2024	2004.5_3	0.0
2	hDenV2/Colombia/un-Yale-DN02790/2024	2004.5_3	0.0
2	hDenV2/Colombia/un-Yale-DN02793/2024	2004.5_3	0.0
2	hDenV2/Colombia/un-Yale-DN02795/2024	2004.5_3	0.0
2	hDenV2/Colombia/un-Yale-DN02799/2024	1982.5	2.25
2	hDenV2/Colombia/un-Yale-DN02805/2024	2004.5_3	0.0
2	hDenV2/Colombia/un-Yale-DN02807/2024	2004.5_3	0.0
2	hDenV2/Colombia/un-Yale-DN02809/2024	2004.5_3	0.0
2	hDenV2/Colombia/un-Yale-DN02811/2024	1982.5	1.99
2	hDenV2/Colombia/un-Yale-DN02831/2024	2004.5_3	0.0
2	hDenV2/Colombia/un-Yale-DN02832/2024	2004.5_3	0.0
2	hDenV2/Colombia/un-Yale-DN02833/2024	2004.5_3	0.64
2	hDenV2/Colombia/un-Yale-DN02834/2024	2004.5_3	0.64
2	hDenV2/Colombia/un-Yale-DN02841/2024	2004.5_3	0.0
2	hDenV2/Colombia/un-Yale-DN02843/2024	2004.5_3	0.0
2	hDenV2/Colombia/un-Yale-DN02845/2024	2007.241	0.0
2	hDenV2/Colombia/un-Yale-DN02849/2024	2007.241	0.0
2	hDenV2/Colombia/un-Yale-DN02853/2024	2004.5_3	0.0
2	hDenV2/Colombia/un-Yale-DN02859/2024	2007.241	0.0
2	hDenV2/Colombia/un-Yale-DN02865/2024	2004.5_3	0.0
2	hDenV2/Colombia/un-Yale-DN02866/2024	2004.5_3	0.0
2	hDenV2/Colombia/un-Yale-DN02868/2024	2004.5_3	0.0
2	hDenV2/Colombia/un-Yale-DN02871/2024	2004.5_3	0.0
2	hDenV2/Colombia/un-Yale-DN02873/2024	2004.5_3	0.0
2	hDenV2/Colombia/un-Yale-DN02874/2024	2004.5_3	0.0
2	hDenV2/Colombia/un-Yale-DN02875/2024	2007.241	0.0
2	hDenV2/Colombia/un-Yale-DN02879/2024	1964.5	0.0
2	hDenV2/Colombia/un-Yale-DN02881/2024	2004.5_3	0.0
2	hDenV2/Colombia/un-Yale-DN02882/2024	2004.5_3	0.0
2	hDenV2/Colombia/un-Yale-DN02884/2024	2007.241	0.0
2	hDenV2/Colombia/un-Yale-DN02885/2024	2004.5_3	0.0
3	hDenV3/Colombia/ANT-UDS-0109587/2012	2002.025	0.64
3	hDenV3/Colombia/ANT-UDS-0221590/2013	2002.025	0.64
3	hDenV3/Colombia/ANT-UDS-0267594/2014	2002.025	0.64
3	hDenV3/Colombia/ANT-UDS-0671588/2012	2002.025	0.64
3	hDenV3/Colombia/ANT-UDS-0690589/2013	2002.025	0.64
3	hDenV3/Colombia/ANT-UDS-0751591/2013	2002.025	0.64
3	hDenV3/Colombia/ANT-UDS-0757593/2013	2002.025	0.64
3	hDenV3/Colombia/ANT-UDS-0758592/2013	2002.025	0.0
3	hDenV3/Colombia/ANT-UIDS-1080215/2015	2002.025	1.29
3	hDenV3/Colombia/CAS-INS-450397/2015	2002.025	1.2
3	hDenV3/Colombia/CAS-INS-458997/2015	2002.025	0.64
3	hDenV3/Colombia/CUN-UEB-007/2014	2002.025	0.29
3	hDenV3/Colombia/NSA-BROAD-0000016/2005	2014.71	0.0
3	hDenV3/Colombia/NSA-BROAD-0000017/2005	2002.025	0.64
3	hDenV3/Colombia/NSA-BROAD-0000018/2006	2002.025	0.64
3	hDenV3/Colombia/NSA-BROAD-0000026/2005	2014.71	0.0
3	hDenV3/Colombia/NSA-UIDS-291/2015	2002.025	0.93
3	hDenV3/Colombia/NSA-UIDS-292/2014	2002.025	0.1
3	hDenV3/Colombia/NSA-UIDS-293/2002	2002.025	0.64
3	hDenV3/Colombia/NSA-UIDS-294/2002	2002.025	0.64
3	hDenV3/Colombia/NSA-UIDS-295/2002	2002.025	0.64
3	hDenV3/Colombia/NSA-UIDS-296/2003	2002.025	0.64
3	hDenV3/Colombia/NSA-UIDS-297/2003	2002.025	0.64
3	hDenV3/Colombia/NSA-UIDS-298/2003	2002.025	0.64
3	hDenV3/Colombia/NSA-UIDS-299/2003	2002.025	0.64
3	hDenV3/Colombia/NSA-UIDS-300/2003	2002.025	0.64
3	hDenV3/Colombia/NSA-UIDS-301/2003	2002.025	0.64
3	hDenV3/Colombia/NSA-UIDS-302/2007	2002.025	0.64
3	hDenV3/Colombia/NSA-UIDS-303/2007	2002.025	0.9
3	hDenV3/Colombia/NSA-UIDS-304/2007	2002.025	0.64
3	hDenV3/Colombia/NSA-UIDS-305/2008	2013.504	0.64
3	hDenV3/Colombia/NSA-UIDS-306/2009	2002.025	0.64
3	hDenV3/Colombia/NSA-UIDS-307/2009	2002.025	0.64
3	hDenV3/Colombia/NSA-UIDS-308/2009	2002.025	0.64
3	hDenV3/Colombia/NSA-UIDS-309/2010	2002.025	0.64
3	hDenV3/Colombia/NSA-UIDS-310/2010	2002.025	0.64
3	hDenV3/Colombia/NSA-UIDS-311/2010	2002.025	0.64
3	hDenV3/Colombia/NSA-UIDS-312/2010	2002.025	0.64
3	hDenV3/Colombia/NSA-UIDS-313/2010	2002.025	0.64
3	hDenV3/Colombia/NSA-UIDS-314/2010	2015.288	0.64
3	hDenV3/Colombia/NSA-UIDS-315/2010	2002.025	0.64
3	hDenV3/Colombia/NSA-UIDS-316/2010	2015.288	0.64
3	hDenV3/Colombia/NSA-UIDS-317/2010	2002.025	0.64
3	hDenV3/Colombia/NSA-UIDS-318/2010	2002.025	0.64
3	hDenV3/Colombia/NSA-UIDS-319/2010	2002.025	0.64
3	hDenV3/Colombia/NSA-UIDS-561/2015	2002.025	1.53
3	hDenV3/Colombia/NSA-UIDS-562/2015	2002.025	0.64
3	hDenV3/Colombia/NSA-UIDS-563/2014	2002.025	1.32
3	hDenV3/Colombia/NSA-UIDS-564/2014	2002.025	0.64
3	hDenV3/Colombia/RIS-INS-449326/2015	2002.025	0.0
3	hDenV3/Colombia/RIS-INS-449499/2015	2002.025	0.64
3	hDenV3/Colombia/RIS-INS-449683/2015	2002.025	0.0
3	hDenV3/Colombia/RIS-INS-449959/2015	2002.025	0.64
3	hDenV3/Colombia/RIS-INS-459860/2016	2002.025	0.0
3	hDenV3/Colombia/RIS-INS-476944/2016	2002.025	0.64
3	hDenV3/Colombia/RIS-INS-483948/2016	2002.025	0.0
3	hDenV3/Colombia/SAN-BROAD-0000034/2003	2015.288	0.64
3	hDenV3/Colombia/SAN-BROAD-0000035/2003	2002.025	1.28
3	hDenV3/Colombia/SAN-BROAD-0000038/2007	2002.025	0.9
3	hDenV3/Colombia/SAN-BROAD-0000040/2004	2002.025	0.64
3	hDenV3/Colombia/SAN-BROAD-0000042/2003	2015.288	0.64
3	hDenV3/Colombia/SAN-BROAD-0000043/2007	2002.025	0.64
3	hDenV3/Colombia/SAN-BROAD-0000045/2004	2002.025	0.64
3	hDenV3/Colombia/SAN-BROAD-0000049/2002	2002.025	0.64
3	hDenV3/Colombia/SAN-BROAD-0000052/2001	2002.025	0.64
3	hDenV3/Colombia/SAN-BROAD-0000054/2003	2002.025	0.64
3	hDenV3/Colombia/SAN-BROAD-0000057/2003	2002.025	0.64
3	hDenV3/Colombia/SAN-BROAD-0000059/2003	2002.025	0.64
3	hDenV3/Colombia/SAN-BROAD-2978/2001	2002.025	0.64
3	hDenV3/Colombia/SAN-BROAD-3012/2001	2002.025	0.64
3	hDenV3/Colombia/SAN-UIS-0000038/2016	2002.025	1.22
3	hDenV3/Colombia/SAN-UIS-0000044/2016	2002.025	1.22
3	hDenV3/Colombia/SAN-UIS-0000045/2016	2002.025	0.0
3	hDenV3/Colombia/SAN-UIS-0000049/2016	2002.025	0.64
3	hDenV3/Colombia/SAN-UIS-0000053/2014	2002.025	1.32
3	hDenV3/Colombia/SUC-UDS-Cz08584/2013	2015.288	1.71
3	hDenV3/Colombia/SUC-UDS-Cz19583/2013	2015.288	1.71
3	hDenV3/Colombia/SUC-UDS-Si36585/2013	2013.51	1.45
3	hDenV3/Colombia/VAC-LSPVAC-05877-VI/2023	2002.025	0.64
3	hDenV3/Colombia/VAC-LSPVAC-06323-VI/2023	2002.025	0.64
3	hDenV3/Colombia/VAC-LSPVAC-06340-VI/2023	2002.025	0.64
3	hDenV3/Colombia/VAC-LSPVAC-06427-VI/2023	2002.025	0.64
3	hDenV3/Colombia/VAC-LSPVAC-06515-VI/2023	2002.025	0.64
3	hDenV3/Colombia/VAC-LSPVAC-06576-VI/2023	2002.025	0.64
3	hDenV3/Colombia/VAC-LSPVAC-08356-2-VI/2023	2002.025	0.64
3	hDenV3/Colombia/VAC-LSPVAC-08627-2-VI/2023	2002.025	0.64
3	hDenV3/Colombia/VAC-LSPVAC-08706-2-VI/2023	2002.025	0.64
3	hDenV3/Colombia/VAC-LSPVAC-08766-2-VI/2023	2002.025	0.64
3	hDenV3/Colombia/VAC-LSPVAC-08909-2-VI/2023	2002.025	0.64
3	hDenV3/Colombia/VAC-LSPVAC-20240920-1033-VIG/2024	2002.025	0.64
3	hDenV3/Colombia/VAC-LSPVAC-2306512/2023	2002.025	0.64
3	hDenV3/Colombia/VAC-LSPVAC-2306514/2023	2002.025	0.64
3	hDenV3/Colombia/VAC-LSPVAC-2306902/2023	2002.025	0.64
3	hDenV3/Colombia/VAC-LSPVAC-2400189/2024	2002.025	0.64
3	hDenV3/Colombia/VAC-LSPVAC-2401605/2024	2002.025	0.64
3	hDenV3/Colombia/VAC-LSPVAC-2401928/2024	2002.025	0.64
3	hDenV3/Colombia/VAC-LSPVAC-2402565/2024	2002.025	0.64
3	hDenV3/Colombia/VAC-LSPVAC-2402603/2024	2002.025	0.64
3	hDenV3/Colombia/VAC-LSPVAC-2402864/2024	2002.025	0.64
3	hDenV3/Colombia/VAC-LSPVAC-2404366/2024	2002.025	0.64
3	hDenV3/Colombia/VAC-LSPVAC-2404622/2024	2002.025	0.64
3	hDenV3/Colombia/VAC-LSPVAC-2404889/2024	2002.025	0.64
3	hDenV3/Colombia/VAC-LSPVAC-2405830/2024	2002.025	0.64
3	hDenV3/Colombia/VAC-LSPVAC-2405862-VI/2024	2002.025	0.64
3	hDenV3/Colombia/VAC-LSPVAC-2406948-VI/2024	2002.025	0.64
3	hDenV3/Colombia/VAC-LSPVAC-2406989-VI/2024	2002.025	0.64
3	hDenV3/Colombia/VAC-LSPVAC-2407187-VI/2024	2002.025	0.64
3	hDenV3/Colombia/VAC-LSPVAC-2407349-VI/2024	2002.025	0.64
3	hDenV3/Colombia/VAC-LSPVAC-2407446-VI/2024	2002.025	0.64
3	hDenV3/Colombia/VAC-LSPVAC-2407449-VI/2024	2002.025	0.64
3	hDenV3/Colombia/VAC-LSPVAC-2407697-VI/2024	2002.025	0.64
3	hDenV3/Colombia/VAC-LSPVAC-2407990-VI/2024	2002.025	0.64
3	hDenV3/Colombia/un-CDC-029/2007	2002.025	0.9
3	hDenV3/Colombia/un-CIET-00002/2001	2002.025	0.64
3	hDenV3/Colombia/un-CIET-00003/2001	2002.025	0.64
3	hDenV3/Colombia/un-CIET-00004/2002	2002.025	0.64
3	hDenV3/Colombia/un-CIET-00005/2003	2002.025	0.64
3	hDenV3/Colombia/un-CIET-00006/2003	2002.025	1.28
3	hDenV3/Colombia/un-CIET-00007/2003	2002.025	0.64
3	hDenV3/Colombia/un-CIET-00008/2003	2002.025	0.64
3	hDenV3/Colombia/un-CIET-00009/2003	2002.025	0.64
3	hDenV3/Colombia/un-CIET-00010/2003	2015.288	0.64
3	hDenV3/Colombia/un-CIET-00011/2004	2002.025	0.64
3	hDenV3/Colombia/un-CIET-00012/2004	2002.025	0.64
3	hDenV3/Colombia/un-CIET-00013/2004	2002.025	0.64
3	hDenV3/Colombia/un-CIET-00014/2005	2014.71	0.0
3	hDenV3/Colombia/un-CIET-00015/2006	2002.025	0.64
3	hDenV3/Colombia/un-CIET-00016/2006	2002.025	0.64
3	hDenV3/Colombia/un-CIET-00017/2007	2002.025	0.64
3	hDenV3/Colombia/un-CIET-00018/2007	2002.025	1.36
3	hDenV3/Colombia/un-CIET-00019/2004	2002.025	0.93
3	hDenV3/Colombia/un-CIET-00020/2005	2002.025	0.64
3	hDenV3/Colombia/un-CIET-00022/2002	2002.025	0.64
3	hDenV3/Colombia/un-CIET-00023/2006	2014.71	0.0
3	hDenV3/Colombia/un-CNIH-449335/2015	2002.025	0.0
3	hDenV3/Colombia/un-CNIH-449686/2015	2002.025	0.64
3	hDenV3/Colombia/un-CNIH-449982/2015	2002.025	0.64
3	hDenV3/Colombia/un-CNIH-476947/2016	2002.025	0.0
3	hDenV3/Colombia/un-FNSP-110490373/2003	2002.025	0.64
3	hDenV3/Colombia/un-FNSP-158590270/2002	2002.025	0.64
3	hDenV3/Colombia/un-FNSP-164070271/2002	2014.71	0.0
3	hDenV3/Colombia/un-FNSP-182060578/2005	2002.025	0.64
3	hDenV3/Colombia/un-FNSP-223790472/2004	2002.025	0.64
3	hDenV3/Colombia/un-FNSP-312330474/2004	2002.025	0.64
3	hDenV3/Colombia/un-FNSP-34190768/2007	2014.71	0.0
3	hDenV3/Colombia/un-FNSP-34540776/2007	2002.025	0.64
3	hDenV3/Colombia/un-FNSP-38320677/2006	2002.025	0.64
3	hDenV3/Colombia/un-FNSP-49430675/2006	2002.025	0.64
3	hDenV3/Colombia/un-FNSP-52920369/2003	2014.71	0.0
3	hDenV3/Colombia/un-HCB-3123670/2016	2002.025	0.0
3	hDenV3/Colombia/un-INS-449241/2015	2002.025	0.64
3	hDenV3/Colombia/un-INS-449255/2015	2002.025	0.0
3	hDenV3/Colombia/un-INS-449334/2015	2002.025	0.64
3	hDenV3/Colombia/un-INS-484832/2016	2002.025	0.74
3	hDenV3/Colombia/un-OUCRU-0000001/2013	2002.025	0.58
3	hDenV3/Colombia/un-OUCRU-0000002/2012	2002.025	0.79
3	hDenV3/Colombia/un-OUCRU-0000004/2013	2002.025	0.58
3	hDenV3/Colombia/un-OUCRU-0000007/2013	2002.025	0.58
3	hDenV3/Colombia/un-OUCRU-0000009/2013	2002.025	0.64
3	hDenV3/Colombia/un-OUCRU-0000013/2013	2002.025	0.58
3	hDenV3/Colombia/un-OUCRU-0000017/2012	2002.025	0.58
3	hDenV3/Colombia/un-OUCRU-0000018/2012	2002.025	0.58
3	hDenV3/Colombia/un-OUCRU-0000019/2013	2002.025	0.0
3	hDenV3/Colombia/un-OUCRU-0000020/2013	2002.025	0.0
3	hDenV3/Colombia/un-OUCRU-0000021/2012	2002.025	0.58
3	hDenV3/Colombia/un-OUCRU-0000022/2012	2002.025	0.0
3	hDenV3/Colombia/un-OUCRU-0000024/2013	2002.025	0.0
3	hDenV3/Colombia/un-OUCRU-0000025/2012	2002.025	0.58
3	hDenV3/Colombia/un-OUCRU-0000026/2013	2002.025	0.58
3	hDenV3/Colombia/un-OUCRU-0000027/2013	2002.025	0.58
3	hDenV3/Colombia/un-OUCRU-0000028/2013	2002.025	0.58
3	hDenV3/Colombia/un-OUCRU-0000030/2012	2002.025	0.58
3	hDenV3/Colombia/un-OUCRU-0000032/2013	2002.025	0.58
3	hDenV3/Colombia/un-OUCRU-0000033/2013	2002.025	0.58
3	hDenV3/Colombia/un-OUCRU-0000034/2012	2002.025	0.58
3	hDenV3/Colombia/un-OUCRU-0000035/2013	2002.025	1.43
3	hDenV3/Colombia/un-OUCRU-0000036/2013	2002.025	0.58
3	hDenV3/Colombia/un-OUCRU-0000037/2012	2002.025	0.0
3	hDenV3/Colombia/un-OUCRU-0000038/2013	2002.025	0.58
3	hDenV3/Colombia/un-OUCRU-0000039/2012	2002.025	0.0
3	hDenV3/Colombia/un-OUCRU-0000041/2012	2002.025	0.58
3	hDenV3/Colombia/un-OUCRU-0000054/2013	2002.025	1.22
3	hDenV3/Colombia/un-OUCRU-0000055/2013	2002.025	1.22
3	hDenV3/Colombia/un-OUCRU-0000056/2013	2002.025	1.22
3	hDenV3/Colombia/un-OUCRU-0000057/2013	2002.025	1.22
3	hDenV3/Colombia/un-OUCRU-0000059/2013	2002.025	0.64
3	hDenV3/Colombia/un-OUCRU-0000079/2013	2002.025	1.22
3	hDenV3/Colombia/un-OUCRU-0000082/2013	2002.025	0.46
3	hDenV3/Colombia/un-OUCRU-0000083/2013	2002.025	0.0
3	hDenV3/Colombia/un-OUCRU-0000084/2013	2002.025	0.58
3	hDenV3/Colombia/un-OUCRU-0000089/2012	2002.025	0.58
3	hDenV3/Colombia/un-OUCRU-0000099/2012	2002.025	0.58
3	hDenV3/Colombia/un-OUCRU-0000100/2013	2002.025	0.58
3	hDenV3/Colombia/un-OUCRU-0000101/2013	2002.025	0.58
3	hDenV3/Colombia/un-OUCRU-0000102/2013	2002.025	1.22
3	hDenV3/Colombia/un-OUCRU-0000103/2012	2002.025	0.58
3	hDenV3/Colombia/un-OUCRU-0000105/2013	2002.025	0.58
3	hDenV3/Colombia/un-OUCRU-0000106/2013	2002.025	0.0
3	hDenV3/Colombia/un-OUCRU-0000108/2012	2002.025	1.22
3	hDenV3/Colombia/un-OUCRU-0000110/2013	2002.025	0.64
3	hDenV3/Colombia/un-OUCRU-0000111/2013	2002.025	0.0
3	hDenV3/Colombia/un-OUCRU-0000112/2013	2002.025	1.51
3	hDenV3/Colombia/un-OUCRU-30121/2012	2002.025	1.51
3	hDenV3/Colombia/un-OUCRU-301222/2013	2002.025	0.58
3	hDenV3/Colombia/un-OUCRU-603/2012	2002.025	1.51
3	hDenV3/Colombia/un-OUCRU-605/2013	2002.025	0.58
3	hDenV3/Colombia/un-UIS-0000001/2014	2002.025	1.77
3	hDenV3/Colombia/un-UIS-0000002/2015	2002.025	0.29
3	hDenV3/Colombia/un-UWM-12363/2005	2002.025	0.64
3	hDenV3/Colombia/un-UWM-2731/2007	2002.025	0.64
3	hDenV3/Colombia/un-UWM-2754/2007	2002.025	0.64
3	hDenV3/Colombia/un-UWM-2836/2003	2002.025	0.64
3	hDenV3/Colombia/un-UWM-28888/2006	2014.71	0.0
3	hDenV3/Colombia/un-UWM-5379/2003	2014.71	0.0
3	hDenV3/Colombia/un-UWM-5952/2003	2014.71	0.0
3	hDenV3/Colombia/un-UWM-6003/2007	2014.71	0.0
3	hDenV3/Colombia/un-UWM-7370/2006	2002.025	0.64
3	hDenV3/Colombia/un-UWM-JAC/2009	2002.025	0.0
3	hDenV3/Colombia/un-Yale-DH163/2003	2002.025	0.64
3	hDenV3/Colombia/un-Yale-DN02322/2023	2002.025	0.64
3	hDenV3/Colombia/un-Yale-DN02335/2023	2002.025	0.64
3	hDenV3/Colombia/un-Yale-DN02341/2023	2002.025	0.64
3	hDenV3/Colombia/un-Yale-DN02343/2023	2002.025	0.64
3	hDenV3/Colombia/un-Yale-DN02344/2023	2002.025	0.64
3	hDenV3/Colombia/un-Yale-DN02369/2023	2002.025	0.64
3	hDenV3/Colombia/un-Yale-DN02374/2023	2002.025	0.64
3	hDenV3/Colombia/un-Yale-DN02381/2023	2002.025	0.64
3	hDenV3/Colombia/un-Yale-DN02396/2023	2002.025	0.64
3	hDenV3/Colombia/un-Yale-DN02411/2023	2002.025	0.64
3	hDenV3/Colombia/un-Yale-DN02415/2023	2002.025	2.19
3	hDenV3/Colombia/un-Yale-DN02422/2023	2002.025	0.64
3	hDenV3/Colombia/un-Yale-DN02433/2023	2002.025	0.9
3	hDenV3/Colombia/un-Yale-DN02462/2023	2002.025	0.64
3	hDenV3/Colombia/un-Yale-DN02464/2023	2002.025	0.64
3	hDenV3/Colombia/un-Yale-DN02469/2023	2002.025	0.74
3	hDenV3/Colombia/un-Yale-DN02477/2024	2002.025	0.64
3	hDenV3/Colombia/un-Yale-DN02502/2024	2002.025	0.64
3	hDenV3/Colombia/un-Yale-DN02514/2024	2002.025	0.64
3	hDenV3/Colombia/un-Yale-DN02539/2024	2002.025	0.64
3	hDenV3/Colombia/un-Yale-DN02561/2024	2002.025	0.64
3	hDenV3/Colombia/un-Yale-DN02564/2024	2002.025	0.64
3	hDenV3/Colombia/un-Yale-DN02576/2024	2002.025	0.74
3	hDenV3/Colombia/un-Yale-DN02580/2024	2002.025	0.64
3	hDenV3/Colombia/un-Yale-DN02581/2024	2002.025	0.64
3	hDenV3/Colombia/un-Yale-DN02583/2024	2002.025	0.64
3	hDenV3/Colombia/un-Yale-DN02586/2024	2002.025	0.74
3	hDenV3/Colombia/un-Yale-DN02694/2024	2002.025	0.64
3	hDenV3/Colombia/un-Yale-DN02716/2024	2002.025	0.64
3	hDenV3/Colombia/un-Yale-DN02760/2024	2002.025	0.64
3	hDenV3/Colombia/un-Yale-DN02773/2024	2002.025	0.93
3	hDenV3/Colombia/un-Yale-DN02774/2024	2002.025	0.64
3	hDenV3/Colombia/un-Yale-DN02780/2024	2002.025	0.64
3	hDenV3/Colombia/un-Yale-DN02782/2024	2002.025	0.64
3	hDenV3/Colombia/un-Yale-DN02783/2024	2002.025	0.64
3	hDenV3/Colombia/un-Yale-DN02785/2024	2002.025	0.64
3	hDenV3/Colombia/un-Yale-DN02798/2024	2002.025	0.64
3	hDenV3/Colombia/un-Yale-DN02819/2024	2002.025	0.64
3	hDenV3/Colombia/un-Yale-DN02824/2024	2002.025	0.64
3	hDenV3/Colombia/un-Yale-DN02848/2024	2002.025	0.64
3	hDenV3/Colombia/un-Yale-DN02850/2024	2002.025	0.64
3	hDenV3/Colombia/un-Yale-DN02852/2024	2002.025	0.64
4	hDenV4/Colombia/ANT-UDS-0179595/2013	1999.5	1.73
4	hDenV4/Colombia/ANT-UDS-0676596/2013	1999.5	1.73
4	hDenV4/Colombia/ANT-UDS-0678597/2013	1999.5	1.73
4	hDenV4/Colombia/ANT-UDS-0681598/2013	1999.5	1.73
4	hDenV4/Colombia/ANT-UDS-0728599/2013	1999.5	1.73
4	hDenV4/Colombia/ANT-UDS-0732600/2013	1999.5	1.73
4	hDenV4/Colombia/ANT-UDS-1723601/2013	1999.5	1.73
4	hDenV4/Colombia/CES-UR-P201080317/2015	1999.5	1.73
4	hDenV4/Colombia/CUN-UEB-032/2014	1999.5	1.44
4	hDenV4/Colombia/NSA-BROAD-0000022/2005	1999.5	1.73
4	hDenV4/Colombia/NSA-UIS-0000003/2005	1999.5	1.94
4	hDenV4/Colombia/NSA-UIS-0000004/2005	1999.5	1.94
4	hDenV4/Colombia/RIS-INS-426553/2013	1999.5	2.18
4	hDenV4/Colombia/SAN-BROAD-0000027/2001	1999.5	0.74
4	hDenV4/Colombia/SAN-BROAD-0000028/2001	1999.5	0.45
4	hDenV4/Colombia/SAN-BROAD-0000039/2001	1999.5	0.45
4	hDenV4/Colombia/SAN-BROAD-0000047/2004	1999.5	1.94
4	hDenV4/Colombia/SAN-BROAD-0000051/2004	1999.5	1.94
4	hDenV4/Colombia/SAN-BROAD-0000056/2001	1999.5	0.45
4	hDenV4/Colombia/SAN-UIS-0000021/2004	1999.5	1.73
4	hDenV4/Colombia/SAN-UIS-0000022/2001	1999.5	0.45
4	hDenV4/Colombia/SAN-UIS-0000024/2004	1999.5	0.45
4	hDenV4/Colombia/SAN-UIS-0000025/2004	1999.5	1.73
4	hDenV4/Colombia/SAN-UIS-0000026/2001	1999.5	1.32
4	hDenV4/Colombia/SAN-UIS-0000027/2001	1999.5	0.74
4	hDenV4/Colombia/SAN-UIS-0000035/2015	1999.5	0.0
4	hDenV4/Colombia/SAN-UIS-0000039/2016	1999.5	0.0
4	hDenV4/Colombia/SAN-UIS-0000042/2016	1999.5	1.73
4	hDenV4/Colombia/SAN-UR-F14100091/2014	1999.5	1.73
4	hDenV4/Colombia/SAN-UR-LV111117/2014	1999.5	1.73
4	hDenV4/Colombia/SAN-UR-LV121101/2010	1999.5	1.73
4	hDenV4/Colombia/SAN-UR-LV122006/2009	1999.5	1.73
4	hDenV4/Colombia/SAN-UR-LV141007/2010	1999.5	1.73
4	hDenV4/Colombia/SAN-UR-LV141010/2010	1999.5	1.73
4	hDenV4/Colombia/SAN-UR-LV141021/2010	1999.5	1.73
4	hDenV4/Colombia/SAN-UR-LV192075/2009	1999.5	1.73
4	hDenV4/Colombia/SAN-UR-P200120105/2015	1999.5	1.73
4	hDenV4/Colombia/SAN-UR-P202090076/2015	1999.5	1.73
4	hDenV4/Colombia/VAC-LSPVAC-2401630/2024	1999.5	1.73
4	hDenV4/Colombia/VAC-LSPVAC-2403871/2024	1999.5	1.73
4	hDenV4/Colombia/un-CDC-039/2006	1999.5	0.45
4	hDenV4/Colombia/un-INS-480579/2016	1999.5	1.73
4	hDenV4/Colombia/un-OUCRU-401211/2013	1999.5	1.73
4	hDenV4/Colombia/un-OUCRU-401213/2013	1999.5	1.73
4	hDenV4/Colombia/un-OUCRU-401215/2013	1999.5	1.96
4	hDenV4/Colombia/un-OUCRU-594/2013	1999.5	1.73
4	hDenV4/Colombia/un-OUCRU-595/2013	1999.5	1.73
4	hDenV4/Colombia/un-OUCRU-596/2013	1999.5	1.96
