Virus name	Serotype	Genotype	Lineage	Accession ID	Collection date	Location	Host	Additional location information	Sampling strategy	Gender	Patient age	Patient status	Vaccination history	Last vaccination date	Passage	Specimen	Additional host information	AA Substitutions	Sequence Length
hDenV4/Colombia/un-OUCRU-401211/2013	DENV4	II	4II_B.1	EPI_ISL_17410874	2013	South America / Colombia	Human			unknown	unknown	unknown			Original			(E_T58A,E_M163T,E_S64L,prM_A15T,E_I351V,E_V229A,E_S354A,E_K291R,E_A222T,prM_S2H)	1983
hDenV4/Colombia/un-OUCRU-401213/2013	DENV4	II	4II_B.1.1	EPI_ISL_17410876	2013	South America / Colombia	Human			unknown	unknown	unknown			Original			(E_M163T,E_S64L,E_I351V,E_S354A,E_A222T,prM_S2H)	1983
hDenV4/Colombia/un-OUCRU-401215/2013	DENV4	II	4II_B.1	EPI_ISL_17410878	2013	South America / Colombia	Human			unknown	unknown	unknown			Original			(E_N360D,E_M163T,E_S64L,E_I351V,E_S354A,E_A222T,prM_S2H)	1983
hDenV4/Colombia/SAN-UIS-0000035/2015	DENV4	II	4II_A	EPI_ISL_17434685	2015	South America / Colombia / Santander	Human			unknown	unknown	unknown			Original			(E_N384D,E_S120L,E_M163T,E_M475T,E_T221A,E_L357F)	1485
hDenV4/Colombia/SAN-UIS-0000039/2016	DENV4	II	4II_A	EPI_ISL_17434688	2016	South America / Colombia / Santander	Human			unknown	unknown	unknown			Original			(E_N384D,E_S120L,E_M163T,E_M475T,E_T221A,E_L357F)	1485
hDenV4/Colombia/SAN-UIS-0000042/2016	DENV4	II	4II_B.1	EPI_ISL_17434691	2016	South America / Colombia / Santander	Human			unknown	unknown	unknown			Original			(E_M163T,E_S64L,E_I351V,E_V229A,E_S354A,E_K291R,E_A222T)	1485
hDenV4/Colombia/NSA-BROAD-0000022/2005	DENV4	II	4II_B.1	EPI_ISL_17436872	2005	South America / Colombia / Norte de Santander	Human			unknown	unknown	unknown			Original	Other: Cell supernatant		(NS2A_V112T,E_M163T,NS1_A6V,NS3_P435T,E_S64L,NS2B_V116I,NS5_K649R,NS1_V108A,NS3_K14Q,NS5_V78I,NS2A_P159S,E_S354A,prM_S2H,NS1_K11R,NS2A_I72T,NS1_D290N,E_G275E,NS5_T826I,NS3_R594K,E_I351V,NS1_K214R,NS2A_V35A,NS2B_V74I,E_A222T,NS3_E558K,NS1_L153F)	10606
hDenV4/Colombia/SAN-BROAD-0000047/2004	DENV4	II	4II_B.1	EPI_ISL_17436874	2004	South America / Colombia / Santander	Human			unknown	unknown	unknown			Original	Other: Cell supernatant		(NS2A_V112T,E_M163T,NS1_A6V,NS3_P435T,E_S64L,E_V379M,NS5_K649R,NS1_V108A,NS3_K14Q,NS1_T105A,NS2A_P159S,E_S354A,NS5_N427S,prM_S2H,NS1_K11R,NS2A_I72T,NS3_K608Q,NS5_T826I,NS3_R594K,E_I351V,NS1_K214R,NS2A_V35A,NS2B_V74I,E_A222T,NS3_E558K,NS1_L153F)	10551
hDenV4/Colombia/SAN-BROAD-0000051/2004	DENV4	II	4II_B.1	EPI_ISL_17436878	2004	South America / Colombia / Santander	Human			unknown	unknown	unknown			Original	Other: Cell supernatant		(NS2A_V112T,E_Q88R,E_M163T,NS1_A6V,NS3_P435T,E_S64L,E_V379M,NS5_K649R,NS1_V108A,NS3_K14Q,NS1_T105A,NS2A_P159S,E_S354A,NS5_N427S,prM_S2H,NS1_K11R,NS2A_I72T,NS5_T826I,NS3_R594K,E_I351V,NS1_K214R,NS2A_V35A,NS2B_V74I,E_A222T,NS3_E558K,NS1_L153F)	10552
hDenV4/Colombia/SAN-BROAD-0000056/2001	DENV4	II	4II_B	EPI_ISL_17436883	2001	South America / Colombia / Santander	Human			unknown	unknown	unknown			Original	Other: Cell supernatant		(C_V111I,NS2A_V112T,NS3_K91R,E_M163T,NS1_S339N,NS1_A6V,NS3_P435T,E_S64L,NS5_G608S,NS4A_V97I,NS5_K649R,NS2A_G3S,NS3_K14Q,prM_V57I,NS2A_L113F,NS2A_P159S,NS3_F31L,NS5_N427S,prM_S2H,NS4A_V90M,NS1_K11R,NS2A_I72T,NS5_T826I,NS5_N390S,NS5_K646N,NS1_K214R,NS2A_V35A,NS2B_V74I,NS3_E558K)	10598
hDenV4/Colombia/SAN-BROAD-0000027/2001	DENV4	II	4II_B	EPI_ISL_17436897	2001	South America / Colombia / Santander	Human			unknown	unknown	unknown			Original	Other: Cell supernatant		(C_V111I,E_Q494R,NS2A_V112T,NS3_K91R,NS4B_T242A,E_M163T,NS1_A6V,NS3_P435T,E_S64L,NS4A_V97I,NS5_K649R,NS2A_G3S,NS3_K14Q,NS4A_I68T,prM_V57I,NS2A_P159S,2K_T16A,prM_S2H,NS4A_V90M,NS1_K11R,NS2A_I72T,NS5_T826I,NS3_R142K,NS5_N390S,NS5_K646N,E_I351V,NS1_K214R,NS2A_V35A,NS2B_V74I,prM_V156I,NS3_E558K)	10593
hDenV4/Colombia/SAN-BROAD-0000028/2001	DENV4	II	4II_B	EPI_ISL_17436898	2001	South America / Colombia / Santander	Human			unknown	unknown	unknown			Original	Other: Cell supernatant		(C_V111I,NS2A_V112T,NS3_K91R,E_M163T,NS1_S339N,NS1_A6V,NS3_P435T,E_S64L,NS5_G608S,NS4A_V97I,NS5_K649R,NS2A_G3S,NS3_K14Q,prM_V57I,NS2A_L113F,NS2A_P159S,NS3_F31L,NS5_N427S,prM_S2H,NS4A_V90M,NS1_K11R,NS2A_I72T,NS5_T826I,NS5_N390S,NS5_K646N,NS1_K214R,NS2A_V35A,NS2B_V74I,NS3_E558K)	10606
hDenV4/Colombia/SAN-BROAD-0000039/2001	DENV4	II	4II_B	EPI_ISL_17436909	2001	South America / Colombia / Santander	Human			unknown	unknown	unknown			Original	Other: Cell supernatant		(C_V111I,NS2A_V112T,NS3_K91R,E_M163T,NS1_S339N,NS1_A6V,NS3_P435T,E_S64L,NS5_G608S,NS4A_V97I,NS5_K649R,NS2A_G3S,NS3_K14Q,prM_V57I,NS2A_L113F,NS2A_P159S,NS3_F31L,NS5_N427S,prM_S2H,NS4A_V90M,NS1_K11R,NS2A_I72T,NS5_T826I,NS5_N390S,NS5_K646N,NS1_K214R,NS2A_V35A,NS2B_V74I,NS3_E558K)	10592
hDenV4/Colombia/SAN-UIS-0000021/2004	DENV4	II	4II_B.1	EPI_ISL_17440123	2004	South America / Colombia / Santander	Human			unknown	unknown	unknown			Original			(E_M163T,E_G275E,E_S64L,E_I351V,E_S354A,E_A222T)	1485
hDenV4/Colombia/SAN-UIS-0000022/2001	DENV4	II	4II_B	EPI_ISL_17440124	2001	South America / Colombia / Santander	Human			unknown	unknown	unknown			Original			(E_M163T,E_S64L)	1485
hDenV4/Colombia/NSA-UIS-0000004/2005	DENV4	II	4II_B.1	EPI_ISL_17440125	2005	South America / Colombia / Norte de Santander	Human			unknown	unknown	unknown			Original			(E_M163T,E_V379M,E_S64L,E_I351V,E_S354A,E_A222T)	1485
hDenV4/Colombia/NSA-UIS-0000003/2005	DENV4	II	4II_B.1	EPI_ISL_17440126	2005	South America / Colombia / Norte de Santander	Human			unknown	unknown	unknown			Original			(E_M163T,E_S64L,E_V379M,E_I351V,E_S354A,E_A222T)	1485
hDenV4/Colombia/SAN-UIS-0000027/2001	DENV4	II	4II_B	EPI_ISL_17440128	2001	South America / Colombia / Santander	Human			unknown	unknown	unknown			Original			(E_Q494R,E_M163T,E_S64L,E_I351V)	1485
hDenV4/Colombia/SAN-UIS-0000026/2001	DENV4	II	4II_B	EPI_ISL_17440129	2001	South America / Colombia / Santander	Human			unknown	unknown	unknown			Original			(E_M163T,E_S64L,E_I351V,E_T361S)	1485
hDenV4/Colombia/SAN-UIS-0000024/2004	DENV4	II	4II_B	EPI_ISL_17440130	2004	South America / Colombia / Santander	Human			unknown	unknown	unknown			Original			(E_M163T,E_S64L)	1485
hDenV4/Colombia/SAN-UIS-0000025/2004	DENV4	II	4II_B.1	EPI_ISL_17440131	2004	South America / Colombia / Santander	Human			unknown	unknown	unknown			Original			(E_M163T,E_G275E,E_S64L,E_I351V,E_S354A,E_A222T)	1485
hDenV4/Colombia/un-CDC-039/2006	DENV4	II	4II_B	EPI_ISL_17567658	2006	South America / Colombia	Human			unknown	unknown	unknown			Original	Serum		(E_F461L)	1485
hDenV4/Colombia/un-OUCRU-596/2013	DENV4	II	4II_B.1	EPI_ISL_17610583	2013	South America / Colombia	Human			unknown	unknown	unknown			Original	Serum		(E_N360D,E_M163T,E_S64L,E_I351V,E_S354A,E_A222T,prM_S2H)	1983
hDenV4/Colombia/un-OUCRU-595/2013	DENV4	II	4II_B.1.1	EPI_ISL_17610584	2013	South America / Colombia	Human			unknown	unknown	unknown			Original	Serum		(E_M163T,E_S64L,E_I351V,E_S354A,E_A222T,prM_S2H)	1983
hDenV4/Colombia/un-OUCRU-594/2013	DENV4	II	4II_B.1	EPI_ISL_17610586	2013	South America / Colombia	Human			unknown	unknown	unknown			Original	Serum		(E_T58A,E_M163T,E_S64L,prM_A15T,E_I351V,E_V229A,E_S354A,E_K291R,E_A222T,prM_S2H)	1983
hDenV4/Colombia/RIS-INS-426553/2013	DENV4	II	4II_B.1	EPI_ISL_17783352	2013-09-18	South America / Colombia / Risaralda	Human			unknown	unknown	unknown			C6-36	Serum		(NS5_K289R,NS2A_V112T,E_M163T,NS1_A6V,NS2B_V116I,NS3_K480R,NS5_K649R,NS3_T583N,NS1_V108A,NS3_K14Q,E_E311D,NS2A_M158T,NS2A_P159S,NS1_D136G,E_S354A,prM_S2H,NS1_K11R,NS2A_I72T,NS1_D290N,NS5_T826I,NS3_C59A,NS3_V282I,NS3_R594K,E_I351V,NS1_K214R,NS2A_V35A,NS5_S313P,NS2B_V74I,C_I93T,E_A222T,NS3_E558K,NS1_L153F)	10490
hDenV4/Colombia/un-INS-480579/2016	DENV4	II	4II_B.1	EPI_ISL_17783353	2016-05-21	South America / Colombia	Human			unknown	unknown	unknown			C6-36	Serum		(NS4B_T22I,NS2A_V112T,NS5_I335V,E_M163T,NS4A_L61I,NS1_A6V,NS3_P435T,E_S64L,NS5_K649R,NS1_V108A,NS5_I819V,NS3_K14Q,NS2A_P159S,E_S354A,NS2A_M77I,prM_S2H,NS4B_L112F,NS1_K11R,NS2A_I72T,NS2A_V173M,NS5_T826I,NS3_R594K,E_I351V,NS1_K214R,NS2A_V35A,NS2B_V74I,E_V229A,NS2A_V19M,E_K291R,C_V29M,NS4B_I198M,E_A222T,E_Y233H,NS3_E558K,NS1_L153F)	10100
hDenV4/Colombia/VAC-LSPVAC-2401630/2024	DENV4	II	4II_B.1.2	EPI_ISL_19216395	2024-01-02	South America / Colombia / Valle del Cauca / Dagua	Human			Male	54	Live			Original			(prM_R21K,NS5_H832Q,NS5_I692V,NS2A_V112T,NS4B_M84V,E_M163T,NS1_A6V,NS3_P435T,NS2A_V144L,E_S64L,C_R84K,NS5_K649R,NS2A_S114A,NS3_K14Q,NS2A_Q2P,NS2A_P159S,E_S354A,prM_S2H,NS1_K11R,NS5_S856A,NS5_D47E,NS5_K175N,NS1_D290N,NS5_T826I,E_K174E,NS5_H247Y,NS1_S239T,NS3_R594K,E_I351V,NS4B_V18A,NS1_S9N,NS1_K214R,NS2A_V35A,NS2B_V74I,E_A222T,NS3_E558K,NS1_L153F)	9944
hDenV4/Colombia/VAC-LSPVAC-2403871/2024	DENV4	II	4II_B.1.2	EPI_ISL_19216452	2024-03-04	South America / Colombia / Valle del Cauca / Cali	Human			Male	75	Live			Original			(prM_R21K,NS5_I692V,NS5_H832Q,NS2A_V112T,NS4B_M84V,E_M163T,NS1_A6V,NS3_P435T,NS2A_V144L,E_S64L,C_R84K,NS5_K649R,NS2A_S114A,NS3_K14Q,NS2A_Q2P,NS2A_P159S,E_S354A,prM_S2H,NS1_K11R,NS5_D47E,NS5_S856A,NS5_K175N,NS1_D290N,NS5_T826I,E_K174E,NS5_H247Y,NS1_S239T,NS3_R594K,E_I351V,NS4B_V18A,NS3_I383V,NS1_K214R,NS2A_V35A,NS2B_V74I,NS5_P368L,E_A222T,NS3_E558K,NS5_Y883H,NS1_V22A,NS1_L153F)	10252
hDenV4/Colombia/CUN-UEB-032/2014	DENV4	II	4II_B.1	EPI_ISL_19730548	2014-02-09	South America / Colombia / Cundinamarca / Girardot	Human			unknown	unknown	unknown			Original	Serum		(NS2A_V112T,E_M163T,NS1_A6V,NS3_P435T,E_S64L,NS2B_V116I,NS5_T5A,NS5_K649R,NS1_V108A,NS3_K14Q,prM_T152I,NS5_V78I,NS2A_P159S,E_S354A,NS4A_K76R,NS5_I592V,prM_S2H,NS1_K11R,NS2A_I72T,NS2A_I44V,NS1_D290N,NS5_T826I,NS3_R594K,NS1_K214R,NS2A_V35A,NS2B_V74I,E_A222T,NS3_E558K,NS1_L153F)	10291
hDenV4/Colombia/SAN-UR-F14100091/2014	DENV4	II	4II_B.1	EPI_ISL_715219	2014-11	South America / Colombia / Santander / Piedecuesta	Human			unknown	unknown	unknown			Original	Other: Cell supernatant		(E_M163T,E_S64L,E_I351V,E_F461L,E_S354A,E_K291R,E_A222T)	1485
hDenV4/Colombia/SAN-UR-LV141010/2010	DENV4	II	4II_B.1	EPI_ISL_715221	2010-04	South America / Colombia / Santander / Piedecuesta	Human			unknown	unknown	unknown			Original	Other: Cell supernatant		(E_M163T,E_S64L,E_I351V,E_S354A,E_A222T)	1485
hDenV4/Colombia/SAN-UR-LV141021/2010	DENV4	II	4II_B.1	EPI_ISL_715222	2010-01	South America / Colombia / Santander / Piedecuesta	Human			unknown	unknown	unknown			Original	Other: Cell supernatant		(E_M163T,E_S64L,E_I351V,E_S354A,E_A222T)	1485
hDenV4/Colombia/SAN-UR-P202090076/2015	DENV4	II	4II_B.1	EPI_ISL_715224	2015-11	South America / Colombia / Santander / Floridablanca	Human			unknown	unknown	unknown			Original	Other: Cell supernatant		(E_M163T,E_S64L,E_I351V,E_F461L,E_S354A,E_K291R,E_A222T)	1485
hDenV4/Colombia/SAN-UR-LV192075/2009	DENV4	II	4II_B.1	EPI_ISL_715232	2009-06	South America / Colombia / Santander / Area metropolitana	Human			unknown	unknown	unknown			Original	Other: Cell supernatant		(E_M163T,E_S64L,E_I351V,E_S354A,E_A222T)	1485
hDenV4/Colombia/SAN-UR-P200120105/2015	DENV4	II	4II_B.1	EPI_ISL_715527	2015-10	South America / Colombia / Valle del Cauca / Cartago	Human			unknown	unknown	unknown			Original	Other: Cell supernatant		(E_M163T,E_S64L,E_I351V,E_F461L,E_S354A,E_K291R,E_A222T)	1485
hDenV4/Colombia/SAN-UR-LV141007/2010	DENV4	II	4II_B.1	EPI_ISL_715536	2010-01	South America / Colombia / Santander / Piedecuesta	Human			unknown	unknown	unknown			Original	Other: Cell supernatant		(E_M163T,E_S64L,E_I351V,E_S354A,E_A222T)	1485
hDenV4/Colombia/SAN-UR-LV111117/2014	DENV4	II	4II_B.1	EPI_ISL_715542	2014-09	South America / Colombia / Santander / Floridablanca	Human			unknown	unknown	unknown			Original	Other: Cell supernatant		(E_M163T,E_S64L,E_I351V,E_S354A,E_A222T)	1485
hDenV4/Colombia/SAN-UR-LV121101/2010	DENV4	II	4II_B.1	EPI_ISL_715544	2010-02	South America / Colombia / Santander / Floridablanca	Human			unknown	unknown	unknown			Original	Other: Cell supernatant		(E_M163T,E_S64L,E_I351V,E_S354A,E_A222T)	1485
hDenV4/Colombia/SAN-UR-LV122006/2009	DENV4	II	4II_B.1	EPI_ISL_715545	2009-08	South America / Colombia / Santander / Floridablanca	Human			unknown	unknown	unknown			Original	Other: Cell supernatant		(E_M163T,E_S64L,E_I351V,E_S354A,E_A222T)	1485
hDenV4/Colombia/CES-UR-P201080317/2015	DENV4	II	4II_B.1	EPI_ISL_715555	2015-01	South America / Colombia / Cesar / Pailitas	Human			unknown	unknown	unknown			Original	Other: Cell supernatant		(E_M163T,E_S64L,E_I351V,E_F461L,E_S354A,E_K291R,E_A222T)	1485
hDenV4/Colombia/ANT-UDS-0732600/2013	DENV4	II	4II_B.1	EPI_ISL_772422	2013-08-14	South America / Colombia / Antioquia / Medellin	Human			unknown	unknown	unknown			Original	Serum		(NS1_K11R,E_M163T,NS1_A6V,E_S64L,E_I351V,E_S354A,E_A222T,E_Y233H)	1959
hDenV4/Colombia/ANT-UDS-1723601/2013	DENV4	II	4II_B.1	EPI_ISL_772424	2013-07-30	South America / Colombia / Antioquia / Medellin	Human			unknown	unknown	unknown			Original	Serum		(NS1_K11R,E_M163T,NS1_A6V,E_S64L,E_I351V,E_S354A,E_A222T)	1963
hDenV4/Colombia/ANT-UDS-0728599/2013	DENV4	II	4II_B.1	EPI_ISL_772425	2013-07-12	South America / Colombia / Antioquia / Medellin	Human			unknown	unknown	unknown			Original	Serum		(NS1_K11R,E_M163T,NS1_A6V,E_I351V,E_S354A,E_A222T,E_Y233H)	1115
hDenV4/Colombia/ANT-UDS-0681598/2013	DENV4	II	4II_B.1	EPI_ISL_772428	2013-02-22	South America / Colombia / Antioquia / Medellin	Human			unknown	unknown	unknown			Original	Serum		(NS1_K11R,NS1_A6V,E_I351V,E_S354A,E_A222T,E_Y233H)	1077
hDenV4/Colombia/ANT-UDS-0678597/2013	DENV4	II	4II_B.1	EPI_ISL_772429	2013-02-15	South America / Colombia / Antioquia / Medellin	Human			unknown	unknown	unknown			Original	Serum		(NS1_K11R,E_M163T,NS1_A6V,E_S64L,E_I351V,E_S354A,E_A222T,E_Y233H)	1959
hDenV4/Colombia/ANT-UDS-0676596/2013	DENV4	II	4II_B.1	EPI_ISL_772430	2013-02-01	South America / Colombia / Antioquia / Medellin	Human			unknown	unknown	unknown			Original	Serum		(NS1_K11R,E_M163T,NS1_A6V,E_S64L,E_I351V,E_S354A,E_A222T,E_Y233H)	1960
hDenV4/Colombia/ANT-UDS-0179595/2013	DENV4	II	4II_B.1	EPI_ISL_772431	2013-01-09	South America / Colombia / Antioquia / Medellin	Human			unknown	unknown	unknown			Original	Serum		(NS1_K11R,E_M163T,NS1_A6V,E_S64L,E_I351V,E_S354A,E_A222T,E_Y233H)	1890
