strain	country	genotype	accession	extra
1974.5	BKK	2V	D74x074	S63
1974.5_2	Thailand	2V	GU289914	.
1974.5_3	Thailand	2V	MK268692	.
1978.5	BKK	2V	D78x048	S76
1979.5	BKK	2V	D79x069	S87
1980.29	BKK	2V	D80x129	S26
1980.538	BKK	2V	D80x499	S96
1981.5	BKK	2V	D81x060	S72
1982.5	BKK	2V	D82x006	S1
1982.5_2	BKK	2V	D82x010	S36
1982.5_3	BKK	2V	D82x099	S48
1982.79	BKK	2V	D82x137	S49
1982.956	BKK	2V	D82x195	S25
1983.5	BKK	2IIIr	D83x143	S81
1983.5_2	BKK	2IIIr	D83x241	S112
1983.5_3	BKK	2V	D83x126	S45
1983.622	BKK	2V	D83x168	S121
1984.5	BKK	2IIIr	D84x047	S50
1984.5_2	BKK	2V	D84x021	S38
1984.5_3	BKK	2V	D84x052	S86
1984.5_4	BKK	2V	D84x087	S15
1984.5_5	BKK	2V	D84x088	S27
1984.623	BKK	2V	D84x333	S53
1985.288	BKK	2V	D85x131	S159
1985.288_2	BKK	2V	D85x156	S147
1985.37	BKK	2V	D85x188	S135
1985.37_2	BKK	2V	D85x193	S123
1985.5	BKK	2IIIr	D85x267	S137
1985.5_2	BKK	2V	D85x030	S89
1985.5_3	BKK	2V	D85x037	S52
1985.5_4	BKK	2V	D85x052	S40
1985.5_5	BKK	2V	D85x053	S6
1985.5_6	BKK	2V	D85x076	S78
1985.5_7	BKK	2V	D85x282	S171
1985.5_8	BKK	2V	D85x546	S32
1985.537	BKK	2V	D85x290	S111
1985.537_2	BKK	2V	D85x303	S183
1986.5	BKK	2V	D86x004	S101
1986.5_2	BKK	2V	D86x043	S185
1986.537	BKK	2V	D86x158	S173
1986.622	BKK	2V	D86x191	S125
1987.126	BKK	2V	D87x1312	S187
1987.288	BKK	2V	D87x399	S142
1987.5	BKK	2IIIr	D87x1421	S175
1987.5_2	BKK	2IIIr	D87x1480	S116
1987.5_3	BKK	2IIIr	D87x664	S130
1987.5_4	BKK	2V	D87x077	S179
1987.5_5	BKK	2V	D87x093	S148
1987.5_6	BKK	2V	D87x1036	S133
1987.5_7	BKK	2V	D87x1051	S157
1987.5_8	BKK	2V	D87x1329	S152
1987.5_9	BKK	2V	D87x1372	S164
1988.5	BKK	2IIIr	D88x006	S138
1988.5_2	BKK	2V	D88x007	S126
1988.5_3	NA	2IIIr	5470/88	.
1988.5_4	Vietnam	2III	JN819418	.
1988.708	BKK	2V	D88x318	S177
1988.708_2	BKK	2V	D88x319	S105
1988.708_3	BKK	2V	D88x347	S182
1988.708_4	BKK	2V	D88x349	S189
1988.708_5	BKK	2V	D88x352	S106
1988.708_6	BKK	2V	D88x353	S165
1988.79	BKK	2V	D88x396	S166
1988.79_2	BKK	2V	D88x400	S98
1994.036	BKK	2V	00126/94	.
1994.159	BKK	2V	00327/94	.
1994.334	BKK	2V	00489/94	.
1994.359	BKK	2V	00523/94	.
1994.386	BKK	2V	00662/94	.
1994.433	BKK	2V	00612/94	.
1994.449	BKK	2V	00637/94	.
1994.5	NA	2V	30029/94	.
1994.5_2	NA	2V	30035/94	.
1994.5_3	NA	2V	30038/94	.
1994.5_4	NA	2V	30062/94	.
1994.5_5	NA	2V	30073/94	.
1994.5_6	NA	2V	30108/94	.
1994.5_7	NA	2V	30137/94	.
1994.5_8	NA	2V	30216/94	.
1994.5_9	NA	2V	30244/94	.
1994.5_10	NA	2V	30268/94	.
1994.5_11	NA	2V	30279/94	.
1994.5_12	NA	2V	30432/94	.
1994.5_13	NA	2V	30478/94	.
1994.5_14	NA	2V	30558/94	.
1994.5_15	Thailand	2V	EU687246	.
1994.5_16	Thailand	2V	EU726767	.
1994.5_17	Thailand	2V	GQ868542	.
1994.616	BKK	2V	00849/94	.
1994.658	BKK	2V	00921/94	.
1994.663	BKK	2V	00937/94	.
1994.674	BKK	2V	00997/94	.
1994.69	BKK	2V	01034/94	.
1994.858	BKK	2V	01430/94	.
1994.871	BKK	2V	01414/94	.
1994.89	BKK	2V	01429/94	.
1994.907	BKK	2V	01488/94	.
1994.91	BKK	2V	01458/94	.
1994.948	BKK	2V	01497/94	.
1994.97	BKK	2V	01536/94	.
1994.989	BKK	2V	00033/95	.
1995.008	KPP	2V	30000/95	.
1995.049	BKK	2V	00233/95	.
1995.085	BKK	2V	00234/95	.
1995.107	BKK	2V	00298/95	.
1995.151	BKK	2V	00309/95	.
1995.181	BKK	2V	00436/95	.
1995.321	KPP	2V	30054/95	.
1995.326	BKK	2V	00589/95	.
1995.405	KPP	2V	30066/95	.
1995.43	BKK	2V	00656/95	.
1995.449	BKK	2V	00672/95	.
1995.449_2	BKK	2V	00760/95	.
1995.482	BKK	2V	00759/95	.
1995.485	BKK	2V	00856/95	.
1995.49	BKK	2V	00775/95	.
1995.493	BKK	2V	00773/95	.
1995.493_2	BKK	2V	00777/95	.
1995.5	Thailand	2V	GQ868543	.
1995.5_2	Vietnam	2IIIr	JX649147	.
1995.518	BKK	2V	00991/95	.
1995.548	BKK	2V	00895/95	.
1995.564	BKK	2V	00925/95	.
1995.567	KPP	2V	30149/95	.
1995.578	KPP	2V	30154/95	.
1995.581	KPP	2V	30159/95	.
1995.584	BKK	2V	00976/95	.
1995.597	BKK	2V	01001/95	.
1995.605	BKK	2V	01019/95	.
1995.605_2	KPP	2V	30185/95	.
1995.616	BKK	2V	01261/95	.
1995.622	BKK	2V	01281/95	.
1995.625	BKK	2V	01082/95	.
1995.627	KPP	2V	30197/95	.
1995.63	BKK	2V	01088/95	.
1995.63_2	KPP	2V	30200/95	.
1995.649	BKK	2V	01241/95	.
1995.663	KPP	2V	30267/95	.
1995.668	KPP	2V	30272/95	.
1995.707	Taiwan	2IIr	KY670633	.
1995.795	BKK	2V	01619/95	.
1995.8	BKK	2V	01636/95	.
1995.805	BKK	2V	01656/95	.
1995.879	BKK	2V	01800/95	.
1995.918	KPP	2V	30465/95	.
1996.033	BKK	2V	00020/96	.
1996.038	BKK	2V	00024/96	.
1996.057	BKK	2V	00043/96	.
1996.137	KPP	2V	30013/96	.
1996.328	KPP	2V	30046/96	.
1996.391	BKK	2V	00742/96	.
1996.434	BKK	2V	00788/96	.
1996.434_2	KPP	2V	30099/96	.
1996.495	BKK	2V	00945/96	.
1996.5	Philippines	2IV	KF744407	.
1996.5_2	Thailand	2V	FJ906957	.
1996.5_3	Thailand	2V	FJ906958	.
1996.5_4	Thailand	2V	GQ868544	.
1996.5_5	Thailand	2V	GQ868545	.
1996.511	BKK	2V	00974/96	.
1996.516	BKK	2V	00996/96	.
1996.555	KPP	2V	30202/96	.
1996.593	BKK	2V	01163/96	.
1996.598	BKK	2V	01175/96	.
1996.601	BKK	2V	01181/96	.
1996.601_2	BKK	2V	01182/96	.
1996.648	BKK	2V	01309/96	.
1996.653	KPP	2V	30276/96	.
1996.656	BKK	2V	01315/96	.
1996.675	BKK	2V	01431/96	.
1996.71	KPP	2V	30312/96	.
1996.76	KPP	2V	30349/96	.
1996.798	BKK	2V	01816/96	.
1996.811	BKK	2V	01865/96	.
1996.842	BKK	2V	01940/96	.
1996.888	BKK	2V	02118/96	.
1996.888_2	BKK	2V	02119/96	.
1996.891	BKK	2V	02126/96	.
1996.893	BKK	2V	02136/96	.
1996.913	BKK	2V	02199/96	.
1996.926	BKK	2V	02234/96	.
1996.984	BKK	2V	02561/96	.
1997.033	BKK	2V	00084/97	.
1997.049	BKK	2V	00112/97	.
1997.148	BKK	2V	00494/97	.
1997.244	BKK	2V	00760/97	.
1997.252	BKK	2V	00774/97	.
1997.263	BKK	2V	00809/97	.
1997.479	BKK	2V	02158/97	.
1997.488	BKK	2V	02174/97	.
1997.504	BKK	2V	02206/97	.
1997.597	BKK	2V	03060/97	.
1997.597_2	BKK	2V	03064/97	.
1997.6	BKK	2V	03066/97	.
1997.641	KPP	2V	30738/97	.
1997.655	BKK	2V	03412/97	.
1997.679	KPP	2V	30861/97	.
1997.682	BKK	2V	04732/97	.
1997.701	BKK	2V	04952/97	.
1997.723	BKK	2V	05107/97	.
1997.732	BKK	2V	05157/97	.
1997.751	BKK	2V	05493/97	.
1997.808	BKK	2V	05925/97	.
1997.822	KPP	2V	31092/97	.
1997.827	BKK	2V	06036/97	.
1997.844	KPP	2V	31122/97	.
1997.852	KPP	2V	31139/97	.
1997.901	BKK	2V	07130/97	.
1997.907	BKK	2V	07161/97	.
1997.945	BKK	2V	07537/97	.
1997.964	KPP	2V	31235/97	.
1997.967	BKK	2V	07718/97	.
1997.97	KPP	2V	31238/97	.
1997.986	BKK	2V	07854/97	.
1998.033	BKK	2V	00295/98	.
1998.038	BKK	2V	00309/98	.
1998.055	BKK	2V	00425/98	.
1998.055_2	BKK	2V	00441/98	.
1998.058	BKK	2V	00443/98	.
1998.06	BKK	2V	00458/98	.
1998.06_2	KPP	2V	30039/98	.
1998.066	BKK	2V	00554/98	.
1998.09	BKK	2V	00672/98	.
1998.104	BKK	2V	00800/98	.
1998.112	BKK	2V	01199/98	.
1998.137	BKK	2V	01344/98	.
1998.137_2	BKK	2V	01376/98	.
1998.159	BKK	2V	01550/98	.
1998.164	BKK	2V	01565/98	.
1998.184	BKK	2V	01718/98	.
1998.184_2	KPP	2V	30141/98	.
1998.192	BKK	2V	01787/98	.
1998.29	KPP	2V	30283/98	.
1998.315	KPP	2V	30308/98	.
1998.342	KPP	2V	30344/98	.
1998.345	BKK	2V	02459/98	.
1998.373	KPP	2V	30373/98	.
1998.458	KPP	2V	30446/98	.
1998.474	KPP	2V	30481/98	.
1998.477	BKK	2V	02918/98	.
1998.477_2	KPP	2V	30486/98	.
1998.493	KPP	2V	30524/98	.
1998.499	KPP	2V	30532/98	.
1998.5	Philippines	2IV	KF744399	.
1998.523	BKK	2V	03042/98	.
1998.553	KPP	2V	30627/98	.
1998.592	BKK	2V	04334/98	.
1998.622	KPP	2V	30713/98	.
1998.633	KPP	2V	30728/98	.
1998.666	BKK	2V	04648/98	.
1998.682	BKK	2V	04726/98	.
1998.704	KPP	2V	30822/98	.
1998.792	BKK	2V	06160/98	.
1998.827	BKK	2V	06328/98	.
1998.836	BKK	2V	06341/98	.
1998.885	BKK	2V	06650/98	.
1998.885_2	BKK	2V	06668/98	.
1998.907	BKK	2V	06771/98	.
1998.926	BKK	2V	06814/98	.
1998.942	BKK	2V	06895/98	.
1998.945	BKK	2V	06902/98	.
1998.981	BKK	2V	07035/98	.
1999.011	BKK	2V	00015/99	.
1999.044	BKK	2V	00185/99	.
1999.068	BKK	2V	00364/99	.
1999.334	KPP	2V	30119/99	.
1999.353	BKK	2V	02816/99	.
1999.373	BKK	2V	02866/99	.
1999.381	KPP	2V	30186/99	.
1999.408	BKK	2V	02947/99	.
1999.436	KPP	2V	30312/99	.
1999.438	BKK	2V	03093/99	.
1999.452	BKK	2V	03333/99	.
1999.496	BKK	2V	03510/99	.
1999.5	Vietnam	2IIIr	FM210217	.
1999.51	KPP	2V	30560/99	.
1999.512	BKK	2V	03579/99	.
1999.526	BKK	2V	03657/99	.
1999.526_2	BKK	2V	03658/99	.
1999.526_3	BKK	2V	03680/99	.
1999.529	BKK	2V	03684/99	.
1999.529_2	KPP	2V	30609/99	.
1999.54	KPP	2V	30655/99	.
1999.551	KPP	2V	30681/99	.
1999.559	KPP	2V	30696/99	.
1999.564	KPP	2V	30704/99	.
1999.564_2	KPP	2V	30705/99	.
1999.57	KPP	2V	30713/99	.
1999.573	BKK	2V	03844/99	.
1999.592	BKK	2V	04031/99	.
1999.597	BKK	2V	04056/99	.
1999.611	BKK	2V	04156/99	.
1999.619	BKK	2V	04177/99	.
1999.652	BKK	2V	04373/99	.
1999.71	BKK	2V	04539/99	.
1999.734	BKK	2V	04790/99	.
1999.814	BKK	2V	05342/99	.
1999.893	BKK	2V	05512/99	.
1999.907	BKK	2V	05539/99	.
2000.071	BKK	2V	00077/00	.
2000.115	KPP	2V	30019/00	.
2000.15	BKK	2V	00188/00	.
2000.175	KPP	2V	30038/00	.
2000.251	BKK	2V	00333/00	.
2000.26	BKK	2V	00342/00	.
2000.29	BKK	2V	00380/00	.
2000.336	BKK	2V	00430/00	.
2000.377	BKK	2V	01249/00	.
2000.413	BKK	2V	01326/00	.
2000.443	BKK	2V	01368/00	.
2000.47	KPP	2V	30140/00	.
2000.5	KPP	2V	30173/00	.
2000.5_2	Philippines	2IV	KF744400	.
2000.514	KPP	2V	30182/00	.
2000.53	BKK	2V	01559/00	.
2000.53_2	KPP	2V	30209/00	.
2000.544	KPP	2V	30232/00	.
2000.56	KPP	2V	30243/00	.
2000.566	BKK	2V	01636/00	.
2000.582	BKK	2V	01667/00	.
2000.582_2	BKK	2V	01695/00	.
2000.604	BKK	2V	01754/00	.
2000.612	KPP	2V	30292/00	.
2000.612_2	KPP	2V	30299/00	.
2000.631	BKK	2V	01899/00	.
2000.653	KPP	2V	30338/00	.
2000.667	BKK	2V	02022/00	.
2000.699	BKK	2V	02113/00	.
2000.708	KPP	2V	30392/00	.
2000.719	BKK	2V	02164/00	.
2000.727	BKK	2V	02180/00	.
2000.738	BKK	2V	02212/00	.
2000.757	BKK	2V	02247/00	.
2000.784	BKK	2V	04842/00	.
2000.806	KPP	2V	30460/00	.
2000.833	BKK	2V	05492/00	.
2000.833_2	BKK	2V	05493/00	.
2000.839	BKK	2V	05511/00	.
2000.839_2	BKK	2V	05512/00	.
2000.839_3	KPP	2V	30499/00	.
2000.85	BKK	2V	05529/00	.
2000.888	BKK	2V	05692/00	.
2000.934	BKK	2V	05855/00	.
2000.94	BKK	2V	05882/00	.
2000.943	BKK	2V	05888/00	.
2000.948	BKK	2V	05894/00	.
2000.967	KPP	2V	30562/00	.
2000.97	BKK	2V	06009/00	.
2000.973	BKK	2V	06013/00	.
2000.984	BKK	2V	06060/00	.
2000.989	BKK	2V	06109/00	.
2001.014	BKK	2V	00017/01	.
2001.038	KPP	2V	30012/01	.
2001.044	BKK	2V	00135/01	.
2001.058	BKK	2V	00193/01	.
2001.079	BKK	2V	00285/01	.
2001.09	BKK	2V	00345/01	.
2001.142	BKK	2V	00615/01	.
2001.142_2	Thailand	2V	FJ639829	.
2001.142_3	Thailand	2V	FJ687444	.
2001.159	Thailand	2V	FJ687445	.
2001.164	BKK	2V	00721/01	.
2001.192	Thailand	2V	FJ810410	.
2001.208	Thailand	2V	FJ687446	.
2001.225	KPP	2V	30325/01	.
2001.238	BKK	2V	01026/01	.
2001.315	BKK	2V	02860/01	.
2001.323	BKK	2V	02900/01	.
2001.323_2	Thailand	2V	FJ639830	.
2001.326	BKK	2V	02913/01	.
2001.334	KPP	2V	30839/01	.
2001.381	KPP	2V	30967/01	.
2001.381_2	Thailand	2V	FJ744714	.
2001.386	BKK	2V	03244/01	.
2001.403	KPP	2V	31045/01	.
2001.408	KPP	2V	31053/01	.
2001.414	KPP	2V	31072/01	.
2001.433	KPP	2V	31217/01	.
2001.436	Thailand	2V	FJ687435	.
2001.436_2	Thailand	2V	FJ744715	.
2001.444	BKK	2V	03564/01	.
2001.444_2	Thailand	2V	FJ687447	.
2001.449	Thailand	2V	FJ639832	.
2001.452	BKK	2V	03600/01	.
2001.46	KPP	2V	31413/01	.
2001.463	Thailand	2V	FJ744713	.
2001.466	BKK	2V	03693/01	.
2001.468	Thailand	2V	FJ744720	.
2001.474	Thailand	2V	FJ744721	.
2001.477	KPP	2V	31555/01	.
2001.482	Thailand	2V	FJ687437	.
2001.485	Thailand	2V	FJ744722	.
2001.488	BKK	2V	03876/01	.
2001.488_2	Thailand	2V	FJ687438	.
2001.496	KPP	2V	31767/01	.
2001.499	BKK	2V	03921/01	.
2001.5	Cambodia	2IIIr	FJ639697	.
2001.5_2	Vietnam	2IIIr	FM210225	.
2001.5_3	Vietnam	2IIIr	FM210238	.
2001.504	BKK	2V	03993/01	.
2001.515	BKK	2V	04089/01	.
2001.518	Thailand	2V	FJ639831	.
2001.529	BKK	2V	04221/01	.
2001.529_2	BKK	2V	04225/01	.
2001.545	Thailand	2V	FJ744711	.
2001.545_2	Thailand	2V	FJ744723	.
2001.548	Thailand	2V	FJ744724	.
2001.559	BKK	2V	04451/01	.
2001.559_2	BKK	2V	04493/01	.
2001.559_3	Thailand	2V	FJ687439	.
2001.559_4	Thailand	2V	FJ744716	.
2001.581	Thailand	2V	FJ687440	.
2001.589	BKK	2V	04759/01	.
2001.6	BKK	2V	04834/01	.
2001.6_2	BKK	2V	04839/01	.
2001.6_3	Thailand	2V	FJ810409	.
2001.605	BKK	2V	04897/01	.
2001.608	Thailand	2V	FJ639828	.
2001.616	BKK	2V	04957/01	.
2001.625	BKK	2V	05012/01	.
2001.625_2	BKK	2V	05015/01	.
2001.633	BKK	2V	05042/01	.
2001.647	Thailand	2V	FJ744712	.
2001.658	Thailand	2V	FJ744717	.
2001.668	BKK	2V	05353/01	.
2001.682	Thailand	2V	FJ810411	.
2001.718	BKK	2V	05695/01	.
2001.74	BKK	2V	05819/01	.
2001.74_2	Thailand	2V	FJ744725	.
2001.753	BKK	2V	05885/01	.
2001.759	Thailand	2V	FJ810412	.
2001.797	BKK	2V	06096/01	.
2001.838	BKK	2V	06281/01	.
2001.847	Thailand	2V	FJ687441	.
2001.847_2	Thailand	2V	FJ687442	.
2001.847_3	Thailand	2V	FJ744718	.
2001.849	Thailand	2V	FJ687443	.
2001.855	BKK	2V	06383/01	.
2001.899	KPP	2V	34101/01	.
2001.907	BKK	2V	06627/01	.
2001.945	BKK	2V	06793/01	.
2001.953	BKK	2V	06834/01	.
2002.019	BKK	2V	00035/02	.
2002.027	BKK	2V	00060/02	.
2002.036	BKK	2V	00074/02	.
2002.049	BKK	2V	00118/02	.
2002.079	BKK	2V	00444/02	.
2002.118	BKK	2V	00569/02	.
2002.121	BKK	2V	00590/02	.
2002.159	BKK	2V	00675/02	.
2002.181	BKK	2V	00750/02	.
2002.192	BKK	2V	00786/02	.
2002.219	BKK	2V	01005/02	.
2002.222	BKK	2V	01009/02	.
2002.23	BKK	2V	01024/02	.
2002.233	BKK	2V	01050/02	.
2002.277	BKK	2V	01209/02	.
2002.296	KPP	2V	30257/02	.
2002.307	KPP	2V	30276/02	.
2002.318	KPP	2V	30294/02	.
2002.332	BKK	2V	01314/02	.
2002.34	BKK	2V	01318/02	.
2002.351	KPP	2V	30362/02	.
2002.386	BKK	2V	01468/02	.
2002.403	KPP	2V	30447/02	.
2002.449	BKK	2V	01636/02	.
2002.452	KPP	2V	30599/02	.
2002.466	KPP	2V	30639/02	.
2002.471	KPP	2V	30683/02	.
2002.479	BKK	2V	01770/02	.
2002.482	KPP	2V	30730/02	.
2002.5	Cambodia	2IIIr	FJ639698	.
2002.5_2	Vietnam	2IIIr	FM210227	.
2002.512	BKK	2V	01899/02	.
2002.559	BKK	2V	02094/02	.
2002.649	BKK	2V	02321/02	.
2002.71	BKK	2V	02461/02	.
2002.718	BKK	2V	02484/02	.
2002.781	KPP	2V	31745/02	.
2002.803	KPP	2V	31774/02	.
2002.816	KPP	2V	31791/02	.
2002.825	BKK	2V	02667/02	.
2002.83	BKK	2V	02678/02	.
2002.855	KPP	2V	31838/02	.
2002.923	BKK	2V	02933/02	.
2002.923_2	BKK	2V	02934/02	.
2002.926	BKK	2V	02935/02	.
2002.937	BKK	2V	02971/02	.
2002.975	BKK	2V	03090/02	.
2002.984	BKK	2V	03130/02	.
2002.992	BKK	2V	03165/02	.
2003.019	BKK	2V	00035/03	.
2003.025	BKK	2V	00050/03	.
2003.03	BKK	2V	00070/03	.
2003.055	BKK	2V	00139/03	.
2003.079	BKK	2V	00207/03	.
2003.088	BKK	2V	00227/03	.
2003.101	BKK	2V	00270/03	.
2003.173	BKK	2V	00449/03	.
2003.192	BKK	2V	00499/03	.
2003.216	KPP	2V	30131/03	.
2003.247	BKK	2V	00605/03	.
2003.362	BKK	2V	00977/03	.
2003.427	KPP	2V	30559/03	.
2003.427_2	KPP	2V	30573/03	.
2003.43	KPP	2V	30565/03	.
2003.43_2	KPP	2V	30567/03	.
2003.438	BKK	2V	01082/03	.
2003.438_2	KPP	2V	30571/03	.
2003.441	KPP	2V	30580/03	.
2003.5	Cambodia	2V	FJ639705	.
2003.5_2	Vietnam	2V	EU482786	.
2003.523	BKK	2V	01268/03	.
2003.636	BKK	2V	01549/03	.
2003.693	BKK	2V	01693/03	.
2003.701	BKK	2V	01707/03	.
2003.751	KPP	2V	30630/03	.
2003.773	KPP	2V	30658/03	.
2003.775	BKK	2V	01888/03	.
2003.808	BKK	2V	01968/03	.
2003.866	BKK	2V	02148/03	.
2003.929	BKK	2V	02322/03	.
2003.948	BKK	2V	02339/03	.
2003.956	BKK	2V	02365/03	.
2003.981	KPP	2V	30811/03	.
2004	BKK	2V	02455/03	.
2004.005	BKK	2V	00004/04	.
2004.027	BKK	2V	00037/04	.
2004.057	KPP	2V	30029/04	.
2004.071	BKK	2V	00098/04	.
2004.098	KPP	2V	30044/04	.
2004.109	KPP	2V	30046/04	.
2004.112	KPP	2V	30048/04	.
2004.139	BKK	2V	00159/04	.
2004.15	KPP	2V	30057/04	.
2004.186	KPP	2V	30067/04	.
2004.21	BKK	2V	00205/04	.
2004.221	KPP	2V	30093/04	.
2004.224	BKK	2V	00213/04	.
2004.254	BKK	2V	00242/04	.
2004.254_2	KPP	2V	30107/04	.
2004.26	BKK	2V	00248/04	.
2004.292	BKK	2V	00290/04	.
2004.292_2	KPP	2V	30140/04	.
2004.5	BKK	2IIIr	00584/04	.
2004.5_2	Cambodia	2V	d2cam04	.
2004.5_3	Singapore	2II	JN851123	.
2004.5_4	Vietnam	2V	FM210231	.
2004.525	BKK	2V	00560/04	.
2004.549	BKK	2V	00617/04	.
2004.557	BKK	2V	00630/04	.
2004.568	BKK	2V	00664/04	.
2004.571	BKK	2V	00673/04	.
2004.59	BKK	2V	00709/04	.
2004.598	BKK	2V	00740/04	.
2004.727	BKK	2V	01006/04	.
2004.727_2	BKK	2V	01007/04	.
2004.751	BKK	2V	01084/04	.
2004.754	BKK	2V	01109/04	.
2004.762	BKK	2V	01145/04	.
2004.779	BKK	2V	01177/04	.
2004.781	BKK	2V	01185/04	.
2004.79	BKK	2V	01218/04	.
2004.792	BKK	2V	01224/04	.
2004.798	BKK	2V	01256/04	.
2004.817	BKK	2V	01316/04	.
2004.861	BKK	2V	01462/04	.
2004.932	BKK	2V	01646/04	.
2004.948	BKK	2V	01666/04	.
2005.238	KPP	2V	30073/05	.
2005.293	KPP	2V	30094/05	.
2005.312	KPP	2V	30106/05	.
2005.323	BKK	2V	00420/05	.
2005.34	KPP	2V	30133/05	.
2005.342	KPP	2V	30127/05	.
2005.348	KPP	2V	30137/05	.
2005.356	KPP	2V	30154/05	.
2005.356_2	KPP	2V	30160/05	.
2005.375	KPP	2V	30185/05	.
2005.381	KPP	2V	30189/05	.
2005.386	KPP	2V	30203/05	.
2005.389	KPP	2V	30195/05	.
2005.395	KPP	2V	30211/05	.
2005.411	KPP	2V	30221/05	.
2005.427	KPP	2V	30239/05	.
2005.433	KPP	2V	30247/05	.
2005.433_2	KPP	2V	30248/05	.
2005.438	KPP	2V	30252/05	.
2005.441	KPP	2V	30261/05	.
2005.447	KPP	2V	30257/05	.
2005.449	KPP	2V	30263/05	.
2005.46	KPP	2V	30278/05	.
2005.471	KPP	2V	30283/05	.
2005.477	KPP	2V	30292/05	.
2005.479	KPP	2V	30293/05	.
2005.49	KPP	2V	30300/05	.
2005.512	KPP	2V	30315/05	.
2005.523	KPP	2V	30321/05	.
2005.537	KPP	2V	30332/05	.
2005.54	KPP	2V	30334/05	.
2005.54_2	KPP	2V	30338/05	.
2005.548	KPP	2V	30342/05	.
2005.559	KPP	2V	30349/05	.
2005.581	KPP	2V	30357/05	.
2005.619	KPP	2V	30399/05	.
2005.63	KPP	2V	30406/05	.
2005.63_2	KPP	2V	30409/05	.
2005.644	BKK	2V	00901/05	.
2005.644_2	BKK	2V	00903/05	.
2005.647	KPP	2V	30420/05	.
2005.668	KPP	2V	30442/05	.
2005.679	BKK	2V	00953/05	.
2005.685	KPP	2V	30447/05	.
2005.699	KPP	2V	30461/05	.
2005.712	KPP	2V	30470/05	.
2005.764	KPP	2V	30498/05	.
2005.789	BKK	2V	01171/05	.
2005.792	KPP	2V	30518/05	.
2005.811	KPP	2V	30537/05	.
2005.819	KPP	2V	30555/05	.
2005.836	KPP	2V	30566/05	.
2005.844	BKK	2V	01291/05	.
2005.847	KPP	2V	30582/05	.
2005.852	KPP	2V	30594/05	.
2005.863	BKK	2V	01334/05	.
2005.868	KPP	2V	30603/05	.
2005.879	BKK	2V	01381/05	.
2005.888	KPP	2V	30619/05	.
2005.896	BKK	2V	01495/05	.
2005.901	BKK	2V	01441/05	.
2005.915	BKK	2V	01465/05	.
2005.948	BKK	2V	01534/05	.
2005.967	BKK	2V	01574/05	.
2005.97	BKK	2V	01594/05	.
2005.995	BKK	2V	00036/06	.
2006.016	BKK	2V	00016/06	.
2006.047	BKK	2V	00051/06	.
2006.082	BKK	2V	00111/06	.
2006.088	BKK	2V	00127/06	.
2006.17	BKK	2V	00289/06	.
2006.173	BKK	2V	00291/06	.
2006.178	KPP	2V	30048/06	.
2006.216	KPP	2V	30077/06	.
2006.222	BKK	2V	00390/06	.
2006.258	KPP	2V	30095/06	.
2006.26	BKK	2V	00444/06	.
2006.285	BKK	2V	00495/06	.
2006.301	BKK	2V	00525/06	.
2006.345	BKK	2V	00586/06	.
2006.364	KPP	2V	30153/06	.
2006.378	BKK	2V	00647/06	.
2006.386	BKK	2V	00678/06	.
2006.397	BKK	2V	00695/06	.
2006.4	BKK	2V	00697/06	.
2006.408	KPP	2V	30185/06	.
2006.411	BKK	2V	00720/06	.
2006.444	KPP	2V	30224/06	.
2006.479	KPP	2V	30272/06	.
2006.479_2	KPP	2V	30280/06	.
2006.504	BKK	2V	01042/06	.
2006.54	BKK	2V	01212/06	.
2006.564	KPP	2V	30458/06	.
2006.564_2	KPP	2V	30472/06	.
2006.6	Thailand	2V	d2thai06	.
2006.63	BKK	2V	01597/06	.
2006.641	BKK	2V	01625/06	.
2006.644	BKK	2V	01644/06	.
2006.671	KPP	2V	30702/06	.
2006.685	KPP	2V	30704/06	.
2006.693	BKK	2V	01841/06	.
2006.721	BKK	2V	01929/06	.
2006.803	BKK	2V	02182/06	.
2006.836	BKK	2V	02393/06	.
2006.844	BKK	2V	02337/06	.
2006.863	BKK	2V	02398/06	.
2006.866	BKK	2V	02391/06	.
2006.904	BKK	2V	02518/06	.
2006.915	BKK	2V	02617/06	.
2006.923	BKK	2V	02660/06	.
2007.025	BKK	2V	00045/07	.
2007.2	BKK	2V	00335/07	.
2007.241	BKK	2IIr	00408/07	.
2007.332	BKK	2V	00496/07	.
2007.348	BKK	2V	00511/07	.
2007.348_2	KPP	2V	30187/07	.
2007.375	BKK	2V	00538/07	.
2007.395	BKK	2V	00576/07	.
2007.441	KPP	2V	30255/07	.
2007.458	KPP	2V	30293/07	.
2007.463	KPP	2V	30285/07	.
2007.5	KPP	2V	30303/07	.
2007.526	BKK	2V	00938/07	.
2007.671	BKK	2V	01496/07	.
2007.732	BKK	2V	01726/07	.
2007.764	BKK	2V	01836/07	.
2007.773	BKK	2V	01849/07	.
2007.822	BKK	2II	02039/07	.
2007.836	BKK	2V	02071/07	.
2007.847	BKK	2V	02108/07	.
2007.866	BKK	2V	02195/07	.
2008.623	Singapore	2II	GU370051	.
2009.353	KPP	2V	30149/09	.
2009.367	KPP	2II	30155/09	.
2009.395	KPP	2V	30167/09	.
2009.416	KPP	2V	30182/09	.
2009.458	KPP	2V	30249/09	.
2009.485	KPP	2V	30260/09	.
2009.49	KPP	2V	30258/09	.
2009.5	Thailand	2II	KU509272	.
2009.521	KPP	2V	30310/09	.
2009.553	KPP	2V	30395/09	.
2009.57	KPP	2V	30427/09	.
2009.633	KPP	2V	30562/09	.
2009.679	KPP	2V	30620/09	.
2009.699	KPP	2V	30637/09	.
2009.775	KPP	2V	30692/09	.
2009.849	Laos	2V	KY849765	.
2009.959	KPP	2V	30756/09	.
2010.104	KPP	2V	30037/10	.
2010.266	KPP	2V	30122/10	.
2010.326	Laos	2V	KY849766	.
2010.444	KPP	2V	30224/10	.
2010.477	KPP	2V	30243/10	.
2010.57	BKK	2V	00791/10	.
2010.622	BKK	2V	00911/10	.
2010.663	BKK	2V	01066/10	.
2010.682	BKK	2V	01109/10	.
2010.704	BKK	2V	01206/10	.
2010.773	BKK	2V	01340/10	.
2010.781	BKK	2V	01363/10	.
2010.797	BKK	2V	01384/10	.
2010.83	BKK	2V	01449/10	.
2010.89	BKK	2V	01549/10	.
2010.945	BKK	2V	01624/10	.
2011.03	BKK	2V	00045/11	.
2011.192	BKK	2V	00206/11	.
2011.205	BKK	2V	00220/11	.
2011.312	BKK	2V	00322/11	.
2011.323	BKK	2V	00331/11	.
2011.353	BKK	2V	00381/11	.
2011.438	BKK	2V	00556/11	.
2011.452	BKK	2V	00606/11	.
2011.466	BKK	2V	00647/11	.
2011.499	BKK	2V	00753/11	.
2011.5	Singapore	2II	KM279526	.
2011.529	BKK	2V	00825/11	.
2011.529_2	BKK	2V	00828/11	.
2011.778	BKK	2V	01220/11	.
2011.838	BKK	2V	01298/11	.
2011.956	BKK	2V	01429/11	.
2011.975	BKK	2V	01454/11	.
2012.025	BKK	2V	00009/12	.
2012.197	BKK	2V	00118/12	.
2012.219	BKK	2V	00144/12	.
2012.451	BKK	2V	00258/12	.
2012.473	BKK	2V	00273/12	.
2012.563	BKK	2V	00334/12	.
2012.577	BKK	2V	00342/12	.
2012.607	BKK	2V	00376/12	.
2012.672	BKK	2V	00478/12	.
2012.814	BKK	2V	00669/12	.
2012.833	BKK	2V	00741/12	.
2012.858	BKK	2V	00795/12	.
2012.869	BKK	2V	00826/12	.
2012.907	BKK	2V	00907/12	.
2012.967	BKK	2V	01090/12	.
2012.967_2	BKK	2V	01092/12	.
2012.986	BKK	2V	01113/12	.
2013.011	BKK	2V	00058/13	.
2013.011_2	China	2IIIr	KF479233	.
2013.027	BKK	2V	00078/13	.
2013.085	BKK	2V	00225/13	.
2013.112	BKK	2V	00269/13	.
2013.118	BKK	2V	00280/13	.
2013.49	BKK	2V	00662/13	.
2013.507	BKK	2V	00696/13	.
2013.581	BKK	2V	00838/13	.
2013.934	BKK	2V	01726/13	.
2013.978	BKK	2V	00016/14	.
2014.041	Malaysia	2II	KX452039	.
2014.203	Singapore	2II	KY921904	.
2014.405	China	2II	MN018357	.
2014.5	China	2II	KP012546	.
2014.622	Thailand	2V	MH888331	.
2014.918	BKK	2V	00740/14	.
2015.5	Taiwan	2II	KU365902	.
2016.708	Thailand	2V	LC410184	.
2016.79	Thailand	2II	LC410189	.
2016.79_2	Thailand	2II	LC410190	.
2016.874	Thailand	2V	LC410185	.
2016.956	Thailand	2V	LC410186	.
2017.041	Thailand	2V	LC410187	.
2017.126	Thailand	2II	LC410191	.
2017.126_2	Thailand	2V	LC410188	.
2017.192	China	2II	MN018344	.
