strain,insertion: 1bp @ ref pos 9464,insertion: 1bp @ ref pos 10432,insertion: 1bp @ ref pos 10596
hDenV3/Colombia/VAC-LSPVAC-08627-2-VI/2023|EPI_ISL_18720093|2023-10-11,A,,
hDenV3/Colombia/un-INS-449241/2015|EPI_ISL_17783340|2015-08-17,,A,
hDenV3/Colombia/un-INS-449334/2015|EPI_ISL_17783341|2015-08-21,,A,
hDenV3/Colombia/un-CNIH-449686/2015|EPI_ISL_717302|2015-09-15,,A,
hDenV3/Colombia/un-CNIH-449982/2015|EPI_ISL_717303|2015-09-07,,A,
hDenV3/Colombia/VAC-LSPVAC-2404366/2024|EPI_ISL_19216448|2024-03-12,,A,
hDenV3/Colombia/un-Yale-DN02581/2024|EPI_ISL_19257586|2024-03-04,,A,
hDenV3/Colombia/un-Yale-DN02561/2024|EPI_ISL_19257591|2024-02-19,,A,
hDenV3/Colombia/un-Yale-DN02798/2024|EPI_ISL_19682046|2024-05-27,,A,
hDenV3/Colombia/un-Yale-DN02580/2024|EPI_ISL_19257565|2024-03-04,,A,
hDenV3/Colombia/un-Yale-DN02716/2024|EPI_ISL_19682054|2024-03-28,,A,
hDenV3/Colombia/un-Yale-DN02415/2023|EPI_ISL_19257572|2023-10-21,,A,
hDenV3/Colombia/un-Yale-DN02335/2023|EPI_ISL_19257561|2023-07-26,,A,
hDenV3/Colombia/un-Yale-DN02514/2024|EPI_ISL_19257583|2024-01-29,,A,
hDenV3/Colombia/un-Yale-DN02783/2024|EPI_ISL_19682048|2024-05-20,,A,
hDenV3/Colombia/un-Yale-DN02539/2024|EPI_ISL_19257579|2024-02-09,,A,
hDenV3/Colombia/un-Yale-DN02773/2024|EPI_ISL_19682052|2024-05-13,,A,
hDenV3/Colombia/un-Yale-DN02780/2024|EPI_ISL_19682050|2024-05-15,,A,
hDenV3/Colombia/un-Yale-DN02850/2024|EPI_ISL_19682041|2024-07-10,,A,
hDenV3/Colombia/VAC-LSPVAC-2404889/2024|EPI_ISL_19216450|2024-03-20,,A,
hDenV3/Colombia/un-Yale-DN02462/2023|EPI_ISL_19257576|2023-12-16,,A,
hDenV3/Colombia/un-Yale-DN02848/2024|EPI_ISL_19682042|2024-07-13,,A,
hDenV3/Colombia/un-Yale-DN02785/2024|EPI_ISL_19682047|2024-05-19,,A,
hDenV3/Colombia/un-Yale-DN02374/2023|EPI_ISL_19257577|2023-09-09,,A,
hDenV3/Colombia/un-Yale-DN02782/2024|EPI_ISL_19682049|2024-05-17,,A,
hDenV3/Colombia/un-Yale-DN02433/2023|EPI_ISL_19257563|2023-11-19,,A,
hDenV3/Colombia/un-Yale-DN02422/2023|EPI_ISL_19257568|2023-11-06,,A,
hDenV3/Colombia/un-Yale-DN02564/2024|EPI_ISL_19257582|2024-02-23,,A,
hDenV3/Colombia/un-Yale-DN02576/2024|EPI_ISL_19257562|2024-03-03,,A,
hDenV3/Colombia/un-Yale-DN02469/2023|EPI_ISL_19257575|2023-12-19,,A,
hDenV3/Colombia/un-Yale-DN02586/2024|EPI_ISL_19257580|2024-03-05,,A,
hDenV3/Colombia/un-Yale-DN02852/2024|EPI_ISL_19682040|2024-07-18,,A,
hDenV3/Colombia/un-Yale-DN02824/2024|EPI_ISL_19682043|2024-06-17,,A,
hDenV3/Colombia/un-Yale-DN02760/2024|EPI_ISL_19682053|2024-05-02,,A,
hDenV3/Colombia/un-Yale-DN02343/2023|EPI_ISL_19257571|2023-08-05,,A,
hDenV3/Colombia/un-Yale-DN02502/2024|EPI_ISL_19257585|2024-01-16,,A,
hDenV3/Colombia/VAC-LSPVAC-0925-12517/2025|EPI_ISL_20231564|2025-09-16,,A,
hDenV3/Colombia/VAC-LSPVAC-1006-12943/2025|EPI_ISL_20231566|2025-09-03,,A,
hDenV3/Colombia/SAN-BROAD-0000038/2007|EPI_ISL_17436908|2007,,,A
