Year,Month,Time,D1_raw,D1_ma,D1_recon,D2_raw,D2_ma,D2_recon,D3_raw,D3_ma,D3_recon,D4_raw,D4_ma,D4_recon
1973,1,1973,0,0.0920233438830513,1.12389065534714,0,0.115343408338714,1.38462863607705,0,0.121392173082569,1.17470116057831,0,-0.12750599116752,0.897929402836447
1973,1.99999999999909,1973.08333333333,0,0.00558638258258674,1.03180471010622,0,0.028065985663132,1.28516218143654,0,-0.0187919276953831,1.02493373671357,0,-0.00300740883790609,1.01987151528595
1973,3.00000000000091,1973.16666666667,0,0.00558638258258674,1.03283306528525,0,0.028065985663132,1.30156406936667,0,-0.0187919276953831,1.02886058544641,0,-0.00300740883790609,1.02277819058898
1973,4,1973.25,0,0.00558638258258674,1.03391064436887,0,0.028065985663132,1.31811085615936,0,-0.0187919276953831,1.03282894191408,0,-0.00300740883790609,1.02569744808161
1973,4.99999999999909,1973.33333333333,0,0.00558638258258674,1.03503798199398,0,0.028065985663132,1.33480241416955,0,-0.0187919276953831,1.03683906986448,0,-0.00300740883790609,1.02862945593113
1973,6.00000000000091,1973.41666666667,0,0.00558638258258674,1.03621562161005,0,0.028065985663132,1.35163857980686,0,-0.0187919276953831,1.04089123611343,0,-0.00300740883790609,1.03157438387049
1973,7,1973.5,3,0.00558638258258674,1.03744411570241,2,0.028065985663132,1.3686191528892,2,-0.0187919276953831,1.04498571055957,0,-0.00300740883790609,1.03453240321375
1973,7.99999999999909,1973.58333333333,1,0.00558638258258674,1.03872402601995,6,0.028065985663132,1.38574389599761,0,-0.0187919276953831,1.04912276619932,0,-0.00300740883790609,1.03750368687193
1973,9.00000000000091,1973.66666666667,0,0.00558638258258674,1.04005592380737,2,0.028065985663132,1.40301253383294,1,-0.0187919276953831,1.05330267914217,0,-0.00300740883790609,1.04048840936895
1973,10,1973.75,0,0.00558638258258674,1.04144039004208,3,0.028065985663132,1.4204247525746,0,-0.0187919276953831,1.05752572862602,0,-0.00300740883790609,1.04348674685801
1973,10.9999999999991,1973.83333333333,0,0.00558638258258674,1.04287801567593,0,0.028065985663132,1.43798019924181,0,-0.0187919276953831,1.0617921970328,0,-0.00300740883790609,1.04649887713809
1973,12.0000000000009,1973.91666666667,0,0.00558638258258674,1.04436940188179,0,0.028065985663132,1.45567848105763,0,-0.0187919276953831,1.06610236990423,0,-0.00300740883790609,1.04952497967083
1974,1,1974,0,0.00558638258258674,1.04591516030526,0,0.028065985663132,1.47351916481635,0,-0.0187919276953831,1.07045653595781,0,-0.00300740883790609,1.05256523559762
1974,1.99999999999909,1974.08333333333,0,0.00558638258258674,1.04751591332156,0,0.028065985663132,1.49150177625434,0,-0.0187919276953831,1.07485498710291,0,-0.00300740883790609,1.05561982775702
1974,3.00000000000091,1974.16666666667,0,0.00558638258258674,1.0491722942977,0,0.028065985663132,1.50962579942502,0,-0.0187919276953831,1.07929801845714,0,-0.00300740883790609,1.05868894070242
1974,4,1974.25,0,0.00558638258258674,1.05088494786019,0,0.028065985663132,1.52789067607826,0,-0.0187919276953831,1.08378592836282,0,-0.00300740883790609,1.06177276072
1974,4.99999999999909,1974.33333333333,0,0.00558638258258674,1.05265453016841,0,0.028065985663132,1.5462958050445,0,-0.0187919276953831,1.08831901840366,0,-0.00300740883790609,1.06487147584703
1974,6.00000000000091,1974.41666666667,0,0.00558638258258674,1.05448170919373,1,0.028065985663132,1.56484054162425,0,-0.0187919276953831,1.09289759342164,0,-0.00300740883790609,1.06798527589041
1974,7,1974.5,2,0.00558638258258674,1.05636716500457,1,0.028065985663132,1.58352419698315,1,-0.0187919276953831,1.09752196153402,0,-0.00300740883790609,1.07111435244552
1974,7.99999999999909,1974.58333333333,1,0.00558638258258674,1.05831159005763,2,0.028065985663132,1.60234603755317,0,-0.0187919276953831,1.10219243415053,0,-0.00300740883790609,1.07425889891541
1974,9.00000000000091,1974.66666666667,1,0.00558638258258674,1.06031568949536,0,0.028065985663132,1.62130528444032,1,-0.0187919276953831,1.10690932599079,0,-0.00300740883790609,1.07741911053025
1974,10,1974.75,0,0.00558638258258674,1.06238018144994,0,0.028065985663132,1.64040111283937,1,-0.0187919276953831,1.11167295510178,0,-0.00300740883790609,1.08059518436716
1974,10.9999999999991,1974.83333333333,0,0.00558638258258674,1.06450579735385,1,0.028065985663132,1.65963265145595,1,-0.0187919276953831,1.11648364287563,0,-0.00300740883790609,1.08378731937028
1974,12.0000000000009,1974.91666666667,0,0.00558638258258674,1.0666932822573,0,0.028065985663132,1.67899898193652,0,-0.0187919276953831,1.12134171406747,0,-0.00300740883790609,1.08699571637124
1975,1,1975,0,0.00558638258258674,1.06894339515268,0,0.028065985663132,1.69849913830666,0,-0.0187919276953831,1.12624749681345,0,-0.00300740883790609,1.0902205781099
1975,1.99999999999909,1975.08333333333,0,0.00558638258258674,1.07125690930618,0,0.028065985663132,1.71813210641822,0,-0.0187919276953831,1.13120132264899,0,-0.00300740883790609,1.09346210925547
1975,3.00000000000091,1975.16666666667,0,0.00558638258258674,1.07363461259687,0,0.028065985663132,1.73789682340562,0,-0.0187919276953831,1.13620352652713,0,-0.00300740883790609,1.09672051642792
1975,4,1975.25,0,0.00558638258258674,1.0760773078634,0,0.028065985663132,1.75779217715197,0,-0.0187919276953831,1.14125444683707,0,-0.00300740883790609,1.09999600821978
1975,4.99999999999909,1975.33333333333,0,0.00558638258258674,1.07858581325845,0,0.028065985663132,1.77781700576534,1,-0.0187919276953831,1.14635442542284,0,-0.00300740883790609,1.10328879521823
1975,6.00000000000091,1975.41666666667,0,0.00558638258258674,1.08116096261137,6,0.028065985663132,1.79797009706579,1,-0.0187919276953831,1.15150380760219,0,-0.00300740883790609,1.10659909002763
1975,7,1975.5,0,0.00558638258258674,1.08380360579899,0,0.028065985663132,1.81825018808349,1,-0.0187919276953831,1.15670294218556,0,-0.00300740883790609,1.10992710729232
1975,7.99999999999909,1975.58333333333,0,0.00558638258258674,1.08651460912497,2,0.028065985663132,1.83865596456859,1,-0.0187919276953831,1.16195218149524,0,-0.00300740883790609,1.11327306371982
1975,9.00000000000091,1975.66666666667,0,0.00558638258258674,1.08929485570789,1,0.028065985663132,1.8591860605132,1,-0.0187919276953831,1.16725188138471,0,-0.00300740883790609,1.11663717810443
1975,10,1975.75,0,0.00558638258258674,1.09214524587838,1,0.028065985663132,1.87983905768606,1,-0.0187919276953831,1.17260240125805,0,-0.00300740883790609,1.12001967135112
1975,10.9999999999991,1975.83333333333,0,0.00558638258258674,1.09506669758546,0,0.0177273271891119,1.88106491856795,0,-0.0187919276953831,1.17800410408961,0,-0.00300740883790609,1.1234207664999
1975,12.0000000000009,1975.91666666667,0,0.00558638258258674,1.09806014681237,0,-0.0250133522455632,1.8221750360529,0,-0.0187919276953831,1.1834573564437,0,-0.00300740883790609,1.1268406887505
1976,1,1976,0,0.00558638258258674,1.10112654800221,0,-0.042093179099499,1.81090583666476,0,-0.0187919276953831,1.18896252849455,0,-0.00300740883790609,1.13027966548748
1976,1.99999999999909,1976.08333333333,0,0.00558638258258674,1.10426687449366,0,-0.0400024315360656,1.83443491946238,0,-0.0187919276953831,1.19451999404631,0,-0.00300740883790609,1.13373792630571
1976,3.00000000000091,1976.16666666667,0,0.00558638258258674,1.10748211896696,0,-0.0303325714571336,1.87229895242815,0,-0.0187919276953831,1.20013013055325,0,-0.00300740883790609,1.13721570303626
1976,4,1976.25,0,0.00558638258258674,1.11077329390061,0,-0.013024455593583,1.92548482072428,0,-0.0187919276953831,1.20579331914012,0,-0.00300740883790609,1.14071322977274
1976,4.99999999999909,1976.33333333333,0,0.00558638258258674,1.11414143203894,0,0.0133241091048792,1.99804781565522,0,-0.0187919276953831,1.21150994462253,0,-0.00300740883790609,1.14423074289796
1976,6.00000000000091,1976.41666666667,0,0.00558638258258674,1.11758758687095,0,0.0402193363553279,2.0743575306007,0,-0.0187919276953831,1.21728039552764,0,-0.00300740883790609,1.14776848111113
1976,7,1976.5,0,0.00558638258258674,1.12111283312071,1,0.0677279729806489,2.15477625532346,1,-0.0187919276953831,1.22310506411481,0,-0.00300740883790609,1.15132668545537
1976,7.99999999999909,1976.58333333333,0,0.00558638258258674,1.1247182672497,1,0.0784142569298543,2.20084378329889,0,-0.0187919276953831,1.22898434639651,0,-0.00300740883790609,1.15490559934572
1976,9.00000000000091,1976.66666666667,0,0.00239660877073352,1.1248113856958,0,0.0986916361864406,2.26942494423709,0,-0.0187919276953831,1.23491864215932,1,-0.00300740883790609,1.15850546859762
1976,10,1976.75,0,-0.00352725189882727,1.1219028507193,3,0.120949300734493,2.34464209307138,0,-0.0187919276953831,1.24090835498499,2,-0.00300740883790609,1.16212654145571
1976,10.9999999999991,1976.83333333333,0,-0.0144198176170436,1.11352525265153,1,0.144815278497893,2.42610593948447,0,-0.0187919276953831,1.24695389227175,2,-0.00300740883790609,1.16576906862324
1976,12.0000000000009,1976.91666666667,0,-0.0235887040264224,1.10718651255983,2,0.168514538745397,2.50983075793321,0,-0.0187919276953831,1.25305566525563,0,-0.00152967462449698,1.17116269236838
1977,1,1977,0,-0.0403841727735409,1.09258892453381,0,0.196161091749677,2.60655664250454,0,-0.0187919276953831,1.25921408903197,0,0.00448252726289708,1.18193907908066
1977,1.99999999999909,1977.08333333333,0,-0.0598424398739837,1.07538505437374,0,0.21775907508492,2.69052288789579,0,-0.0187919276953831,1.26542958257701,0,0.0150747674551027,1.19830108615291
1977,3.00000000000091,1977.16666666667,0,-0.0779145809717737,1.05998807777249,0,0.250473551442751,2.80806780261556,0,-0.0187919276953831,1.27170256876964,0,0.0271504286670758,1.21670421732153
1977,4,1977.25,0,-0.100649864771246,1.04001772946564,1,0.275871712573778,2.90920607538387,0,-0.0187919276953831,1.2780334744132,0,0.0462792481460054,1.24414564914601
1977,4.99999999999909,1977.33333333333,0,-0.115451820138624,1.02861776800114,2,0.292381915029319,2.9871340434369,1,-0.0187919276953831,1.28442273025745,3,0.0607111766738157,1.26625639632551
1977,6.00000000000091,1977.41666666667,0,-0.138928144010872,1.00862179173252,8,0.295590008542963,3.02643335100228,3,-0.0187919276953831,1.29087077102063,2,0.0869886395204198,1.30412921466508
1977,7,1977.5,0,-0.159398188028669,0.992057215195481,4,0.292583491281523,3.04706447840382,1,-0.0187919276953831,1.2973780354116,4,0.105033008224872,1.33213472243404
1977,7.99999999999909,1977.58333333333,0,-0.1654187219883,0.990031546582316,7,0.261381201052092,2.98235881408343,1,-0.0187919276953831,1.30394496615212,4,0.123834402248067,1.36178526436538
1977,9.00000000000091,1977.66666666667,0,-0.14857704141565,1.01092523674489,2,0.222261673932211,2.89582695128055,0,-0.0187919276953831,1.31057200999924,2,0.156203089061092,1.41112518798888
1977,10,1977.75,0,-0.15739335602062,1.00617804508585,9,0.137109580099342,2.68513665625792,1,-0.0187919276953831,1.31725961776774,3,0.175793792645186,1.44370122945283
1977,10.9999999999991,1977.83333333333,0,-0.171799502795807,0.995937491207992,2,0.0535283480914718,2.49353260438018,3,-0.0187919276953831,1.32400824435271,1,0.194732029455436,1.47608058535767
1977,12.0000000000009,1977.91666666667,0,-0.202280930741225,0.970146140120088,0,-0.00730033329275187,2.36874089833619,1,-0.0187919276953831,1.33081834875219,0,0.226152136444779,1.52815703370385
1978,1,1978,0,-0.225520654944957,0.951955553065709,0,-0.0906546729664502,2.19993438548912,0,-0.0187919276953831,1.33769039408995,0,0.241885593901216,1.55746282418247
1978,1.99999999999909,1978.08333333333,0,-0.254475602551773,0.92884587000163,0,-0.180267372775882,2.03028144591687,0,-0.0187919276953831,1.34462484763832,0,0.255223343126772,1.58354864540767
1978,3.00000000000091,1978.16666666667,0,-0.287683875988441,0.90251237011715,1,-0.261940764211365,1.88852600761389,0,-0.0187919276953831,1.3516221808411,0,0.265669788044723,1.60543954280831
1978,4,1978.25,0,-0.324963021720632,0.873422945790037,1,-0.355369216796679,1.73602763199594,0,-0.0187919276953831,1.35868286933659,1,0.280462843955219,1.63474026930903
1978,4.99999999999909,1978.33333333333,0,-0.37021503136698,0.838620894535014,0,-0.439152917240827,1.61119832510903,0,-0.0187919276953831,1.36579946087118,0,0.291629312616598,1.65857145064938
1978,6.00000000000091,1978.41666666667,0,-0.398347096024629,0.819173731388733,2,-0.513933299571426,1.50875852925448,0,-0.0187919276953831,1.37296485626624,0,0.289028522655042,1.65976707183619
1978,7,1978.5,0,-0.432937353968828,0.795088230222722,2,-0.579790460888486,1.42539220900534,1,-0.0187919276953831,1.3801800763625,0,0.281776827196508,1.65328101545643
1978,7.99999999999909,1978.58333333333,0,-0.455381126877627,0.781201516114248,6,-0.626986571709398,1.37189962712032,0,-0.0187919276953831,1.38744615878363,4,0.26971395477784,1.63893995654166
1978,9.00000000000091,1978.66666666667,0,-0.483444858594463,0.763313555232807,4,-0.658383985960836,1.34134603340735,0,-0.0187919276953831,1.39476415820363,0,0.252780499687609,1.61685210948327
1978,10,1978.75,0,-0.495648644117818,0.757814984331822,10,-0.640448931233346,1.37769699197865,1,-0.00539156609262729,1.42105071930456,0,0.231022392224874,1.58740684459703
1978,10.9999999999991,1978.83333333333,0,-0.51524234187564,0.746871694150247,3,-0.596340800927937,1.45245707814912,0,0.00129113235135975,1.43815466703959,0,0.1820905955223,1.51673843517656
1978,12.0000000000009,1978.91666666667,0,-0.519209085824613,0.747733909365705,0,-0.532503010594881,1.56167840311761,0,0.0076576086953287,1.45502059439927,0,0.131862968646226,1.44735844475498
1979,1,1979,0,-0.515221255721259,0.754629730077786,0,-0.458224652273922,1.69662055110745,0,0.0134632429688863,1.47127610148406,0,0.0932250108602866,1.39727030924021
1979,1.99999999999909,1979.08333333333,0,-0.505597409582681,0.765947733935504,3,-0.385387196140248,1.84044536922044,0,0.0184547369561124,1.48652053278869,0,0.0423003813713494,1.3324600068473
1979,3.00000000000091,1979.16666666667,0,-0.496198091827299,0.777315119560207,0,-0.280758849663756,2.0608146540288,0,0.0223740799110272,1.50033239157931,0,-0.0114246434469204,1.26711797647517
1979,4,1979.25,0,-0.459086250672108,0.811073710601724,2,-0.171448751747912,2.31824700325492,0,0.0249629863865566,1.51227903390461,0,-0.0509154821069085,1.22226935583573
1979,4.99999999999909,1979.33333333333,0,-0.419334506374208,0.848592973015613,0,-0.0353743373949578,2.67840291957914,0,0.0316529704270418,1.53060570704431,0,-0.0973046802152551,1.17091645144562
1979,6.00000000000091,1979.41666666667,0,-0.351384732400412,0.913300625573698,0,0.133391446434886,3.19714219112798,0,0.0306474929442133,1.53730028563697,0,-0.14360167034055,1.12183718140902
1979,7,1979.5,0,-0.250987306847904,1.01542640257767,4,0.343688646814245,3.97793186477018,0,0.0275658757173202,1.54084414696464,0,-0.197535164138277,1.06665018247687
1979,7.99999999999909,1979.58333333333,0,-0.154087846143446,1.12510253949879,10,0.583314581187508,5.09639218047705,0,0.0222052247909609,1.54090346107473,0,-0.25019311112966,1.01548325883363
1979,9.00000000000091,1979.66666666667,2,-0.0215362777468279,1.29195368017972,9,0.848554823813873,6.69831584961665,0,0.0143933160637274,1.53721377505256,1,-0.290891705941454,0.978412235782603
1979,10,1979.75,0,0.123742278924041,1.50264462228653,13,1.20394128781289,9.63367213848792,0,0.00399578398447934,1.52959717262402,0,-0.32882383552894,0.945315486912878
1979,10.9999999999991,1979.83333333333,0,0.225149028246183,1.6727812118075,9,1.56216611875674,13.8939126397839,0,-0.00907699077983522,1.5179767718436,0,-0.367680804779898,0.912502802972248
1979,12.0000000000009,1979.91666666667,0,0.458244933995615,2.12441935875776,9,1.90303660776892,19.6922104918722,0,-0.0207040215057103,1.50864950146489,0,-0.397652992238959,0.888698202872719
1980,1,1980,0,0.710969557907613,2.75164208942796,5,2.20613839044781,26.8742316287902,1,-0.039485876683647,1.48871573314597,0,-0.422286383240255,0.87015559059614
1980,1.99999999999909,1980.08333333333,1,0.95798985783835,3.54398430395715,4,2.45254368592594,34.6520886315608,0,-0.0609075758161667,1.46519839232541,0,-0.447697917654139,0.851344533902222
1980,3.00000000000091,1980.16666666667,3,1.1851817441023,4.47512675868091,6,2.62641601719025,41.5525020650656,0,-0.0848301570892596,1.43847683551463,0,-0.463362484775211,0.841105495258017
1980,4,1980.25,7,1.37242389353143,5.42992194028205,27,2.70824135862798,45.442774096535,0,-0.0972211155458601,1.42864898765462,0,-0.473615744793203,0.835505236632169
1980,4.99999999999909,1980.33333333333,7,1.51459789102675,6.29844284613089,26,2.70988386146599,45.8654060176851,2,-0.124051740952971,1.39857397907105,0,-0.483201841606289,0.830502556031034
1980,6.00000000000091,1980.41666666667,2,1.61327012822427,6.99526229630743,21,2.62141490050999,42.300624294427,4,-0.152803194146295,1.36653152836065,1,-0.489012954301078,0.828658197288352
1980,7,1980.5,14,1.655404271633,7.34250039145265,31,2.44835314841822,35.8464779982249,2,-0.181066817348414,1.33590152066565,0,-0.491298051365373,0.829744309007907
1980,7.99999999999909,1980.58333333333,2,1.64074132431054,7.28182443217195,20,2.20138614799667,28.2115047143585,0,-0.21302316467118,1.30117113148989,0,-0.482717660085584,0.839914115307282
1980,9.00000000000091,1980.66666666667,7,1.56424422760275,6.78898236140552,18,1.89478889081519,20.9163513119689,2,-0.227222772191788,1.29007561902723,1,-0.486324395654444,0.839915235932098
1980,10,1980.75,4,1.40498401072157,5.82703516764138,8,1.54894349320352,14.9100014801209,0,-0.259980157329363,1.25558378263907,0,-0.473524470168046,0.853815440668779
1980,10.9999999999991,1980.83333333333,4,1.2663950537351,5.1061036715374,4,1.19994073221157,10.594388050408,1,-0.292950875851874,1.2217802564623,0,-0.45594231124202,0.8721113726394
1980,12.0000000000009,1980.91666666667,0,1.15865699233399,4.61478183639694,1,0.882960557561389,7.77247400103131,0,-0.325676863633055,1.18920443605568,0,-0.445840814399926,0.884165260634107
1981,1,1981,0,1.0432146170255,4.13892475441031,1,0.587741207475608,5.82735651570907,0,-0.357665209540779,1.15837779042845,0,-0.434772528376303,0.897257376458815
1981,1.99999999999909,1981.08333333333,1,0.917524720410291,3.67446203037882,0,0.329440027166391,4.53310609573563,0,-0.370595658797895,1.15008726886512,0,-0.428071250421879,0.90658001519117
1981,3.00000000000091,1981.16666666667,1,0.792986495606579,3.2660290835649,5,0.137360219221937,3.76754722696325,0,-0.401123251166793,1.12196513905743,0,-0.417261442639939,0.919774780283001
1981,4,1981.25,0,0.669489859097966,2.90615076653128,2,-0.146817355220326,2.85563862701349,0,-0.429909057765654,1.09646536095286,0,-0.406494682859303,0.933125285352422
1981,4.99999999999909,1981.33333333333,1,0.550449661204725,2.59759034902621,3,-0.39683906033919,2.23955170235435,1,-0.456560161555121,1.07386156797597,0,-0.389461212817559,0.952624344029935
1981,6.00000000000091,1981.41666666667,0,0.440513894171198,2.34312671491498,0,-0.628433022181192,1.78896533645757,0,-0.467488942203631,1.06841689079583,0,-0.395161601652357,0.950674232378414
1981,7,1981.5,1,0.327677730478726,2.10755743527305,3,-0.839376141774998,1.45878587215744,0,-0.490792156053534,1.04995379786394,0,-0.373521345006207,0.975027892333921
1981,7.99999999999909,1981.58333333333,1,0.241137469352354,1.94626042096896,1,-1.00262924171152,1.24759392437306,0,-0.511177158731268,1.03485224059594,1,-0.367356364770773,0.984651999485605
1981,9.00000000000091,1981.66666666667,3,0.162848174025058,1.81227092466083,0,-1.14851303628387,1.08562350450605,1,-0.528402255839523,1.02322320576528,0,-0.369180085638253,0.986461506766619
1981,10,1981.75,0,0.0709734023162319,1.66479995608745,1,-1.25102544444487,0.98651204363128,0,-0.532684946199481,1.02493184683428,0,-0.371246249783897,0.988036944434002
1981,10.9999999999991,1981.83333333333,1,0.019205912380077,1.5919733221594,2,-1.3179800870219,0.928858638404734,1,-0.544859028373676,1.01860162272425,0,-0.378223825955455,0.984768258428691
1981,12.0000000000009,1981.91666666667,0,-0.0296627703539381,1.52680806361334,2,-1.36564902920446,0.891567833142574,0,-0.557354584226137,1.01201345142481,0,-0.380584516487311,0.986053918034657
1982,1,1982,0,-0.0613406613639771,1.48975390005716,1,-1.37591599904013,0.88835144344992,0,-0.557383749337055,1.01810988367134,0,-0.396356418312688,0.97418941032698
1982,1.99999999999909,1982.08333333333,0,-0.0835978406470166,1.46740876418434,1,-1.36804365393546,0.901312813998852,0,-0.560965287073853,1.0206405321893,0,-0.424127889879967,0.950988342400545
1982,3.00000000000091,1982.16666666667,0,-0.0543441064399456,1.52185504186004,1,-1.33774090483052,0.935169879438225,0,-0.560890556322708,1.02695552084983,0,-0.424154746728076,0.954457443088479
1982,4,1982.25,0,-0.049699227387228,1.54000538545239,0,-1.2889298459884,0.988386230351239,0,-0.555830432641187,1.0385049139034,0,-0.421911552411988,0.96011649034367
1982,4.99999999999909,1982.33333333333,0,-0.0663646394258051,1.52556276673413,0,-1.23123410068539,1.05391336188013,0,-0.555661034834853,1.04509227018571,0,-0.415559387576483,0.969785675229454
1982,6.00000000000091,1982.41666666667,1,-0.0903477784638078,1.50028328788031,0,-1.16445700565428,1.13399441679321,0,-0.546936291160685,1.06079052191388,0,-0.405687883897029,0.983005306911175
1982,7,1982.5,0,-0.108440680850748,1.48418324820644,0,-1.08944693222115,1.23020243913963,1,-0.5370226733761,1.07803913229721,0,-0.394145153197733,0.998071044928751
1982,7.99999999999909,1982.58333333333,1,-0.126017522123378,1.46905628338227,1,-1.01824253652059,1.3294558351407,0,-0.522997438029634,1.10011694722405,3,-0.375996550010789,1.02008296614371
1982,9.00000000000091,1982.66666666667,1,-0.146035249989516,1.4505789863064,3,-0.967150317941136,1.40806080423953,0,-0.505825364282467,1.12622152271501,0,-0.352721255972408,1.04793763790155
1982,10,1982.75,1,-0.153608797991233,1.45030864380769,5,-0.909394469425872,1.50123256573649,0,-0.523126652992353,1.11391329106355,0,-0.319887680913977,1.08689042004235
1982,10.9999999999991,1982.83333333333,0,-0.162206394944895,1.44859167762677,2,-0.870478026794256,1.5706452772488,1,-0.516060723865687,1.12895306432924,0,-0.293284031828032,1.12028775720111
1982,12.0000000000009,1982.91666666667,0,-0.167357513940223,1.4519080919411,2,-0.829735831030045,1.64621632854568,0,-0.501577789675322,1.15275268886314,0,-0.24807288928244,1.17639600138115
1983,1,1983,0,-0.181153148647149,1.4427409899986,3,-0.798207335928222,1.70954407952474,0,-0.477032778173909,1.18899793529889,0,-0.200774776269228,1.23789183260619
1983,1.99999999999909,1983.08333333333,0,-0.203629456866753,1.42127326043998,1,-0.768599529607892,1.7718458906291,0,-0.439331626336308,1.24266679432185,0,-0.147122297743887,1.31090200940382
1983,3.00000000000091,1983.16666666667,1,-0.201787167753998,1.43462283148481,1,-0.754010738292562,1.80898774550603,1,-0.409024281180082,1.28923592075672,0,-0.0926336013961106,1.38937504103884
1983,4,1983.25,1,-0.217347032479267,1.42314550259743,2,-0.730605580523367,1.86320756521835,4,-0.375670786695813,1.34167840533346,1,-0.0267545094297259,1.48940898446627
1983,4.99999999999909,1983.33333333333,1,-0.226787579246018,1.42045375033719,1,-0.70565605712466,1.92196255152951,1,-0.33486148290366,1.40675375954128,2,0.0397560682546488,1.59764756802623
1983,6.00000000000091,1983.41666666667,0,-0.247111881638931,1.40244663211558,1,-0.680547499207723,1.98282942026925,0,-0.283857668532402,1.49015336237907,2,0.116997530718714,1.73223378898253
1983,7,1983.5,1,-0.270286735394549,1.38075106458049,3,-0.654066956597127,2.04837580823898,1,-0.225365311643142,1.5904209696046,0,0.189151074775967,1.86861735873414
1983,7.99999999999909,1983.58333333333,0,-0.289951010888918,1.36425680606135,10,-0.646285238155646,2.07665375274032,6,-0.176994185456235,1.68039667925674,4,0.28130096066654,2.05650036099444
1983,9.00000000000091,1983.66666666667,0,-0.317288156988225,1.3377982107524,1,-0.610768104571609,2.16410868371017,0,-0.123918328094767,1.78388564163538,0,0.367867245218573,2.25078685566827
1983,10,1983.75,0,-0.34611993474378,1.31002942505844,4,-0.579454550515599,2.24535933351058,0,-0.0820898756275903,1.87262042685649,1,0.458303772827834,2.47310281993149
1983,10.9999999999991,1983.83333333333,0,-0.379226251404725,1.27749495582515,1,-0.542981024054256,2.34127916141018,1,-0.0331654881820427,1.97982346630836,1,0.492528869999533,2.56896601313659
1983,12.0000000000009,1983.91666666667,0,-0.406041553406966,1.25375490843843,2,-0.500912703261562,2.45455158566885,1,0.0233138931720939,2.10909679613897,0,0.498687504459579,2.59480922487993
1984,1,1984,1,-0.445031334241223,1.21568480743232,4,-0.469522995297132,2.54552583157254,0,0.0702272290622436,2.22548319331396,2,0.567402753383627,2.79022868612995
1984,1.99999999999909,1984.08333333333,0,-0.490058219738792,1.17178705112004,0,-0.407250189693074,2.72220902730299,1,0.125594835073549,2.36829617679317,0,0.660858879299337,3.07565480950257
1984,3.00000000000091,1984.16666666667,0,-0.535005019089697,1.12966966780277,0,-0.350858368409446,2.89360885121178,0,0.160481837226297,2.46925159485172,0,0.775722527673,3.46378122022391
1984,4,1984.25,0,-0.591763358892648,1.07637570172056,1,-0.300795939718382,3.05590637761888,3,0.223068158475223,2.64689420272505,1,0.909620419150694,3.97600555800104
1984,4.99999999999909,1984.33333333333,0,-0.645601306753962,1.02868637506222,4,-0.234464890192684,3.27973337015855,0,0.254232969057309,2.74962764253077,0,1.03359580494361,4.51908723414558
1984,6.00000000000091,1984.41666666667,0,-0.699337312619223,0.983294887725511,1,-0.172947964042611,3.50252626467592,2,0.321071984545446,2.96016930763922,3,1.18065631697957,5.25649205495782
1984,7,1984.5,0,-0.755304778722988,0.937890044857473,4,-0.116134931771052,3.72236295369115,0,0.41106916708716,3.26158677193995,3,1.32773345760239,6.11453766880609
1984,7.99999999999909,1984.58333333333,0,-0.807642276755886,0.897908436400567,12,-0.087912538480938,3.8439596604626,11,0.526388068692574,3.6859603831049,14,1.47024799601712,7.08050328061538
1984,9.00000000000091,1984.66666666667,0,-0.868731283242488,0.852208763456967,13,-0.0260475079646562,4.10479521991935,7,0.66475337318036,4.26278642582076,10,1.59771672266877,8.07688730873533
1984,10,1984.75,0,-0.921809035379473,0.815403885573393,12,0.0210176353239226,4.31837779535153,6,0.724702021706643,4.55819421661191,13,1.71088642833825,9.08295030659957
1984,10.9999999999991,1984.83333333333,0,-0.969521466066298,0.784444683758176,3,0.0754120228297208,4.57592618495454,6,0.777293967686437,4.83848462727453,7,1.79100827623674,9.88256447870444
1984,12.0000000000009,1984.91666666667,0,-1.01480260055688,0.756553162531146,4,0.112882085936296,4.76689567588629,2,0.798880573080812,4.97935078589561,1,1.82622472913609,10.2806794119657
1985,1,1985,0,-1.05292183266945,0.734949802187299,1,0.121551498010445,4.82430700498323,3,0.813238190488852,5.08755172362662,4,1.83823095109407,10.4497237298391
1985,1.99999999999909,1985.08333333333,0,-1.09297401010882,0.712633451540259,7,0.119989788640677,4.83218706283303,2,0.790011442821453,5.00650368165557,4,1.81467786668178,10.2507300941005
1985,3.00000000000091,1985.16666666667,0,-1.11766911448817,0.70173483521337,4,0.133300410105476,4.91209271796789,2,0.75458304964419,4.86713515701439,8,1.75553118847033,9.70412083759911
1985,4,1985.25,0,-1.07994115872188,0.73555933948441,3,0.0827780279893844,4.68408008344439,2,0.68609812478018,4.5779208265919,6,1.65106509465126,8.77979610956673
1985,4.99999999999909,1985.33333333333,0,-1.0900348428781,0.73505632257027,4,0.0135675860158358,4.38354450522073,6,0.600640069846158,4.23354409318397,2,1.51981372268262,7.73371345879425
1985,6.00000000000091,1985.41666666667,0,-1.09962715005333,0.734965933597997,4,-0.0455688818215031,4.14346131757493,1,0.501122964590919,3.86052533685634,4,1.36707345300104,6.66755527531632
1985,7,1985.5,0,-1.13858509222187,0.713650304729412,8,-0.131715924852796,3.81183871256775,1,0.39736412764884,3.50557163281753,3,1.19829406067625,5.6570000383986
1985,7.99999999999909,1985.58333333333,1,-1.15046247034222,0.712014227865922,1,-0.236855400459331,3.44051576912408,2,0.293101648133653,3.18174109524069,2,1.01880964802459,4.74856754269777
1985,9.00000000000091,1985.66666666667,0,-1.15641079786291,0.714644272045503,1,-0.336299553719157,3.1228733238531,2,0.194671524903178,2.90479890846982,4,0.833628525659003,3.96342204977426
1985,10,1985.75,0,-1.15099698496771,0.725517338229923,6,-0.440448813426856,2.82106002840547,2,0.108299061592912,2.68420801686136,1,0.64728285930966,3.30428030159763
1985,10.9999999999991,1985.83333333333,1,-1.12596864683933,0.751182248220963,8,-0.541178868284687,2.55698387616652,2,0.0397677604748683,2.52509005660116,2,0.463732922457424,2.76249516039519
1985,12.0000000000009,1985.91666666667,0,-1.10547788258875,0.774269941490103,0,-0.638482698263785,2.32544791690418,1,-0.00589129214902508,2.43043021418076,1,0.286316831475471,2.32377075055319
1986,1,1986,0,-1.07117157993794,0.809205348456674,3,-0.668303098345459,2.26240376754409,4,-0.0103780290225337,2.43771337871191,0,0.117735003365036,1.97207861382029
1986,1.99999999999909,1986.08333333333,0,-1.01063105816116,0.868233941805311,1,-0.668160352061949,2.26791016017553,0,0.00138922551330872,2.48515475899133,0,-0.0399408764157498,1.69197279435942
1986,3.00000000000091,1986.16666666667,0,-0.939696553064262,0.941339237367181,1,-0.636206403147092,2.3468137604941,0,0.0432684325190989,2.61104278172547,0,-0.198600088795474,1.4502290125415
1986,4,1986.25,0,-0.848919968549521,1.04109233720047,2,-0.556053664634451,2.548283290583,1,0.115164770799786,2.8269824288771,0,-0.330887540297342,1.27624287587078
1986,4.99999999999909,1986.33333333333,0,-0.72408004368132,1.19135525207791,3,-0.462242265126618,2.80501194658936,4,0.215551986568127,3.14932848618664,0,-0.446779033860053,1.14169596238174
1986,6.00000000000091,1986.41666666667,0,-0.592335850528083,1.37279684245408,1,-0.344716554617377,3.1616149754924,6,0.357074219339422,3.65586227764114,1,-0.548053879550644,1.03636932099877
1986,7,1986.5,0,-0.430483743011529,1.63027351316429,7,-0.204597589353934,3.64490192166029,2,0.50211596252279,4.25894959485351,0,-0.636127448622773,0.953257417153109
1986,7.99999999999909,1986.58333333333,0,-0.266609180632484,1.94001715674838,2,-0.0472347964872466,4.27508055894479,1,0.663071479840272,5.04125590861427,1,-0.673830574380524,0.922102212812215
1986,9.00000000000091,1986.66666666667,2,-0.0853065407804633,2.34926055197868,2,0.12272937644619,5.07773899837068,7,0.834174581042753,6.02829276532266,0,-0.707217002871487,0.895817566586173
1986,10,1986.75,3,0.0944877962181456,2.84061514086642,9,0.291439380209642,6.02349959361554,3,1.00761146404789,7.2256311182247,0,-0.743368851494567,0.867871246991445
1986,10.9999999999991,1986.83333333333,10,0.264922391353963,3.40281557419239,5,0.457657855024776,7.12762222446286,8,1.17661640504973,8.62272987364754,0,-0.776082100164625,0.843684195564571
1986,12.0000000000009,1986.91666666667,6,0.421690104291084,4.02103363144492,9,0.598827632100223,8.22552256723358,5,1.33690027362796,10.2009020280697,0,-0.799897646707188,0.827491561409848
1987,1,1987,1,0.547950141910038,4.60888061667657,6,0.737145554068919,9.46558676498507,15,1.47219517436263,11.7704242694139,0,-0.842182323800811,0.796746778690705
1987,1.99999999999909,1987.08333333333,2,0.648236693149839,5.14730483220807,7,0.841556831673202,10.529605291751,7,1.5957727840274,13.4236067809975,0,-0.876371531185524,0.773368184330024
1987,3.00000000000091,1987.16666666667,1,0.699639858105609,5.47444876769062,8,0.934404490576316,11.5787804272446,13,1.69540158169631,14.9471299306271,0,-0.930350132905833,0.735953860582515
1987,4,1987.25,4,0.720668498262036,5.64825532371723,5,1.00065873896445,12.3986551046647,7,1.75283340141413,15.9563224958949,0,-0.981485102820785,0.702331057973502
1987,4.99999999999909,1987.33333333333,9,0.695888050666819,5.56669671232955,13,1.02210752838711,12.6952189976643,9,1.79492898272041,16.7748900249845,0,-1.01294344567301,0.683549448942696
1987,6.00000000000091,1987.41666666667,3,0.633198333226811,5.28226283875659,18,1.03161126785914,12.8449666240893,10,1.80629344119348,17.1022215175674,0,-1.0392516558701,0.668690730573392
1987,7,1987.5,7,0.531708368386528,4.82162863890134,11,0.998566656203735,12.4555898318341,17,1.76509615352195,16.5436154018321,0,-1.06684755028309,0.65329805132529
1987,7.99999999999909,1987.58333333333,1,0.39589347778704,4.25266784836741,14,0.956342419556021,11.9681829537017,14,1.71711684103745,15.8955389555007,0,-1.08755583577058,0.642655016773867
1987,9.00000000000091,1987.66666666667,2,0.232022690504636,3.64707566033526,5,0.886702246297571,11.1894059090535,11,1.62098765474447,14.5553012439592,0,-1.10163349683976,0.636374274424304
1987,10,1987.75,2,0.0441587491168935,3.05356491021389,3,0.807183192861258,10.3590322978554,13,1.52370712834122,13.3131079248303,0,-1.10527646811873,0.636746968920515
1987,10.9999999999991,1987.83333333333,1,-0.148159313237641,2.54526702787832,8,0.702884363350768,9.3561145934861,16,1.40528427274999,11.9225196493224,0,-1.10826155019231,0.637520282879194
1987,12.0000000000009,1987.91666666667,1,-0.340016253875704,2.12254577642843,4,0.5972663484383,8.43970145034618,6,1.26750338952727,10.4727779408929,0,-1.1057384683551,0.641800016339991
1988,1,1988,2,-0.526268727426721,1.77996338179291,6,0.48778299983389,7.5842087499154,1,1.12225380305141,9.13112876997284,0,-1.09816280819012,0.649359921659261
1988,1.99999999999909,1988.08333333333,3,-0.701313577287607,1.50948159817965,3,0.379972925113153,6.82735862669607,5,0.968852125561888,7.89694247152072,0,-1.08602464007266,0.659990588619751
1988,3.00000000000091,1988.16666666667,0,-0.83410604156177,1.33533103618849,1,0.281438388093643,6.20380635420318,5,0.818081477319423,6.84775899877228,0,-1.06983978611904,0.673490992866628
1988,4,1988.25,0,-0.943560130881526,1.20914733117069,4,0.196314803570618,5.71379996620914,2,0.664824292505193,5.92339123028691,0,-1.05219251301862,0.688247427023562
1988,4.99999999999909,1988.33333333333,0,-1.0033203391189,1.15065135474588,3,0.125315350796556,5.33783391687201,2,0.516719005611835,5.15041421977855,0,-1.03056637437645,0.706103453718114
1988,6.00000000000091,1988.41666666667,0,-1.03380552494538,1.1274928168555,2,0.068907588226866,5.0603852357167,3,0.383004803043073,4.543350249136,0,-1.00643970634002,0.726206743066132
1988,7,1988.5,0,-1.01492492663173,1.16068310828738,4,0.0432578116716206,4.94770444565732,5,0.257943643943107,4.04278457182546,0,-0.980338189706156,0.748327010551217
1988,7.99999999999909,1988.58333333333,2,-0.957853920685695,1.24133509424023,5,0.0455792618692246,4.97527973386855,4,0.161972950955488,3.70366045973839,0,-0.952772844370274,0.77221660383316
1988,9.00000000000091,1988.66666666667,1,-0.846153451151134,1.40209786327751,10,0.0627815508008971,5.07857623528936,6,0.0688398910338,3.40272189604897,0,-0.924232489110984,0.797609704067791
1988,10,1988.75,1,-0.705635451331994,1.62993621405708,12,0.129849086617037,5.4497040142057,4,-0.00633153127833934,3.18298612472617,0,-0.895176709259666,0.824223528444714
1988,10.9999999999991,1988.83333333333,1,-0.527678274228421,1.96719791151221,5,0.213976919335439,5.94908021385405,3,-0.0627622380850142,3.03417071219329,0,-0.866029404852869,0.851712202726397
1988,12.0000000000009,1988.91666666667,0,-0.316305714464611,2.45527651735098,3,0.335580351048916,6.74254180893325,0,-0.0883758967945062,2.98352738176937,0,-0.837172983122452,0.879719500028743
1989,1,1989,4,-0.0808614405526012,3.13955386391082,3,0.479875374740179,7.81759659386686,1,-0.109732719683324,2.94690429399487,0,-0.815695538682884,0.901827168715817
1989,1.99999999999909,1989.08333333333,5,0.171547226290305,4.08377809770459,3,0.628678720741331,9.10544631715042,4,-0.109324509060482,2.97541760230636,1,-0.788656056767797,0.929507608610164
1989,3.00000000000091,1989.16666666667,7,0.436804705917434,5.38138166015036,3,0.782393871835256,10.6581617833456,1,-0.101218588108643,3.02804655363138,0,-0.762763710708525,0.956801713455453
1989,4,1989.25,12,0.711239728689551,7.15758755171411,7,0.95433017963255,12.7056277514224,4,-0.0806331321016975,3.12092119650416,0,-0.738189898979405,0.983463945915757
1989,4.99999999999909,1989.33333333333,5,0.976145491583734,9.4309331162786,4,1.12356080179378,15.106149082004,1,-0.0480287074565427,3.25615344911279,0,-0.715046375124912,1.0092912110376
1989,6.00000000000091,1989.41666666667,5,1.24132148414921,12.431164475367,10,1.29651288624979,18.02793501314,2,-0.0129981304405867,3.40611112920509,0,-0.693384197660344,1.03413323214043
1989,7,1989.5,3,1.48925521065525,16.107594889333,8,1.46591252260824,21.4394304401494,2,0.0263684973826332,3.57907091198839,0,-0.673193552577357,1.05790165012989
1989,7.99999999999909,1989.58333333333,17,1.70396414741862,20.1914899463229,20,1.63006359507655,25.364039186564,3,0.0607740944519875,3.74281061912463,0,-0.654404450189908,1.08057736859365
1989,9.00000000000091,1989.66666666667,31,1.90335747976751,24.9287696925866,31,1.78068705030743,29.6050252122645,3,0.0982923694690932,3.92684737293214,4,-0.631378698226146,1.10830534853231
1989,10,1989.75,25,2.07224248602668,29.8557636861462,31,1.89660747859466,33.3777780737125,8,0.131842479412506,4.10421241323482,0,-0.61570023275656,1.12830813562769
1989,10.9999999999991,1989.83333333333,23,2.19596773340646,34.1810590703018,20,1.98408261890229,36.5772931222024,3,0.158909736392946,4.26245054699178,0,-0.608923511642798,1.13838254106265
1989,12.0000000000009,1989.91666666667,16,2.29662259426756,38.244086796323,22,2.04021675331028,38.8480965097762,2,0.164877429917196,4.33491741218679,2,-0.595157409652116,1.15649819068174
1990,1,1990,13,2.35148159042076,40.87832971983,13,2.06314721866668,39.9137475020651,4,0.172976774835994,4.41854856748183,1,-0.58168664679841,1.17445607646807
1990,1.99999999999909,1990.08333333333,12,2.38139329428902,42.6210988763269,14,2.05210257401084,39.6400595541059,4,0.173511931281301,4.47034571561994,0,-0.568366419813836,1.1924197437014
1990,3.00000000000091,1990.16666666667,22,2.37005181674307,42.6457154878329,12,2.00741823693979,38.067142274936,3,0.158554509868287,4.45367166659871,0,-0.563268471979855,1.20065756422217
1990,4,1990.25,19,2.32924124460065,41.4344291745397,7,1.93050855571407,35.3984432820233,5,0.116737129086074,4.31986616317276,0,-0.54964126018832,1.21922671674636
1990,4.99999999999909,1990.33333333333,19,2.26517892904348,39.3351522374191,8,1.82379609875107,31.9512279953329,0,0.0761052449343252,4.1954019343662,0,-0.538826632045015,1.23453090001049
1990,6.00000000000091,1990.41666666667,22,2.1729432699039,36.3073518186806,18,1.69060081626179,28.0867679971396,2,0.0227893102141882,4.02346999953743,1,-0.530908987516983,1.2463429705893
1990,7,1990.5,24,2.06033515956226,32.8389018574239,11,1.53499357045092,24.1431669598624,5,-0.0391288046477217,3.82578708860846,2,-0.534755279726005,1.24349199409719
1990,7.99999999999909,1990.58333333333,28,1.92806372144401,29.1252141200694,20,1.36162024307921,20.3883523648773,4,-0.114914564556572,3.58792282181887,4,-0.516702932518702,1.2680614223485
1990,9.00000000000091,1990.66666666667,23,1.78532231944835,25.5638859042233,13,1.17550411241232,16.9999056596366,3,-0.188782185148493,3.37147174411754,1,-0.49492101172502,1.29790024406468
1990,10,1990.75,15,1.61265292465191,21.777574532981,14,0.948403725047363,13.6057270834714,3,-0.285124283903128,3.0977952155128,2,-0.468964813514323,1.33395683578421
1990,10.9999999999991,1990.83333333333,9,1.44185906726898,18.5877706712849,17,0.7466398096885,11.1688915083094,1,-0.381588523493778,2.84607487993497,0,-0.438347915410799,1.37738550789729
1990,12.0000000000009,1990.91666666667,6,1.27092464852681,15.8636400558281,9,0.563764364135527,9.34352203440514,4,-0.477126631851023,2.61728988663949,1,-0.40262809802981,1.42947690942324
1991,1,1991,10,1.10897024222407,13.6614033742805,2,0.387004907159526,7.86458563486858,1,-0.570232073012787,2.41279092758725,0,-0.361416625930373,1.49168831658855
1991,1.99999999999909,1991.08333333333,3,0.946676530547145,11.7613059212179,3,0.227886012132829,6.73767888661946,1,-0.692689552093627,2.15994247134566,1,-0.314387024211639,1.56567892745083
1991,3.00000000000091,1991.16666666667,6,0.810492472996563,10.3936561730909,5,0.0899264035583241,5.89578516225987,0,-0.7784885668794,2.00578091360127,0,-0.269334790608286,1.64009134740616
1991,4,1991.25,3,0.663642241550977,9.08783306459574,0,-0.0319811008261705,5.24265561674115,1,-0.854896125859815,1.88017339124741,1,-0.210799941115308,1.74136915220962
1991,4.99999999999909,1991.33333333333,7,0.541497468120101,8.14500587404434,3,-0.130356689351428,4.77295428767932,0,-0.919578034820086,1.78318058372749,0,-0.145802461890323,1.86090830121248
1991,6.00000000000091,1991.41666666667,4,0.434073902739797,7.40838580520912,1,-0.216843304316251,4.39736485621217,0,-0.980788203183294,1.69702145188991,0,-0.074319680005474,2.00162558334582
1991,7,1991.5,7,0.342380118148516,6.84530955233609,2,-0.303633958607535,4.05015024435071,1,-1.0326917509762,1.63006216269149,0,0.00357574900780589,2.16688310203789
1991,7.99999999999909,1991.58333333333,9,0.267996634710283,6.43553243295613,0,-0.358143501976207,3.85277997410067,1,-1.071080174976,1.58697377899638,2,0.0774265181242779,2.33638237397681
1991,9.00000000000091,1991.66666666667,8,0.20934623591266,6.14626037672837,5,-0.422510083471206,3.62911591741641,4,-1.09446605917157,1.56828956906919,1,0.167371805972661,2.56010084120827
1991,10,1991.75,6,0.161329498435299,5.93274962812753,8,-0.481209342357347,3.43789539713871,0,-1.13676569636513,1.52068831123239,2,0.263093388878022,2.82160598890111
1991,10.9999999999991,1991.83333333333,4,0.132426482454517,5.83714782592998,5,-0.530967466422838,3.28602561647664,1,-1.16077273124635,1.50164169680176,4,0.364124891509914,3.12652456507419
1991,12.0000000000009,1991.91666666667,3,0.121457416858579,5.84696866680908,4,-0.591304405123994,3.10783372823161,0,-1.20635809221123,1.45105894649007,4,0.460270242820942,3.44768822220199
1992,1,1992,9,0.115897777921749,5.8885054231736,5,-0.653426410776736,2.93407837607822,1,-1.24958998265852,1.40535503818392,1,0.57063135479145,3.85649900132916
1992,1.99999999999909,1992.08333333333,5,0.118331207568286,5.97783410493344,5,-0.72236640737714,2.75122723495862,1,-1.29918228136218,1.35232513610043,2,0.684501270817204,4.32922509183782
1992,3.00000000000091,1992.16666666667,12,0.126330183100243,6.10226425502071,2,-0.781961185299689,2.60400075375004,2,-1.34464746403529,1.30653520758994,4,0.801031690924379,4.87318595863004
1992,4,1992.25,4,0.137393512910568,6.2482507289468,3,-0.861905593804836,2.41500934476372,2,-1.38548612754349,1.26799962460322,3,0.91271019728487,5.45935899298542
1992,4.99999999999909,1992.33333333333,2,0.149042281186446,6.40129378346347,1,-0.936928315654825,2.25078632979361,0,-1.42341255468413,1.23403316479816,0,1.03285024117003,6.16851624162588
1992,6.00000000000091,1992.41666666667,1,0.167985148081379,6.60587944318654,0,-1.02376296152388,2.07309705051601,0,-1.42477521934798,1.2455326049575,3,1.1528057917216,6.96911800596532
1992,7,1992.5,3,0.170374824410862,6.70484159169864,1,-1.08134297520632,1.96611706392972,0,-1.41338722650926,1.27308741234776,7,1.26849526399905,7.84084630094539
1992,7.99999999999909,1992.58333333333,7,0.161559923968476,6.7291844642138,2,-1.13725831029736,1.86775885283578,2,-1.39818693422237,1.30602206246604,3,1.38612422448522,8.83962217854474
1992,9.00000000000091,1992.66666666667,9,0.141875068365321,6.68029852092068,4,-1.21373793411683,1.73819898704714,3,-1.37547629600354,1.34969053330902,8,1.50017711079293,9.9310988871602
1992,10,1992.75,9,0.131911503212633,6.69621920505144,5,-1.26724202590904,1.65521352522094,0,-1.34558168070442,1.40463582336444,8,1.60945188945326,11.1054022667852
1992,10.9999999999991,1992.83333333333,8,0.0928632633243149,6.51941698424152,3,-1.33434758281659,1.55488652741177,3,-1.30893656608706,1.47145526659595,10,1.71276254854811,12.3461676133592
1992,12.0000000000009,1992.91666666667,3,0.0573978369759304,6.36969501902139,0,-1.36232556884178,1.51891309933881,0,-1.26607539762336,1.55077309228484,6,1.81318075499212,13.6876066776252
1993,1,1993,6,0.0254647290363882,6.24504448975712,1,-1.37017453020823,1.51392801936953,5,-1.2176257744165,1.64320197606204,12,1.90251288458125,15.0094394555405
1993,1.99999999999909,1993.08333333333,4,-0.0253194592421541,6.00809281222126,2,-1.34257183646781,1.56339822883272,5,-1.15478309839599,1.76601797078563,6,1.98247765530447,16.307674988539
1993,3.00000000000091,1993.16666666667,4,-0.0718827975690969,5.80416976207083,1,-1.32029488939906,1.60589141531923,2,-1.09713566284684,1.88777343784442,6,2.05209461300744,17.5382805599935
1993,4,1993.25,8,-0.133615125174349,5.52234103255572,1,-1.30381730673569,1.63998057181987,1,-1.03636148547938,2.02379066493646,9,2.11048435136194,18.6539165399726
1993,4.99999999999909,1993.33333333333,3,-0.193111718730393,5.26554010414765,0,-1.28214100607038,1.68349986318739,3,-0.968783303642607,2.18391372175772,5,2.15688211439057,19.6070179470917
1993,6.00000000000091,1993.41666666667,5,-0.258324348817056,4.99164818363506,0,-1.25703171095764,1.73409131263045,4,-0.902859512100547,2.35224359429619,7,2.19064953563778,20.3533970647175
1993,7,1993.5,5,-0.323884475845396,4.72994452123172,2,-1.23060597101306,1.78852745786398,2,-0.844329258918639,2.51425748707919,16,2.21128429472987,20.855976582794
1993,7.99999999999909,1993.58333333333,5,-0.394558268635599,4.45869131516147,0,-1.19293857419532,1.86549453744016,1,-0.804697962110834,2.63643641570023,19,2.21842751662684,21.08818219106
1993,9.00000000000091,1993.66666666667,3,-0.461311534549226,4.2190989703463,2,-1.16004997632568,1.93646191273888,7,-0.768714036824599,2.75375192735353,16,2.20150910367915,20.819715631625
1993,10,1993.75,5,-0.524551314430379,4.00603148382912,6,-1.12369764852668,2.01706416333228,5,-0.748968244535546,2.82917871931071,15,2.18155355934073,20.4960834801468
1993,10.9999999999991,1993.83333333333,11,-0.610798281426623,3.71682168280195,3,-1.08449209268091,2.10698085395368,7,-0.734136979009431,2.89159842001096,15,2.14813916707891,19.9114961739929
1993,12.0000000000009,1993.91666666667,1,-0.712075743888489,3.39667673271367,3,-1.04992817659099,2.19066560868399,2,-0.711135630448325,2.9787658600417,10,2.10149085240751,19.0929966920707
1994,1,1994,2,-0.816063333736485,3.09535641753799,3,-0.996427381703893,2.32116343459746,7,-0.730757574497327,2.93962856146583,10,2.03396862571858,17.9335415676683
1994,1.99999999999909,1994.08333333333,5,-0.901628408737902,2.8731405163855,1,-0.941206872149617,2.46374737974638,1,-0.739059176738123,2.93356764343415,4,1.96316173903426,16.7937587076295
1994,3.00000000000091,1994.16666666667,3,-0.977955804246691,2.6917953495532,1,-0.888715577081737,2.60818604536465,1,-0.780398469011873,2.83235398110596,3,1.88073078286404,15.5497057461664
1994,4,1994.25,1,-1.02235094654902,2.60387819458628,0,-0.852503823211847,2.71672956924209,0,-0.779553970887289,2.85242700366287,2,1.78264157242182,14.1785582137765
1994,4.99999999999909,1994.33333333333,2,-1.03858559168123,2.59091430982403,3,-0.803382351743103,2.86678276131451,2,-0.747843801939221,2.96265634260702,6,1.6805560377292,12.8806429004355
1994,6.00000000000091,1994.41666666667,1,-0.99912082097532,2.72582236697013,4,-0.762649702960456,3.00007560036495,0,-0.692328566146389,3.15123580816873,2,1.56929704323191,11.5980617002793
1994,7,1994.5,2,-0.947405221313145,2.90324070327008,1,-0.722925353355673,3.13662298559301,3,-0.619390520432207,3.41068156702646,10,1.44893096313909,10.3514157868901
1994,7.99999999999909,1994.58333333333,6,-0.8634634323664,3.19361879219234,3,-0.666141433859543,3.33603249521627,14,-0.500807271831894,3.86383400178422,12,1.32361964776151,9.19566744478223
1994,9.00000000000091,1994.66666666667,4,-0.734346844855041,3.67552609940499,6,-0.623837751040769,3.4973317966835,10,-0.357073682222556,4.48860608520069,7,1.19367395428968,8.13328820391208
1994,10,1994.75,3,-0.59738940892415,4.2636032068418,9,-0.556098551671377,3.76110580541053,15,-0.187419288259165,5.35123991898661,8,1.05828292285399,7.15634889031404
1994,10.9999999999991,1994.83333333333,3,-0.420308198009316,5.14841488061306,10,-0.4992875011569,4.00103382913478,4,-0.0483559028146863,6.18734050037001,3,0.922579602519562,6.29627625819514
1994,12.0000000000009,1994.91666666667,7,-0.237110747988055,6.25516619578185,10,-0.424098006438791,4.33543712354905,10,0.0787914902273293,7.0692000383366,4,0.781029012593445,5.50851316869066
1995,1,1995,7,-0.106075047731833,7.21375315192017,4,-0.370729822006072,4.59660697848498,6,0.185958531501691,7.91681357203373,2,0.643130815079737,4.83798190437829
1995,1.99999999999909,1995.08333333333,4,-0.0113557563014237,8.02270291107425,2,-0.276481334407761,5.07709131718857,4,0.25357345345241,8.52205015542258,2,0.499156312052627,4.22418987046145
1995,3.00000000000091,1995.16666666667,4,0.035556268593608,8.50599441839608,1,-0.213747069997204,5.43404841496263,2,0.298358946246491,8.96630246761369,4,0.36228754515596,3.71528458895836
1995,4,1995.25,5,0.0300430417964645,8.55790022099362,1,-0.198497323973589,5.5465827135507,6,0.307763113044232,9.10555947550893,1,0.219343507500859,3.24848600195952
1995,4.99999999999909,1995.33333333333,7,-0.0339774337143491,8.12089817854199,2,-0.193098684324722,5.60613143557085,3,0.263917134064855,8.76724303255035,0,0.086351221410609,2.86923322717936
1995,6.00000000000091,1995.41666666667,6,-0.165775246518594,7.20125255311214,11,-0.197071911959839,5.61362407802886,6,0.201564784510455,8.28650094744897,1,-0.0435677927820137,2.54246269058733
1995,7,1995.5,6,-0.352082482204313,6.046996102799,7,-0.209614722089445,5.57329999508951,9,0.0939114857954545,7.48503530112174,1,-0.17910298849922,2.24062234012339
1995,7.99999999999909,1995.58333333333,17,-0.589474956645542,4.82485722297393,19,-0.213245796537567,5.5829140895211,17,-0.0242829482330611,6.69000720457459,0,-0.301664865576912,2.00067534947373
1995,9.00000000000091,1995.66666666667,9,-0.86718090852462,3.69759080809923,7,-0.239754164498602,5.46614875287408,27,-0.178464074506722,5.76790443062016,0,-0.419707833277135,1.79474187593735
1995,10,1995.75,4,-1.1521838456064,2.81306698106483,9,-0.271211855976587,5.32547425323962,15,-0.323970977485946,5.01607235193947,2,-0.542491146932797,1.60257652142696
1995,10.9999999999991,1995.83333333333,2,-1.42974529432321,2.15609223283374,11,-0.305791666685381,5.17229594264774,12,-0.472094470867686,4.3507065839387,1,-0.650407078672958,1.45257217566056
1995,12.0000000000009,1995.91666666667,0,-1.69133853449317,1.67912140923691,4,-0.349846497588683,4.97617898220982,1,-0.611390365555227,3.80693754057713,0,-0.752620970049689,1.32426105396691
1996,1,1996,0,-1.91112514032479,1.36346567141976,3,-0.384723732546421,4.83164752411481,4,-0.729130492958461,3.40360359615583,0,-0.858509732847414,1.2029548435591
1996,1.99999999999909,1996.08333333333,0,-2.08375950552556,1.16057600293229,1,-0.41659815850508,4.70541347584144,0,-0.830153441802447,3.09419463280884,0,-0.948423480120609,1.11043705596937
1996,3.00000000000091,1996.16666666667,1,-2.18064410697084,1.06558558833113,1,-0.449147494104326,4.57935981820206,0,-0.890042860201964,2.93092794075295,0,-1.04117000268187,1.022196953784
1996,4,1996.25,0,-2.21512938002302,1.04133100617529,2,-0.466638646682946,4.52425752898317,0,-0.928118880594122,2.83739908039454,0,-1.11767250590392,0.956426087723357
1996,4.99999999999909,1996.33333333333,0,-2.17387977988206,1.09765252920665,4,-0.491645277021419,4.43629245340452,1,-0.913420356743893,2.89560468032122,1,-1.19620257846045,0.893108909783335
1996,6.00000000000091,1996.41666666667,1,-2.06649604453256,1.23607662976769,4,-0.494578862167423,4.44704782246147,5,-0.875060538922137,3.02564168440419,0,-1.2584892281464,0.847664180075689
1996,7,1996.5,10,-1.89315571870043,1.48679670281718,6,-0.485768352810034,4.5103968197278,4,-0.795125353037315,3.29560096021499,1,-1.32209546588808,0.803484227571524
1996,7.99999999999909,1996.58333333333,1,-1.67641888621671,1.86760101591177,8,-0.464371972072521,4.63247358619252,10,-0.664087512455447,3.77770320346772,0,-1.37773213336238,0.767705157640022
1996,9.00000000000091,1996.66666666667,3,-1.43064342262959,2.41493665257367,6,-0.42993879123919,4.82015030018185,11,-0.511293091738526,4.42539291840571,1,-1.41802955459869,0.744853702359455
1996,10,1996.75,7,-1.21143015359509,3.04065914848054,6,-0.382432433205779,5.08126428197371,15,-0.317301785086072,5.40193038924432,0,-1.45833135119783,0.722667469966871
1996,10.9999999999991,1996.83333333333,6,-0.947652973399466,4.00274683635333,9,-0.336716702404915,5.34674706333636,13,-0.100978769780495,6.74257477649508,0,-1.49060910892579,0.706771392029968
1996,12.0000000000009,1996.91666666667,9,-0.677537215542988,5.30242091223513,3,-0.26400076115947,5.77984506592944,10,0.129974483568557,8.5395902665147,0,-1.50906113281608,0.700821193233848
1997,1,1997,5,-0.417178720239775,6.95543012243955,4,-0.180202537725035,6.31737611230908,14,0.374416610222876,10.9619197862202,1,-1.52640792932412,0.695655280439056
1997,1.99999999999909,1997.08333333333,10,-0.168437904082364,9.01774371277694,3,-0.0869516482173026,6.97014581920195,11,0.611794730969348,13.9716618853177,0,-1.53609292978546,0.695796523671473
1997,3.00000000000091,1997.16666666667,9,0.0624054859503072,11.4833072970427,4,0.0137696209358505,7.74763294891725,8,0.847473539172174,17.7766847664211,0,-1.53398074406959,0.704146365776426
1997,4,1997.25,8,0.28415045269121,14.4894200514133,6,0.121255432439551,8.6698195835245,6,1.08033065782676,22.5531302715848,0,-1.52988185330082,0.713954842402632
1997,4.99999999999909,1997.33333333333,15,0.465701342249628,17.5607727502944,6,0.231636592140808,9.7293294294343,7,1.31595592213246,28.6908498458214,0,-1.5188479380188,0.728869738299904
1997,6.00000000000091,1997.41666666667,9,0.630478772906152,20.9273698247807,3,0.347807335171819,10.981024997005,13,1.5330181022312,35.8258107037368,0,-1.50019440862752,0.749709502439218
1997,7,1997.5,14,0.752256083113848,23.887590458788,9,0.454538356716276,12.2764929378655,42,1.74202817880667,44.374050268862,2,-1.4915502508883,0.763377040054461
1997,7.99999999999909,1997.58333333333,15,0.852775704222844,26.6905599183729,15,0.558433533842976,13.6849620411747,74,1.92752017942673,53.6815809393532,0,-1.49271148311311,0.769612254696742
1997,9.00000000000091,1997.66666666667,24,0.914990237668956,28.6989121560315,26,0.653458414556383,15.1191833580744,63,2.10591196936521,64.4784268951894,0,-1.48803439302475,0.780334608303288
1997,10,1997.75,34,0.950528967311968,30.0430822508647,16,0.748433108074096,16.7015739309285,51,2.25685337777106,75.3456268495704,1,-1.4918328341647,0.784412635950889
1997,10.9999999999991,1997.83333333333,19,0.962135791467775,30.7032859410149,18,0.819362153176044,18.0097650184458,74,2.38210480434229,85.8065062952911,0,-1.46922065436126,0.809485749866234
1997,12.0000000000009,1997.91666666667,28,0.922587170952692,29.8099927653097,29,0.870412010524836,19.036543246618,79,2.46619877246771,93.7741291793814,0,-1.46034235176329,0.823825911881463
1998,1,1998,28,0.896432572001219,29.3296824685722,17,0.908476743484906,19.8604886966299,59,2.53253224354477,100.671658006585,0,-1.43033020550789,0.85617273217682
1998,1.99999999999909,1998.08333333333,21,0.866087375132489,28.733119757627,19,0.937073503162781,20.5229314855636,56,2.5674759381239,104.730501184996,0,-1.38528683639949,0.903091883350664
1998,3.00000000000091,1998.16666666667,27,0.836238331096064,28.1593044379487,17,0.934977306369833,20.5644423410283,50,2.57029470110224,105.502120000296,1,-1.33369015383162,0.958650740210076
1998,4,1998.25,11,0.817314661500208,27.8966781709925,8,0.913258454892006,20.2035958998133,33,2.54093664972135,102.907787720554,0,-1.24165931488019,1.0593910671926
1998,4.99999999999909,1998.33333333333,9,0.770494136832707,26.872778194422,12,0.895315677937034,19.9220896590944,33,2.48675662043097,97.9102256965627,0,-1.14665151747566,1.17394405651339
1998,6.00000000000091,1998.41666666667,15,0.688724217104663,24.9941071295666,4,0.832068923000698,18.7723541267716,26,2.39593197844915,89.7977902181094,0,-1.03561212427156,1.3215953011543
1998,7,1998.5,14,0.592086343692885,22.900622456581,10,0.758532310013321,17.5059225630579,25,2.27919742630623,80.2458527136189,0,-0.913404783750311,1.50415481061935
1998,7.99999999999909,1998.58333333333,18,0.482798949024301,20.7158786192946,14,0.65976966244632,15.9164178571205,32,2.13311396467052,69.6313623978589,2,-0.774290108637185,1.74067371657318
1998,9.00000000000091,1998.66666666667,12,0.366741074005132,18.6104738645139,15,0.553347965636977,14.3591032165426,28,1.96421124104556,59.0538024656134,1,-0.627963503182919,2.02841849637778
1998,10,1998.75,11,0.239631862636494,16.5328875982083,17,0.420221814071115,12.6112457999313,35,1.77601313783929,49.1226130795414,2,-0.479621131170458,2.36783630692723
1998,10.9999999999991,1998.83333333333,15,0.114207206223317,14.7097972735677,16,0.280828303811458,11.0055415102396,33,1.57995081857649,40.5386894773556,3,-0.335379003160078,2.75193894910769
1998,12.0000000000009,1998.91666666667,15,-0.0107353145269112,13.0920455450317,10,0.145655381632247,9.6436357604278,29,1.36550734447888,32.8431412953334,3,-0.202041362920717,3.16270807726236
1999,1,1999,20,-0.125489094644407,11.7696908467411,12,0.0115845074368206,8.45843701950676,26,1.14430705385046,26.4273938726428,6,-0.0868719961434283,3.56823315571345
1999,1.99999999999909,1999.08333333333,9,-0.239043128474672,10.591898682833,3,-0.119425130372199,7.44061085034437,7,0.920888906317728,21.2162896110023,5,-0.0129386196295145,3.8618748468326
1999,3.00000000000091,1999.16666666667,3,-0.343328381140856,9.61914539696779,2,-0.248410450161936,6.55758956812919,10,0.707581833874285,17.2045733618407,2,0.0358490786207023,4.07452687903133
1999,4,1999.25,5,-0.43580132785676,8.83804209544848,1,-0.35793212569877,5.89208752834027,12,0.493582107464174,13.9407228621246,2,0.0458293632536323,4.13382622490432
1999,4.99999999999909,1999.33333333333,7,-0.514233630636988,8.23495302853919,4,-0.451217310736092,5.38061835376973,8,0.282613566204935,11.3292968354746,3,0.0246233081643329,4.06443722028855
1999,6.00000000000091,1999.41666666667,24,-0.576757626075028,7.79690821399152,10,-0.530068596990088,4.98540203561725,17,0.0853201858756998,9.33281338896678,6,-0.0238115946623282,3.88875362303139
1999,7,1999.5,15,-0.621903382235748,7.51233434117663,18,-0.580659231761601,4.75199252467527,25,-0.0783084870748461,7.95053739299809,2,-0.0936800755534243,3.64164979448761
1999,7.99999999999909,1999.58333333333,17,-0.648626699206797,7.37341451096056,13,-0.62416660830735,4.56204256171342,10,-0.227797390369455,6.86872378416581,5,-0.180494004058118,3.35283300072707
1999,9.00000000000091,1999.66666666667,11,-0.656327550852189,7.37667765279347,7,-0.625464626863211,4.56881625718212,9,-0.356898176550912,6.05572116786349,2,-0.27352389323597,3.06768313603828
1999,10,1999.75,8,-0.651071538928993,7.476764369146,4,-0.599766988324643,4.70109778178744,13,-0.456183801600018,5.49997877484137,2,-0.357906487161491,2.83105313377959
1999,10.9999999999991,1999.83333333333,10,-0.620389394480407,7.77390485823945,7,-0.546938101252192,4.97052975639162,8,-0.540654042758468,5.06930152296085,3,-0.434571336797204,2.6328121302127
1999,12.0000000000009,1999.91666666667,8,-0.571511685818278,8.23178017944436,10,-0.467578833490278,5.39697743574221,6,-0.584033124192499,4.86787690773237,0,-0.494259691285064,2.49026838510742
2000,1,2000,3,-0.505601537611471,8.86683768986521,3,-0.376870759734486,5.92717112246361,1,-0.61102242289667,4.75125889478998,1,-0.531381788377462,2.40909296860266
2000,1.99999999999909,2000.08333333333,5,-0.417401282821777,9.76661689181131,2,-0.247920263600488,6.76348763874515,0,-0.600892989140201,4.81236852718349,0,-0.542096549257118,2.39281612483171
2000,3.00000000000091,2000.16666666667,7,-0.322294649170121,10.8326684345319,4,-0.0979879013742805,7.88173492842661,6,-0.757110486313616,4.12692980134428,3,-0.531412895862797,2.42793575061426
2000,4,2000.25,9,-0.241753703708094,11.8416992290599,7,0.0696181976902926,9.34892809077678,3,-0.704802987696447,4.35932329501976,3,-0.482744034918053,2.55882028581354
2000,4.99999999999909,2000.33333333333,15,-0.166154703683181,12.8811901292435,10,0.244741279349231,11.173194119174,6,-0.630397031465368,4.70729930423572,3,-0.411542297890973,2.75807030060283
2000,6.00000000000091,2000.41666666667,7,-0.0586164838737172,14.4668908056466,8,0.438573903402944,13.6058897969271,9,-0.49906941200544,5.38034065489819,5,-0.31897867984161,3.03685709293961
2000,7,2000.5,18,0.0751634438679468,16.6799152607701,13,0.637773932898815,16.6576564260024,8,-0.341545743406066,6.31233382373343,2,-0.210691043845588,3.39662378096443
2000,7.99999999999909,2000.58333333333,18,0.213163362614836,19.3127697562187,17,0.839419451493275,20.4440487774882,9,-0.142165324014049,7.72173129142205,3,-0.0934795968187207,3.8328373742068
2000,9.00000000000091,2000.66666666667,29,0.381397143578229,23.0473833844818,12,1.0381140359283,25.0172759780469,6,0.0674419188749594,9.54219334347169,4,0.0251593253134614,4.33098481224389
2000,10,2000.75,26,0.547729140635091,27.4514487354938,25,1.23499615544488,30.5580295826461,11,0.297025675976781,12.0288951514349,9,0.137538405989594,4.86302803402019
2000,10.9999999999991,2000.83333333333,36,0.712255459984582,32.6372683944384,21,1.41409797382176,36.6678824571523,14,0.519032814544403,15.0481134039591,5,0.227235842277027,5.3376232175524
2000,12.0000000000009,2000.91666666667,49,0.868796491985609,38.4928467414705,37,1.57531447852362,43.2188838078982,18,0.744548181263533,18.8900109564533,6,0.312253380492037,5.83078762952016
2001,1,2001,33,1.03732362582535,45.9445486147277,24,1.72869653697372,50.5418592096666,19,0.940827542582792,23.0280161132535,3,0.365197278255463,6.16803506840974
2001,1.99999999999909,2001.08333333333,34,1.16459631247452,52.619918977921,35,1.84532668053829,56.9715214845266,23,1.12528242427149,27.7407176220377,6,0.376794202906491,6.2600596325135
2001,3.00000000000091,2001.16666666667,45,1.27921195022597,59.5038208740163,43,1.95020726880054,63.467213133436,27,1.2705021314354,32.1301208566639,5,0.370184713842336,6.23836859117161
2001,4,2001.25,66,1.36456669109878,65.3436874040333,47,2.010858501639,67.642232185961,30,1.38393394071067,36.047553949781,5,0.321199539343896,5.95836382346896
2001,4.99999999999909,2001.33333333333,43,1.41346683827361,69.1829250052699,29,2.04147447551547,69.9560733969459,21,1.4638155530072,39.1060202566478,3,0.255249510128929,5.59475787957843
2001,6.00000000000091,2001.41666666667,56,1.43534844870288,71.2894555561208,47,2.05641427708697,71.2206060963522,14,1.47198767824463,39.4861156642694,3,0.164158472103178,5.12250145371154
2001,7,2001.5,65,1.39115025252747,68.7567360835064,67,2.0274063330383,69.3870057486506,35,1.43395396948637,38.0675770680951,9,0.0532502321234961,4.59769948413764
2001,7.99999999999909,2001.58333333333,49,1.31760096976176,64.3897051322119,43,1.97194353549729,65.8320863073065,29,1.35184286591099,35.1157072078686,5,-0.0708957944801838,4.07205144268178
2001,9.00000000000091,2001.66666666667,44,1.2198192253007,58.8502637334258,36,1.89321605531868,61.0193022423951,19,1.22057297850471,30.8373540488458,8,-0.200859364057147,3.5852691711545
2001,10,2001.75,45,1.10388675742448,52.8139952774971,25,1.79506541513168,55.4667905294597,16,1.06761812712502,26.4981155351953,3,-0.33664402735748,3.13807742203847
2001,10.9999999999991,2001.83333333333,48,0.978656528444397,46.9525980756793,34,1.68180952869344,49.6601408738403,18,0.887514078547006,22.1586318446253,2,-0.454304732158376,2.7966441180746
2001,12.0000000000009,2001.91666666667,36,0.864351321879791,42.1948501180229,27,1.5045404846185,41.7012635487998,20,0.687861362552548,18.1703291723369,5,-0.555247455928911,2.53414167801367
2002,1,2002,22,0.754469114143648,38.082132737505,11,1.37428754615638,36.7006636366165,10,0.476720232980553,14.7290940197493,1,-0.633473281765116,2.3488165279229
2002,1.99999999999909,2002.08333333333,31,0.671122370211157,35.2894561009757,17,1.24242591781829,32.2449909149234,6,0.271537057029022,12.0104832838933,0,-0.684413573338143,2.23704658528569
2002,3.00000000000091,2002.16666666667,33,0.607433793140703,33.3457397736515,30,1.11971762399942,28.5881340151277,11,0.0639934918527097,9.77022337053337,0,-0.705208948638129,2.19558163440685
2002,4,2002.25,19,0.547508583442521,31.6228484896781,11,1.01735318561712,25.8643895598182,6,-0.13319341762751,8.03030365878509,2,-0.694871538290115,2.22280254971313
2002,4.99999999999909,2002.33333333333,22,0.511377294367827,30.7059535427175,13,0.93476465620848,23.865061406675,5,-0.298881628520462,6.81123310035667,1,-0.66621329855236,2.29173205444733
2002,6.00000000000091,2002.41666666667,26,0.479850499362328,29.948003234368,10,0.855174982422549,22.0840275559586,8,-0.459489085543024,5.80648907481869,2,-0.586272699813775,2.48686689416901
2002,7,2002.5,20,0.470153598128618,29.8479360084732,11,0.788255654886843,20.6941390612718,3,-0.582355531066555,5.14020819118884,2,-0.500723809018806,2.71350157656354
2002,7.99999999999909,2002.58333333333,13,0.414218713266836,28.3986018401682,12,0.733758008033253,19.631771618399,3,-0.698380655702182,4.58150778296555,2,-0.375739137772605,3.07954549879721
2002,9.00000000000091,2002.66666666667,17,0.352044808442318,26.8462564902911,12,0.703069795877728,19.0703204941747,2,-0.772181868401825,4.25955467620341,5,-0.25722153372828,3.47204951363132
2002,10,2002.75,20,0.311835650219783,25.9370122581524,16,0.681758807410991,18.6970337632784,5,-0.793426510786691,4.17384573696605,3,-0.134577727859426,3.93031730401756
2002,10.9999999999991,2002.83333333333,46,0.260960151855034,24.7873824345219,14,0.662418930022212,18.3647450429821,6,-0.827997570777412,4.03564877239255,5,-0.00993719279584067,4.457445066847
2002,12.0000000000009,2002.91666666667,46,0.200253473201114,23.4517455679171,23,0.641721711924339,18.01136883371,6,-0.854702369919328,3.93278248871195,6,0.100936323804058,4.98556108965172
2003,1,2003,35,0.149542646633261,22.4058183330952,20,0.624575128330993,17.7250451635651,3,-0.882847162717098,3.82697299051356,6,0.173118506771109,5.36396988095049
2003,1.99999999999909,2003.08333333333,29,0.0990232261373799,21.4055372930676,15,0.616716273470342,17.603380104878,2,-0.901259721639638,3.76038896770548,5,0.215488819575947,5.60090555084706
2003,3.00000000000091,2003.16666666667,24,0.0489322004439076,20.4536414610798,23,0.596234539932064,17.2605605338297,8,-0.940394647107029,3.61915132900889,5,0.17896956834193,5.40399213631216
2003,4,2003.25,31,-0.00972845450960918,19.3723857123222,17,0.568403076471237,16.797769528736,3,-0.977388177874737,3.49066268432844,7,0.146209218245981,5.23297383059405
2003,4.99999999999909,2003.33333333333,19,-0.058528867473414,18.5252511217395,12,0.536582856704015,16.2795940408915,2,-1.02139938056809,3.34317739349095,7,0.116259184791478,5.08097350050729
2003,6.00000000000091,2003.41666666667,14,-0.106522549105052,17.7246762488427,8,0.493052225361816,15.5910356033112,4,-1.07191085254414,3.18117107003873,8,0.166822430721588,5.34631889110972
2003,7,2003.5,19,-0.107910073614261,17.762853779996,11,0.439121017076959,14.7744843507913,2,-1.14356575250268,2.96368615166916,2,0.219590486089871,5.6371877247345
2003,7.99999999999909,2003.58333333333,35,-0.132980194628531,17.3795268009377,13,0.370804406591241,13.7982107242737,5,-1.20840601071899,2.77995636154711,9,0.274284465999177,5.95453439378491
2003,9.00000000000091,2003.66666666667,19,-0.188842706133952,16.4840058656232,12,0.291626432393337,12.7448415014501,4,-1.28314901491564,2.5819333096939,7,0.325803932294832,6.26894964247439
2003,10,2003.75,32,-0.242621581824091,15.6625196600042,12,0.199620032855963,11.6195879661049,7,-1.37928276606086,2.34728121334731,8,0.384095201664559,6.64388535168093
2003,10.9999999999991,2003.83333333333,27,-0.293937368029147,14.9140612218231,17,0.0823026993798762,10.3268588054217,8,-1.46524121411174,2.15579871820653,9,0.443401412189933,7.04739740128668
2003,12.0000000000009,2003.91666666667,21,-0.348903448051578,14.1451384296603,13,-0.0347764866445206,9.17826261085867,1,-1.54357999709771,1.9951030955599,7,0.50975565239648,7.52720766370969
2004,1,2004,18,-0.394100755808596,13.5431556545097,7,-0.162180828924673,8.07193299087956,2,-1.64680003992542,1.80103648969185,10,0.570117059020422,7.99048322347313
2004,1.99999999999909,2004.08333333333,4,-0.4426483320499,12.9191211669829,3,-0.3012482058308,7.01513597590288,1,-1.7432735091585,1.63687860859883,5,0.630406289567992,8.48040497250437
2004,3.00000000000091,2004.16666666667,8,-0.487640594038326,12.363520010301,6,-0.442243548056017,6.08361449305979,0,-1.82554014015599,1.50899617954938,3,0.69024239998227,8.99493816154131
2004,4,2004.25,10,-0.521268645248866,11.9628676380345,6,-0.587150716416549,5.25400434973788,1,-1.90078772613704,1.40093135675137,5,0.749240831559787,9.5312505144554
2004,4.99999999999909,2004.33333333333,18,-0.558055842595068,11.5345754763947,1,-0.741255002124845,4.49494756417559,0,-1.95655406723021,1.32622083838619,3,0.807016300641357,10.0856398327832
2004,6.00000000000091,2004.41666666667,13,-0.590432222967173,11.166710452948,2,-0.883598621409584,3.89012739470221,1,-2.01018670556432,1.25820710910058,9,0.861840251225971,10.6391583694981
2004,7,2004.5,22,-0.610087699780167,10.944900444981,14,-1.02149008332868,3.38089472506952,2,-2.04863666949198,1.21197531966238,14,0.916619532603609,11.2207749250349
2004,7.99999999999909,2004.58333333333,20,-0.632936654156528,10.6907788807572,9,-1.14057522595236,2.99363205994297,0,-2.05982477721255,1.19968222219318,12,0.96906786580312,11.8053510266282
2004,9.00000000000091,2004.66666666667,22,-0.650796351732758,10.4938025821698,7,-1.2592492971841,2.65162927234422,3,-2.05937693089069,1.20133030185433,13,1.01882188490029,12.3862420138308
2004,10,2004.75,26,-0.663518425420689,10.3525197706469,13,-1.36617453771296,2.37628349152717,2,-2.03861943355065,1.22758000496845,22,1.06553176164863,12.9554475091068
2004,10.9999999999991,2004.83333333333,30,-0.670993673741352,10.2658638370914,10,-1.45097240355391,2.17701604745294,4,-1.99219788604846,1.28692784507956,21,1.10886393813348,13.5043020570537
2004,12.0000000000009,2004.91666666667,20,-0.682542792404387,10.1375368603927,2,-1.52520282871289,2.01549652551704,1,-1.90792342179185,1.40110160404581,13,1.14059387539041,13.913179573144
2005,1,2005,14,-0.680716675346591,10.1445818224877,0,-1.5700854733494,1.92138875844575,3,-1.81376966988249,1.5404506028104,5,1.1717117214216,14.3247696976699
2005,1.99999999999909,2005.08333333333,14,-0.672442070944803,10.2162509031305,1,-1.60406327087644,1.85161660676014,1,-1.71053613721533,1.7089992835276,7,1.21096572443139,14.8680756121536
2005,3.00000000000091,2005.16666666667,13,-0.66863650855692,10.2414728180502,1,-1.6137413986524,1.8281269162799,1,-1.57757835924408,1.95307169276146,13,1.22647298803577,15.0688701324491
2005,4,2005.25,7,-0.64985601824087,10.4205429388285,1,-1.64006255431262,1.77500430753075,0,-1.44051714472653,2.24104295526664,6,1.25513983523897,15.4736644749613
2005,4.99999999999909,2005.33333333333,16,-0.635699845476965,10.552678056795,1,-1.63126824553917,1.78487672382202,1,-1.27705559105708,2.64010837291991,13,1.27349603289347,15.7252932334567
2005,6.00000000000091,2005.41666666667,8,-0.616450953454885,10.7398616361532,1,-1.5967956484305,1.84133920419514,1,-1.10204148865537,3.14619081048174,14,1.27356368994749,15.6903342282271
2005,7,2005.5,13,-0.582730517169568,11.0884464160648,0,-1.56911812802306,1.88656883476264,3,-0.933857857773647,3.72354763198507,16,1.28222222789896,15.7894358969951
2005,7.99999999999909,2005.58333333333,11,-0.553772666427233,11.3926472374875,2,-1.51833595773047,1.97792402809872,8,-0.752705410248632,4.46412666075546,11,1.27097514983,15.5749143741877
2005,9.00000000000091,2005.66666666667,21,-0.511123193321399,11.8651786327318,8,-1.47306744366835,2.06212698433809,6,-0.581084574000002,5.30093520865624,12,1.26884580954588,15.5029221044301
2005,10,2005.75,11,-0.473264546172039,12.2967957596089,2,-1.4169758615422,2.17312409984255,9,-0.396139055073836,6.37869306423358,14,1.24620018465457,15.116802575147
2005,10.9999999999991,2005.83333333333,25,-0.431091256041999,12.7976825035061,5,-1.36006687674272,2.29177034664761,5,-0.223473455370562,7.58149168945275,14,1.21766397257348,14.6526502771429
2005,12.0000000000009,2005.91666666667,25,-0.377097444000455,13.4757004462755,7,-1.28992075859889,2.44888536017835,15,-0.0713753355475913,8.82719244725202,13,1.19943391355341,14.3488130217919
2006,1,2006,23,-0.327621962994157,14.1239225294349,8,-1.22454548650128,2.60408625850598,8,0.0871240757020953,10.3430435773271,5,1.16003925048452,13.7559715635484
2006,1.99999999999909,2006.08333333333,21,-0.274635758736917,14.8535215569195,0,-1.15204923881178,2.78866218241136,4,0.233119073579883,11.9680050563271,13,1.11530720643388,13.1164185451579
2006,3.00000000000091,2006.16666666667,19,-0.212492589611016,15.7624957490839,4,-1.11203911195118,2.8906030844866,9,0.347390399804203,13.4151789899873,10,1.08198207528825,12.64909487733
2006,4,2006.25,19,-0.154284204522179,16.659251991768,6,-1.04390853409722,3.08143957253026,3,0.463931002225373,15.0707856338549,14,1.03456862918414,12.0268227647396
2006,4.99999999999909,2006.33333333333,18,-0.0936111548611961,17.6481591418996,7,-0.938477525247161,3.40939900032312,16,0.551973090238987,16.4542545210747,14,0.975297357699514,11.2994646073817
2006,6.00000000000091,2006.41666666667,29,-0.0270869259502339,18.8029789098167,3,-0.909335777492312,3.49485477038218,16,0.61041885821943,17.4400257346307,12,0.928167715717663,10.7449073312181
2006,7,2006.5,51,0.0459106986917636,20.1607486687009,5,-0.873576585453231,3.60589451327892,31,0.682633969155778,18.7403008274125,22,0.861193285276266,10.0159774533851
2006,7.99999999999909,2006.58333333333,44,0.115346921127008,21.5367682199337,9,-0.894902428820843,3.51368944306363,16,0.741049880627435,19.8606803045077,16,0.791096374171492,9.3066159329056
2006,9.00000000000091,2006.66666666667,21,0.186266154157504,23.0376536912123,6,-0.923448324573769,3.39887986589234,10,0.767317173266991,20.381269107785,12,0.733456599763547,8.75515228242866
2006,10,2006.75,32,0.255073991889701,24.5877024749255,5,-0.941228361417332,3.32308192701257,23,0.805870024090308,21.1731682996167,15,0.65826171703859,8.09234615052384
2006,10.9999999999991,2006.83333333333,47,0.318932598801765,26.1087680053868,9,-0.970838274541106,3.21044621458171,20,0.835056114226788,21.7898872330923,17,0.581553893527892,7.46776401523521
2006,12.0000000000009,2006.91666666667,38,0.382003596371189,27.6981074009283,3,-0.983857452016247,3.15319845991677,23,0.856431139623403,22.249216315316,12,0.503968516195452,6.88474056459555
2007,1,2007,27,0.446218503113784,29.4135290408608,4,-1.00307270734967,3.07752868262752,9,0.856204529373332,22.2318883983604,3,0.438084483210976,6.42137313957337
2007,1.99999999999909,2007.08333333333,17,0.508422063467883,31.1678164554996,1,-0.996789375685275,3.08093228515588,5,0.890142490065331,22.985783399878,2,0.358190082029289,5.90533638154414
2007,3.00000000000091,2007.16666666667,15,0.564862986051943,32.8320386194684,2,-0.977053263664762,3.12578812172295,5,0.903960056129133,23.2910137590599,4,0.279549871923491,5.43709126680446
2007,4,2007.25,12,0.618390121689194,34.4792635889879,3,-0.925427475403752,3.27371469218334,3,0.914314417814385,23.517881146292,6,0.202457015067513,5.01326543551771
2007,4.99999999999909,2007.33333333333,24,0.66460384962112,35.9397648882246,5,-0.873147112881903,3.43052287835254,5,0.933308539772165,23.9522008202193,2,0.134445841320677,4.66421451668767
2007,6.00000000000091,2007.41666666667,54,0.714531854337453,37.5956894121566,2,-0.80061742732672,3.6679839912587,13,0.941731804032722,24.1372334756005,2,0.0606072095731793,4.31384605854887
2007,7,2007.5,47,0.76204395040196,39.226840567259,6,-0.697030414854902,4.04515851575341,17,0.960159332559375,24.5674748493181,5,-0.010024003141177,4.0022333348574
2007,7.99999999999909,2007.58333333333,54,0.795424450660075,40.3480170074442,3,-0.595453594452703,4.45167186643216,14,0.97642753152172,24.9506804823292,6,-0.0769228694762682,3.72665597312423
2007,9.00000000000091,2007.66666666667,53,0.822582002802186,41.237138376485,4,-0.471640702117606,5.00863953061423,15,0.976868541121861,24.941220656225,4,-0.146664649443278,3.45986588727528
2007,10,2007.75,48,0.844258347044666,41.9086459122753,11,-0.343965348351094,5.65646897161136,15,0.986054847455227,25.1500359824778,6,-0.206940294791876,3.24240731803745
2007,10.9999999999991,2007.83333333333,46,0.860290025557885,42.3443745776125,8,-0.20850823005874,6.43726962281107,16,0.995858591622083,25.3755634637722,4,-0.262637171832629,3.05225766102497
2007,12.0000000000009,2007.91666666667,31,0.870553726336537,42.5314744169484,2,-0.139008786635515,6.85746411030399,8,0.984640317316607,25.069837863043,2,-0.313037852325976,2.88822639289531
2008,1,2008,38,0.883113309731818,42.8103773683475,4,-0.073656035301783,7.27402241102747,8,0.966152366146336,24.5877695808254,1,-0.366770281754848,2.72364279282674
2008,1.99999999999909,2008.08333333333,24,0.882011473039569,42.4991845811956,5,-0.01112644558497,7.69324037765386,6,0.93925299198288,23.9123982066897,2,-0.406326616360332,2.60483986822644
2008,3.00000000000091,2008.16666666667,26,0.874960113542922,41.9327637344786,6,0.0420544685363159,8.0599635446186,17,0.920499014527841,23.4452315074324,2,-0.450065012486705,2.48056469319157
2008,4,2008.25,29,0.861999173678389,41.1229500420379,6,0.0995102080022355,8.47934093875071,12,0.880182021602101,22.4963248386074,3,-0.479639400000228,2.39566372348807
2008,4.99999999999909,2008.33333333333,39,0.848988419479413,40.3196707241611,11,0.153372742788121,8.88748431883743,15,0.834111003030472,21.4615213093749,0,-0.512606137966569,2.30558864278991
2008,6.00000000000091,2008.41666666667,52,0.824443478195209,39.0717822037047,12,0.203449212454276,9.27895555444792,18,0.779481933278506,20.2994376393484,3,-0.530591963494525,2.25215042838491
2008,7,2008.5,48,0.794301581140279,37.6444271903204,17,0.249592636065808,9.64847180527902,26,0.754304545565488,19.7737922058627,4,-0.551838812434731,2.19255110542212
2008,7.99999999999909,2008.58333333333,68,0.762910597799967,36.2173639981161,10,0.291697393200493,9.99104272450974,27,0.720099279882952,19.0883059359324,7,-0.558721258709792,2.16517481542409
2008,9.00000000000091,2008.66666666667,54,0.716682540634647,34.3249298205692,7,0.329693778642861,10.3020866951715,28,0.627259900483586,17.376928767955,2,-0.568633042566544,2.13143769990734
2008,10,2008.75,49,0.664519340829337,32.3328809372232,17,0.363542106143854,10.5775229238962,25,0.502825082870124,15.3267502592109,0,-0.572929806297515,2.10980578228242
2008,10.9999999999991,2008.83333333333,39,0.614968492453337,30.5303928634409,15,0.39322686350624,10.8138397709721,11,0.370724228144779,13.415023557208,2,-0.564608296021299,2.11467423806376
2008,12.0000000000009,2008.91666666667,40,0.5523794530483,28.4495809193784,6,0.418751407837617,11.0081426765967,14,0.236092397823941,11.7119090655485,0,-0.558632565655409,2.11434743721838
2009,1,2009,22,0.492993697019008,26.5905681927001,7,0.440133637278977,11.1581869360256,3,0.114751906555764,10.3616960093599,0,-0.547550519225934,2.12459936596252
2009,1.99999999999909,2009.08333333333,17,0.422338980179954,24.5697987822907,6,0.457402988665797,11.2624011008303,3,0.00109755077485614,9.2377682256424,3,-0.511525232485945,2.18856853251286
2009,3.00000000000091,2009.16666666667,24,0.355455947064153,22.7839531666336,5,0.470598997104277,11.3199059322262,2,-0.0859899118270968,8.45739492478873,0,-0.482385360682858,2.23873238256182
2009,4,2009.25,9,0.279450219915764,20.9319307380263,1,0.479771522871243,11.3305318531552,3,-0.165608657343832,7.80091826332902,0,-0.455448747985544,2.28473640419712
2009,4.99999999999909,2009.33333333333,10,0.207649270788229,19.307652194783,5,0.48498261351445,11.2948351805621,7,-0.220557841945131,7.37505237632216,1,-0.426999755121635,2.33493675272992
2009,6.00000000000091,2009.41666666667,14,0.129210149613286,17.6880423623906,2,0.486309834177509,11.2141106179374,11,-0.259694061371169,7.08351552828281,0,-0.399727753905067,2.38314676067148
2009,7,2009.5,17,0.0510817002149874,16.2060521518019,8,0.483850775311138,11.0903951130935,7,-0.271397028919329,6.99268626586956,5,-0.365742334741761,2.4484395822873
2009,7.99999999999909,2009.58333333333,24,-0.0226733697709442,14.9102682188229,16,0.477728340666832,10.9264567215666,12,-0.284998948932111,6.88989082251085,0,-0.337440491761173,2.50095866336469
2009,9.00000000000091,2009.66666666667,16,-0.0987124753349283,13.6839775440998,11,0.4680963347974,10.7257618916916,6,-0.272243862756586,6.9698849994167,2,-0.298595009102738,2.58136294559229
2009,10,2009.75,18,-0.172124308516748,12.5889661794805,16,0.455144812060135,10.4924157236939,10,-0.284393101060161,6.87736086976925,1,-0.26688901906032,2.64506839809266
2009,10.9999999999991,2009.83333333333,23,-0.263675491604182,11.3711146928373,22,0.43910462164793,10.2311736671614,18,-0.301205212766615,6.75446157847619,1,-0.232251058169239,2.71797200455565
2009,12.0000000000009,2009.91666666667,14,-0.368516784879067,10.1335423951526,17,0.420250588729255,9.94721846463135,11,-0.314325628804828,6.65823813450377,2,-0.193033610249801,2.80537045312765
2010,1,2010,8,-0.428751022762585,9.44081621117486,7,0.398902813674096,9.64591102067909,12,-0.331093120573382,6.53943449212543,0,-0.159294501048654,2.87941829960616
2010,1.99999999999909,2010.08333333333,4,-0.479667054651503,8.87610356461122,7,0.351924022802936,9.11595131684147,12,-0.373666230846884,6.25907010604197,2,-0.110782076406492,2.99905188780159
2010,3.00000000000091,2010.16666666667,10,-0.513427740662108,8.48796693439556,17,0.326807037444523,8.80448400670339,15,-0.41230053875532,6.0143103168423,1,-0.0772333309202307,3.07690053535621
2010,4,2010.25,7,-0.537077907511721,8.19774261842426,11,0.300622441252991,8.49358451831325,7,-0.451672940412265,5.77479931593646,1,-0.0331445484484142,3.18984448225408
2010,4.99999999999909,2010.33333333333,1,-0.547881883609086,8.01830473563407,5,0.273844813561213,8.1878440275931,3,-0.485498305578751,5.57561026531977,0,-0.0120689922665467,3.23132271782212
2010,6.00000000000091,2010.41666666667,5,-0.540410565698494,7.98595126286913,9,0.246954117040019,7.89129255316597,1,-0.512387027468435,5.42070374416618,0,0.0148424529623649,3.29211603662001
2010,7,2010.5,10,-0.52191069235991,8.04043719940081,18,0.183795341048207,7.33373116416387,6,-0.50603406291406,5.44816969176732,2,0.0623834652583064,3.42356767623425
2010,7.99999999999909,2010.58333333333,21,-0.496620537008421,8.1489421653364,30,0.121254584521764,6.81898382287544,7,-0.486578601475972,5.54792694617362,1,0.0814299291780735,3.45985217933392
2010,9.00000000000091,2010.66666666667,20,-0.476104778280825,8.21805803372232,20,0.0653382959446139,6.38176605900153,6,-0.431416391248695,5.85480859502071,3,0.0968899844496198,3.48360316073455
2010,10,2010.75,17,-0.420779539996174,8.57975602595463,16,0.0196571373145885,6.03332723038641,10,-0.335657310837078,6.43457824408853,2,0.125386491411858,3.55313511431254
2010,10.9999999999991,2010.83333333333,14,-0.407067231954294,8.5907072368854,18,0.0038626282518132,5.87627828544268,8,-0.202902329688584,7.33818759345539,2,0.127017413344767,3.52758626826973
2010,12.0000000000009,2010.91666666667,13,-0.378882011656355,8.72547799759364,7,-0.00658844769410012,5.75331911146172,12,-0.0378164350145965,8.64356093663115,1,0.11691130340718,3.46096238122822
2011,1,2011,8,-0.338802105589976,8.96677899222527,7,0.0266184205424475,5.88362699704869,10,0.186743270777768,10.8048704798841,1,0.120281480401989,3.44127696583928
2011,1.99999999999909,2011.08333333333,0,-0.332526149594103,8.90685285839832,3,0.0727626292065105,6.09453700030668,6,0.360959608999437,12.8432879715937,1,0.104212686021965,3.35545306247264
2011,3.00000000000091,2011.16666666667,1,-0.321251692744134,8.89005944420364,9,0.109932076440659,6.25588938794272,11,0.51874243936859,15.0172127021232,2,0.0829220359056162,3.2543638628374
2011,4,2011.25,7,-0.318662120119661,8.79498936864663,15,0.147527152494767,6.42351650743279,8,0.618762774065276,16.5733290409642,0,0.0567582430220655,3.14062502689015
2011,4.99999999999909,2011.33333333333,13,-0.327722098950914,8.59862504400966,21,0.179310557048609,6.55667093538888,15,0.667171973728596,17.3703587518595,5,0.0300885528034855,3.02899089116704
2011,6.00000000000091,2011.41666666667,14,-0.336656291634363,8.40620577639702,27,0.202100257755514,6.63191417973588,10,0.639675376277661,16.8746667158193,4,0.000161053721000455,2.91150005558267
2011,7,2011.5,20,-0.373478646233781,7.99065431747344,32,0.211649394074078,6.61904190411355,13,0.528159906660435,15.0718075703983,1,-0.0304923015405097,2.7962268395067
2011,7.99999999999909,2011.58333333333,2,-0.404570752695004,7.6379461170577,16,0.200873310640867,6.47254986957475,12,0.364185927182688,12.7733700116785,0,-0.0616069576562804,2.68398353544383
2011,9.00000000000091,2011.66666666667,4,-0.436849298941883,7.29086722619957,10,0.142462574461058,6.03419764295331,3,0.149726734449816,10.2923004600461,0,-0.0916166207845323,2.57881133965995
2011,10,2011.75,4,-0.477949303841902,6.89722834575526,13,0.0756637795639286,5.57791936502956,9,-0.112527752164458,7.90595341657339,0,-0.119915773815625,2.48173118357117
2011,10.9999999999991,2011.83333333333,6,-0.516208171878228,6.5422652245935,11,-0.00755340341120392,5.07161322215883,9,-0.387318196107226,5.99713212578142,2,-0.152225420040478,2.37848786624631
2011,12.0000000000009,2011.91666666667,5,-0.539957977620201,6.29516969942219,5,-0.116750479657666,4.49250788516555,11,-0.674582467575976,4.49269918105633,0,-0.176626085680947,2.29739109750175
2012,1,2012,2,-0.513041004848723,6.371121650676,3,-0.235126742501754,3.94272965178292,2,-0.923461596130932,3.49730086135011,0,-0.197576423695459,2.22648894771844
2012,1.99999999999909,2012.08333333333,3,-0.469989975206096,6.55173696913328,5,-0.364742254718476,3.42118098619786,3,-1.13855483738818,2.8159371206126,0,-0.223845758319759,2.14609772421012
2012,3.00000000000091,2012.16666666667,1,-0.410580438819661,6.84741890653267,2,-0.46471127820922,3.05761355924606,2,-1.28211314562793,2.43540515163607,2,-0.237298971685801,2.09506721144802
2012,4,2012.25,4,-0.347264511184099,7.18322806137257,5,-0.584938881379029,2.67758512200631,1,-1.35219940227745,2.26682963142794,1,-0.246039632059523,2.05469233222512
2012,4.99999999999909,2012.33333333333,3,-0.257249720999895,7.73808829709079,0,-0.634821683788813,2.51539859936526,0,-1.34826216101557,2.27198379031245,0,-0.241542406972674,2.04173189344151
2012,6.00000000000091,2012.41666666667,5,-0.155988671907316,8.42865553384192,3,-0.555574077351849,2.68846007696562,1,-1.25372320469124,2.49304372123528,0,-0.22242258650375,2.05852081745518
2012,7,2012.5,10,-0.0472310711214061,9.2483735103554,2,-0.46342339636584,2.91042808266825,1,-1.08094211013367,2.95818266551292,0,-0.19772204484198,2.08684315403495
2012,7.99999999999909,2012.58333333333,12,0.0647137357829528,10.1784965557611,2,-0.333080694342624,3.2730274792448,14,-0.839862531960617,3.75813032600742,0,-0.169018787669778,2.12381764249289
2012,9.00000000000091,2012.66666666667,14,0.165389742354345,11.0747841525793,4,-0.184360894291275,3.74866440964473,6,-0.545907770264629,5.03352223029789,0,-0.12870063086661,2.18647054887768
2012,10,2012.75,13,0.26914459206483,12.0851399383108,9,-0.0286707414473122,4.32298636039093,19,-0.214671422070409,6.99766328803531,2,-0.105204913869364,2.21319176748697
2012,10.9999999999991,2012.83333333333,25,0.351578711668173,12.907335047179,13,0.122942082889046,4.9644798989869,19,0.128139444256314,9.84125201935696,0,-0.0680713600634795,2.27076603800292
2012,12.0000000000009,2012.91666666667,19,0.42873925712426,13.7106950704873,13,0.267506098432744,5.6605142051796,27,0.448489244429743,13.5326317776871,4,-0.0432160203200192,2.30116976859017
2013,1,2013,26,0.475524315937249,14.1259946567011,9,0.396184484200902,6.35173852849613,25,0.729961909869359,17.8986044686283,5,-0.0195678504166896,2.32892842728219
2013,1.99999999999909,2013.08333333333,12,0.498973703316337,14.2158536378462,6,0.502734744486227,6.97064558788562,14,0.953087235580688,22.330840669602,2,-0.0060034540546591,2.33313554410357
2013,3.00000000000091,2013.16666666667,7,0.496802868584612,13.9421365605355,2,0.563866882041693,7.30941270056315,14,1.10211011960754,25.8700590855773,2,-0.00300740883790609,2.31254337850428
2013,4,2013.25,14,0.468405294159444,13.3175736496665,1,0.606978274883906,7.5269621294934,13,1.16616451393891,27.5281453764314,0,-0.00300740883790609,2.28504469951602
2013,4.99999999999909,2013.33333333333,9,0.404223386091024,12.2718423786434,2,0.627829017324885,7.57955174454919,15,1.14096925809204,26.7907079299175,0,-0.00300740883790609,2.25764558588153
2013,6.00000000000091,2013.41666666667,5,0.332962643181172,11.2266521420503,4,0.572721081601651,7.07348187688266,10,1.03047274228569,23.9405265605448,0,-0.00300740883790609,2.23035132379324
2013,7,2013.5,11,0.235781703702555,10.0060855441701,3,0.46424779153706,6.25750493738462,31,0.838175595621046,19.7126761112854,6,-0.00300740883790609,2.20316706812334
2013,7.99999999999909,2013.58333333333,20,0.141360937043434,8.9414435839719,4,0.335780737380871,5.4255107991781,40,0.579887827088788,15.1944805377517,6,-0.00300740883790609,2.176097842246
2013,9.00000000000091,2013.66666666667,17,0.0644984477973551,8.13031925861806,4,0.201169448670066,4.674836847167,36,0.305373619372817,11.5230281970121,4,-0.00300740883790609,2.14914853794967
2013,10,2013.75,21,0.0160231910285743,7.60444204044758,1,0.0932277409942904,4.13646814249765,35,0.0515203869226599,8.92087990402618,6,-0.00300740883790609,2.12232391543726
2013,10.9999999999991,2013.83333333333,19,-0.000521754444686249,7.34219566772061,8,0.0174214254062408,3.7792378475056,26,-0.146980676164897,7.29919657137711,5,-0.00300740883790609,2.09562860341244
2013,12.0000000000009,2013.91666666667,13,0.00558638258258674,7.25027802845598,4,-0.010214187060854,3.62288271576157,17,-0.254724173768755,6.53950531238904,3,-0.00300740883790609,2.06906709925003
2014,1,2014,6,0.00558638258258674,7.11480408680114,0,0.028065985663132,3.7092539591382,8,-0.254806083003621,6.52466671230708,2,-0.00300740883790609,2.04264376924832
2014,1.99999999999909,2014.08333333333,2,0.00558638258258674,6.98077836485292,0,0.028065985663132,3.65468140285723,3,-0.178240661470531,7.02822810839487,0,-0.00300740883790609,2.01636284896153
2014,3.00000000000091,2014.16666666667,6,0.00558638258258674,6.84821967026969,0,0.028065985663132,3.60054423486567,3,-0.0561575359064112,7.92296658285259,1,-0.00300740883790609,1.99022844361007
2014,4,2014.25,1,0.00558638258258674,6.71714549875735,0,0.028065985663132,3.54684816014822,1,-0.0187919276953831,8.20585096393612,0,-0.00300740883790609,1.96424452856665
2014,4.99999999999909,2014.33333333333,2,0.00558638258258674,6.5875720545688,1,0.028065985663132,3.49359861162519,2,-0.0187919276953831,8.18686685575688,0,-0.00300740883790609,1.93841494991613
2014,6.00000000000091,2014.41666666667,1,0.00558638258258674,6.45951427171483,0,0.028065985663132,3.44080075290253,0,-0.0187919276953831,8.16765928456576,0,-0.00300740883790609,1.91274342508687
2014,7,2014.5,7,0.00558638258258674,6.33298583584005,0,0.028065985663132,3.3884594811338,7,-0.0187919276953831,8.14822634781514,3,-0.00300740883790609,1.88723354355155
2014,7.99999999999909,2014.58333333333,7,0.00558638258258674,6.20799920671766,2,0.028065985663132,3.33657942998942,13,-0.0187919276953831,8.12856619603096,3,-0.00300740883790609,1.86188876759518
2014,9.00000000000091,2014.66666666667,3,0.00558638258258674,6.0845656413177,0,0.028065985663132,3.28516497272825,11,-0.0187919276953831,8.10867703354631,3,-0.00300740883790609,1.83671243314825
2014,10,2014.75,4,0.00558638258258674,5.96269521740397,1,0.028065985663132,3.23422022536708,11,-0.0187919276953831,8.08855711923228,7,-0.00300740883790609,1.81170775068276
2014,10.9999999999991,2014.83333333333,4,0.00558638258258674,5.84239685761528,1,0.028065985663132,3.18374904994308,24,-0.0187919276953831,8.06820476722593,6,-0.00300740883790609,1.78687780616896
2014,12.0000000000009,2014.91666666667,5,0.00558638258258674,5.72367835398789,1,0.028065985663132,3.13375505786485,17,-0.0187919276953831,8.04761834765445,7,-0.00300740883790609,1.76222556209064
2015,1,2015,0,0.00558638258258674,5.60654639287604,0,0.028065985663132,3.08424161334718,1,-0.0187919276953831,8.02679628735541,0,-0.00300740883790609,1.73775385851679
