taxon,date
hDenV1_Colombia_un-OUCRU-101_2013_EPI_ISL_17410860_2013,2013.5000
hDenV1_Colombia_un-OUCRU-341_2013_EPI_ISL_17610681_2013,2013.5000
hDenV1_Colombia_un-OUCRU-102_2013_EPI_ISL_17410861_2013,2013.5000
hDenV1_Colombia_un-OUCRU-340_2013_EPI_ISL_17610680_2013,2013.5000
hDenV1_Colombia_un-OUCRU-101234_2013_EPI_ISL_17410897_2013,2013.5000
hDenV1_Colombia_un-OUCRU-348_2013_EPI_ISL_17610654_2013,2013.5000
hDenV1_Colombia_un-OUCRU-10123_2012_EPI_ISL_17410867_2012,2012.5000
hDenV1_Colombia_un-OUCRU-520_2012_EPI_ISL_17610603_2012,2012.5000
hDenV1_Colombia_un-OUCRU-10125_2013_EPI_ISL_17410869_2013,2013.5000
hDenV1_Colombia_un-OUCRU-10126_2013_EPI_ISL_17410870_2013,2013.5000
hDenV1_Colombia_un-OUCRU-101210_2013_EPI_ISL_17410873_2013,2013.5000
hDenV1_Colombia_un-OUCRU-101226_2012_EPI_ISL_17410889_2012,2012.5000
hDenV1_Colombia_un-OUCRU-101228_2013_EPI_ISL_17410891_2013,2013.5000
hDenV1_Colombia_un-OUCRU-523_2013_EPI_ISL_17610594_2013,2013.5000
hDenV1_Colombia_un-OUCRU-519_2013_EPI_ISL_17610604_2013,2013.5000
hDenV1_Colombia_un-OUCRU-506_2013_EPI_ISL_17610719_2013,2013.5000
hDenV1_Colombia_un-OUCRU-507_2012_EPI_ISL_17610730_2012,2012.5000
hDenV1_Colombia_un-OUCRU-521_2013_EPI_ISL_17610601_2013,2013.5000
hDenV1_Colombia_un-OUCRU-101220_2013_EPI_ISL_17410883_2013,2013.5000
hDenV1_Colombia_un-OUCRU-342_2013_EPI_ISL_17610682_2013,2013.5000
hDenV1_Colombia_un-OUCRU-101218_2013_EPI_ISL_17410881_2013,2013.5000
hDenV1_Colombia_un-OUCRU-522_2013_EPI_ISL_17610614_2013,2013.5000
hDenV1_Colombia_un-OUCRU-101223_2013_EPI_ISL_17410886_2013,2013.5000
hDenV1_Colombia_un-OUCRU-333_2013_EPI_ISL_17610689_2013,2013.5000
hDenV1_Colombia_un-OUCRU-101225_2013_EPI_ISL_17410888_2013,2013.5000
hDenV1_Colombia_un-OUCRU-526_2013_EPI_ISL_17610721_2013,2013.5000
hDenV1_Colombia_un-OUCRU-0000087_2013_EPI_ISL_17439403_2013,2013.5000
hDenV1_Colombia_un-OUCRU-0000060_2013_EPI_ISL_17439442_2013,2013.5000
hDenV1_Colombia_un-OUCRU-0000010_2013_EPI_ISL_17439261_2013,2013.5000
hDenV1_Colombia_un-OUCRU-0000005_2013_EPI_ISL_17439266_2013,2013.5000
hDenV1_Colombia_un-OUCRU-0000023_2013_EPI_ISL_17439316_2013,2013.5000
hDenV1_Colombia_un-OUCRU-0000014_2012_EPI_ISL_17439281_2012,2012.5000
hDenV1_Colombia_un-OUCRU-101227_2013_EPI_ISL_17410890_2013,2013.5000
hDenV1_Colombia_un-OUCRU-510_2013_EPI_ISL_17610671_2013,2013.5000
hDenV1_Colombia_SAN-UIS-0000054_2016_EPI_ISL_17434696_2016,2016.5000
DenV1_mosquito_Colombia_MAG-CIST-0151_2018_EPI_ISL_20388639_2018-11-01,2018.8329
hDenV1_Colombia_SAN-UIS-0000019_2016_EPI_ISL_17434730_2016,2016.5000
hDenV1_Colombia_CUN-INS-450339_2015_EPI_ISL_17783302_2015-10-09,2015.7699
hDenV1_Colombia_un-FUAA-DFC088_2021_EPI_ISL_20061736_2021-08-28,2021.6548
hDenV1_Colombia_RIS-FUAA-AFI224_2022_EPI_ISL_20061737_2022-04-06,2022.2603
hDenV1_Colombia_VAC-LSPVAC-2400146_2024_EPI_ISL_19216366_2023-12-29,2023.9918
hDenV1_Colombia_VAC-LSPVAC-2401935_2024_EPI_ISL_19216374_2024-01-27,2024.0712
hDenV1_Colombia_VAC-LSPVAC-2400262_2024_EPI_ISL_19216368_2024-01-02,2024.0027
hDenV1_Colombia_VAC-LSPVAC-2404314_2024_EPI_ISL_19216399_2024-03-08,2024.1836
hDenV1_Colombia_VAC-LSPVAC-2405774_2024_EPI_ISL_19216412_2024-04-22,2024.3068
hDenV1_Colombia_VAC-LSPVAC-2405498_2024_EPI_ISL_19216406_2024-03-12,2024.1945
hDenV1_Colombia_VAC-LSPVAC-2400298_2024_EPI_ISL_19216369_2023-12-25,2023.9808
hDenV1_Colombia_VAC-LSPVAC-2405754_2024_EPI_ISL_19216411_2024-04-12,2024.2795
hDenV1_Colombia_VAC-LSPVAC-2405625_2024_EPI_ISL_19216413_2024-04-14,2024.2849
hDenV1_Colombia_VAC-LSPVAC-2409164-VI_2024_EPI_ISL_19818802_2024-06-12,2024.4466
hDenV1_Colombia_VAC-LSPVAC-2404263_2024_EPI_ISL_19216398_2024-03-12,2024.1945
hDenV1_Colombia_VAC-LSPVAC-2403830_2024_EPI_ISL_19216397_2024-03-05,2024.1753
hDenV1_Colombia_VAC-LSPVAC-2405525_2024_EPI_ISL_19216407_2024-04-12,2024.2795
hDenV1_Colombia_VAC-LSPVAC-2405553_2024_EPI_ISL_19216408_2024-04-09,2024.2712
hDenV1_Colombia_VAC-LSPVAC-2402847_2024_EPI_ISL_19216380_2024-02-15,2024.1233
hDenV1_Colombia_VAC-LSPVAC-2400227_2024_EPI_ISL_19216367_2023-12-23,2023.9753
hDenV1_Colombia_VAC-LSPVAC-2402457_2024_EPI_ISL_19216376_2024-02-09,2024.1068
hDenV1_Colombia_un-Yale-DN02376_2023_EPI_ISL_19257632_2023-09-11,2023.6932
hDenV1_Colombia_un-Yale-DN02386_2023_EPI_ISL_19257637_2023-09-21,2023.7205
hDenV1_Colombia_un-Yale-DN02429_2023_EPI_ISL_19257634_2023-11-12,2023.8630
hDenV1_Colombia_un-Yale-DN02838_2024_EPI_ISL_19682285_2024-06-24,2024.4795
hDenV1_Colombia_HUI-UEB-033_2011_EPI_ISL_19730547_2011-03-01,2011.1616
hDenV1_Colombia_VAC-LSPVAC-2402566_2024_EPI_ISL_19216377_2024-02-10,2024.1096
hDenV1_Colombia_VAC-LSPVAC-2404461_2024_EPI_ISL_19216400_2024-03-18,2024.2110
hDenV1_Colombia_VAC-LSPVAC-2405731_2024_EPI_ISL_19216410_2024-04-07,2024.2658
hDenV1_Colombia_un-Yale-DN02730_2024_EPI_ISL_19682288_2024-04-07,2024.2658
hDenV1_Colombia_un-OUCRU-101229_2013_EPI_ISL_17410892_2013,2013.5000
hDenV1_Colombia_un-OUCRU-332_2013_EPI_ISL_17610653_2013,2013.5000
hDenV1_Colombia_un-OUCRU-103_2013_EPI_ISL_17410862_2013,2013.5000
hDenV1_Colombia_un-OUCRU-353_2013_EPI_ISL_17610609_2013,2013.5000
hDenV1_Colombia_un-OUCRU-101219_2013_EPI_ISL_17410882_2013,2013.5000
hDenV1_Colombia_un-OUCRU-356_2013_EPI_ISL_17610669_2013,2013.5000
hDenV1_Colombia_un-OUCRU-0000011_2012_EPI_ISL_17439260_2012,2012.5000
hDenV1_Colombia_un-OUCRU-0000008_2013_EPI_ISL_17439263_2013,2013.5000
hDenV1_Colombia_un-OUCRU-0000088_2012_EPI_ISL_17439404_2012,2012.5000
hDenV1_Colombia_un-OUCRU-0000093_2013_EPI_ISL_17439409_2013,2013.5000
hDenV1_Colombia_un-OUCRU-0000045_2013_EPI_ISL_17439303_2013,2013.5000
hDenV1_Colombia_un-OUCRU-0000043_2013_EPI_ISL_17439301_2013,2013.5000
hDenV1_Colombia_un-OUCRU-104_2013_EPI_ISL_17410863_2013,2013.5000
hDenV1_Colombia_un-OUCRU-338_2013_EPI_ISL_17610679_2013,2013.5000
hDenV1_Colombia_un-OUCRU-0000081_2013_EPI_ISL_17439433_2013,2013.5000
hDenV1_Colombia_un-OUCRU-0000046_2013_EPI_ISL_17439304_2013,2013.5000
hDenV1_Colombia_un-OUCRU-101253_2013_EPI_ISL_17410894_2013,2013.5000
hDenV1_Colombia_un-OUCRU-101235_2013_EPI_ISL_17410899_2013,2013.5000
hDenV1_Colombia_un-OUCRU-133_2013_EPI_ISL_17610678_2013,2013.5000
hDenV1_Colombia_un-OUCRU-132_2013_EPI_ISL_17610705_2013,2013.5000
hDenV1_Colombia_un-OUCRU-101245_2013_EPI_ISL_17410898_2013,2013.5000
hDenV1_Colombia_un-OUCRU-508_2013_EPI_ISL_17610605_2013,2013.5000
hDenV1_Colombia_un-OUCRU-0000096_2013_EPI_ISL_17439412_2013,2013.5000
hDenV1_Colombia_un-OUCRU-0000068_2013_EPI_ISL_17439450_2013,2013.5000
hDenV1_Colombia_un-OUCRU-10122_2013_EPI_ISL_17410866_2013,2013.5000
hDenV1_Colombia_un-OUCRU-360_2013_EPI_ISL_17610691_2013,2013.5000
hDenV1_Colombia_un-OUCRU-0000003_2013_EPI_ISL_17439268_2013,2013.5000
hDenV1_Colombia_un-OUCRU-0000076_2013_EPI_ISL_17439458_2013,2013.5000
hDenV1_Colombia_un-OUCRU-101221_2013_EPI_ISL_17410884_2013,2013.5000
hDenV1_Colombia_un-OUCRU-131_2013_EPI_ISL_17610677_2013,2013.5000
hDenV1_Colombia_SAN-UIS-0000034_2014_EPI_ISL_17434692_2014,2014.5000
hDenV1_Colombia_SAN-UIS-0000048_2014_EPI_ISL_17434706_2014,2014.5000
hDenV1_Colombia_SAN-UIS-0000007_2015_EPI_ISL_17434718_2015,2015.5000
hDenV1_Colombia_SAN-UR-F15030291_2014_EPI_ISL_715228_2014-06,2014.4578
hDenV1_Colombia_NSA-UIDS-556_2015_EPI_ISL_715734_2015-04,2015.2911
hDenV1_Colombia_SAN-UIS-0000016_2015_EPI_ISL_17434727_2015,2015.5000
hDenV1_Colombia_SAN-UIS-0000017_2015_EPI_ISL_17434728_2015,2015.5000
hDenV1_Colombia_SAN-UIS-0000055_2015_EPI_ISL_17434697_2015,2015.5000
hDenV1_Colombia_SAN-UIS-0000008_2014_EPI_ISL_17434719_2014,2014.5000
hDenV1_Colombia_SAN-UIS-0000030_2010_EPI_ISL_17434721_2010,2010.5000
hDenV1_Colombia_SAN-UIS-00003_2008_EPI_ISL_17572893_2008,2008.5000
hDenV1_Colombia_SAN-UIS-00002_2008_EPI_ISL_17572896_2008,2008.5000
hDenV1_Colombia_SAN-UIS-00001_2008_EPI_ISL_17572897_2008,2008.5000
hDenV1_Colombia_SAN-UIS-0000012_2010_EPI_ISL_17434723_2010,2010.5000
hDenV1_Colombia_SAN-UIS-0000056_2013_EPI_ISL_17434707_2013,2013.5000
hDenV1_Colombia_SAN-UIS-0000013_2010_EPI_ISL_17434724_2010,2010.5000
hDenV1_Colombia_SAN-UIS-0000059_2016_EPI_ISL_17434711_2016,2016.5000
hDenV1_Colombia_NSA-UIDS-559_2015_EPI_ISL_715733_2015-12,2015.9578
hDenV1_Colombia_NSA-UIDS-555_2001_EPI_ISL_715732_2001-12,2001.9578
hDenV1_Colombia_SAN-UIS-0000051_2016_EPI_ISL_17434702_2016,2016.5000
hDenV1_Colombia_SAN-UIS-0000031_2016_EPI_ISL_17434708_2016,2016.5000
hDenV1_Colombia_SAN-UIS-0000014_2016_EPI_ISL_17434725_2016,2016.5000
hDenV1_Colombia_SAN-UIS-0000015_2016_EPI_ISL_17434726_2016,2016.5000
hDenV1_Colombia_SAN-UIS-0000047_2016_EPI_ISL_17434705_2016,2016.5000
hDenV1_Colombia_un-OUCRU-0000074_2013_EPI_ISL_17439456_2013,2013.5000
hDenV1_Colombia_un-INS-424233_2013_EPI_ISL_17783301_2013-06-01,2013.4137
hDenV1_Colombia_un-INS-484948_2016_EPI_ISL_17783299_2016-07-12,2016.5288
hDenV1_Colombia_RIS-INS-476947_2016_EPI_ISL_17783293_2016-04-26,2016.3178
hDenV1_Colombia_un-INS-484940_2016_EPI_ISL_17783296_2016-07-07,2016.5151
DenV1_mosquito_Colombia_MAG-CIST-0134_2018_EPI_ISL_20388627_2018-10-04,2018.7562
hDenV1_Colombia_ANT-UDEA-COT0012_2023_EPI_ISL_19644384_2023-07-25,2023.5616
hDenV1_Colombia_un-BNITM-363_2018_EPI_ISL_18861650_2018-07-01,2018.4959
hDenV1_Colombia_VAC-LSPVAC-2402583_2024_EPI_ISL_19216378_2024-01-22,2024.0575
hDenV1_Colombia_VAC-LSPVAC-2404681_2024_EPI_ISL_19216401_2024-03-31,2024.2466
hDenV1_Colombia_VAC-LSPVAC-2405690_2024_EPI_ISL_19216409_2024-03-18,2024.2110
hDenV1_Colombia_VAC-LSPVAC-2405404_2024_EPI_ISL_19216405_2024-04-04,2024.2575
hDenV1_Colombia_VAC-LSPVAC-2407539-VI_2024_EPI_ISL_19285523_2024-05-28,2024.4055
hDenV1_Colombia_ANT-UDEA-COA0214_2022_EPI_ISL_19644381_2022-03-09,2022.1836
hDenV1_Colombia_ANT-UDEA-COT0026_2023_EPI_ISL_19644385_2023-08-05,2023.5918
hDenV1_Colombia_SAN-BROAD-0000032_2008_EPI_ISL_17436902_2008,2008.5000
hDenV1_Colombia_ANT-INS-485061_2016_EPI_ISL_17783300_2016-08-27,2016.6548
hDenV1_Colombia_RIS-FUAA-AFI101_2021_EPI_ISL_20061738_2021-05-08,2021.3479
hDenV1_Colombia_RIS-FUAA-AFI082_2021_EPI_ISL_20061751_2021-06-28,2021.4877
hDenV1_Colombia_RIS-FUAA-AFI031_2021_EPI_ISL_20061750_2021-02-16,2021.1260
hDenV1_Colombia_un-FUAA-AFI007673_2019_EPI_ISL_3355457_2019-09,2019.7078
hDenV1_Colombia_FUADLA-AFI025_676_2021_EPI_ISL_9768996_2021-01-25,2021.0658
hDenV1_Colombia_FUADLA-AFI059_677_2021_EPI_ISL_9769066_2021-01-25,2021.0658
hDenV1_Colombia_ANT-UDS-0746586_2013_EPI_ISL_772423_2013-08-09,2013.6027
hDenV1_Colombia_RIS-FUAA-DFC059_2021_EPI_ISL_20061732_2021-08-15,2021.6192
hDenV1_Colombia_un-FUAA-DFC245_2022_EPI_ISL_20061734_2022-07-24,2022.5589
hDenV1_Colombia_un-FUAA-DFC217_2021_EPI_ISL_20061735_2021-11-30,2021.9123
hDenV1_Colombia_un-FUAA-DFC161_2021_EPI_ISL_20061739_2021-10-16,2021.7890
hDenV1_Colombia_un-FUAA-DFC162_2021_EPI_ISL_20061748_2021-10-17,2021.7918
hDenV1_Colombia_un-FUAA-DFC265_2022_EPI_ISL_20061742_2022-12-11,2022.9425
hDenV1_Colombia_un-FUAA-DFC114_2021_EPI_ISL_20061744_2021-09-06,2021.6795
hDenV1_Colombia_un-FUAA-DFC238_2021_EPI_ISL_20061752_2021-12-12,2021.9452
hDenV1_Colombia_un-FUAA-DFC263_2022_EPI_ISL_20061747_2022-05-11,2022.3562
hDenV1_Colombia_un-FUAA-DFC264_2022_EPI_ISL_20061749_2022-11-11,2022.8603
hDenV1_Colombia_un-FUAA-DFC096_2021_EPI_ISL_20061745_2021-08-30,2021.6603
hDenV1_Colombia_un-FUAA-DFC112_2021_EPI_ISL_20061754_2021-09-06,2021.6795
hDenV1_Colombia_un-FUAA-DFC063_2021_EPI_ISL_20061746_2021-08-15,2021.6192
hDenV1_Colombia_un-FUAA-DFC222_2021_EPI_ISL_20061733_2021-12-03,2021.9205
hDenV1_Colombia_un-FUAA-DFC087_2021_EPI_ISL_20061743_2021-08-24,2021.6438
hDenV1_Colombia_un-FUAA-DFC177_2021_EPI_ISL_20061740_2021-10-29,2021.8247
hDenV1_Colombia_VAC-LSPVAC-2300876_2023_EPI_ISL_18566930_2023-02-09,2023.1068
hDenV1_Colombia_VAC-LSPVAC-2306001_2023_EPI_ISL_18566934_2023-08-21,2023.6356
hDenV1_Colombia_VAC-LSPVAC-2404789_2024_EPI_ISL_19216402_2024-03-18,2024.2110
hDenV1_Colombia_VAC-LSPVAC-2400368_2024_EPI_ISL_19216370_2023-12-26,2023.9836
hDenV1_Colombia_VAC-LSPVAC-2402024_2024_EPI_ISL_19216375_2024-02-04,2024.0932
hDenV1_Colombia_VAC-LSPVAC-2405179_2024_EPI_ISL_19216403_2024-04-01,2024.2493
hDenV1_Colombia_un-Yale-DN02379_2023_EPI_ISL_19257630_2023-09-13,2023.6986
hDenV1_Colombia_un-Yale-DN02363_2023_EPI_ISL_19257631_2023-08-26,2023.6493
hDenV1_Colombia_un-Yale-DN02505_2024_EPI_ISL_19257636_2024-01-21,2024.0548
hDenV1_Colombia_un-Yale-DN02440_2023_EPI_ISL_19257638_2023-11-23,2023.8932
hDenV1_Colombia_VAC-LSPVAC-2400035_2024_EPI_ISL_19216364_2023-12-30,2023.9945
hDenV1_Colombia_VAC-LSPVAC-2401121_2024_EPI_ISL_19216371_2024-01-18,2024.0466
hDenV1_Colombia_VAC-LSPVAC-2400054_2024_EPI_ISL_19216365_2023-12-29,2023.9918
hDenV1_Colombia_VAC-LSPVAC-2405205_2024_EPI_ISL_19216404_2024-04-05,2024.2603
hDenV1_Colombia_VAC-LSPVAC-2401601_2024_EPI_ISL_19216372_2024-01-26,2024.0685
hDenV1_Colombia_un-Yale-DN02556_2024_EPI_ISL_19257633_2024-02-20,2024.1370
hDenV1_Colombia_un-Yale-DN02741_2024_EPI_ISL_19682286_2024-04-14,2024.2849
hDenV1_Colombia_un-Yale-DN02489_2024_EPI_ISL_19257635_2024-01-10,2024.0247
hDenV1_Colombia_VAC-LSPVAC-2401811_2024_EPI_ISL_19216373_2024-01-30,2024.0795
hDenV1_Colombia_un-OUCRU-10124_2013_EPI_ISL_17410868_2013,2013.5000
hDenV1_Colombia_un-OUCRU-134_2013_EPI_ISL_17610606_2013,2013.5000
hDenV1_Colombia_un-OUCRU-101212_2013_EPI_ISL_17410875_2013,2013.5000
hDenV1_Colombia_un-OUCRU-511_2013_EPI_ISL_17610672_2013,2013.5000
hDenV1_Colombia_un-OUCRU-0000063_2013_EPI_ISL_17439445_2013,2013.5000
hDenV1_Colombia_CAU-INS-483718_2016_EPI_ISL_17783295_2016-06-24,2016.4795
hDenV1_Colombia_un-INS-484942_2016_EPI_ISL_17783298_2016-07-14,2016.5342
hDenV1_Colombia_un-OUCRU-101224_2011_EPI_ISL_17410887_2011,2011.5000
hDenV1_Colombia_un-OUCRU-525_2011_EPI_ISL_17610676_2011,2011.5000
hDenV1_Colombia_un-OUCRU-101232_2013_EPI_ISL_17410895_2013,2013.5000
hDenV1_Colombia_un-OUCRU-513_2013_EPI_ISL_17610674_2013,2013.5000
hDenV1_Colombia_un-OUCRU-0000048_2013_EPI_ISL_17439306_2013,2013.5000
hDenV1_Colombia_un-OUCRU-0000052_2013_EPI_ISL_17439434_2013,2013.5000
hDenV1_Colombia_un-OUCRU-0000006_2012_EPI_ISL_17439265_2012,2012.5000
hDenV1_Colombia_un-OUCRU-0000040_2013_EPI_ISL_17439298_2013,2013.5000
hDenV1_Colombia_un-OUCRU-0000092_2012_EPI_ISL_17439408_2012,2012.5000
hDenV1_Colombia_un-OUCRU-0000069_2012_EPI_ISL_17439451_2012,2012.5000
hDenV1_Colombia_un-OUCRU-0000070_2012_EPI_ISL_17439452_2012,2012.5000
hDenV1_Colombia_SAN-UIS-0000018_2016_EPI_ISL_17434729_2016,2016.5000
hDenV1_Colombia_NSA-UIDS-558_2016_EPI_ISL_715735_2016-04,2016.2911
hDenV1_Colombia_SAN-BROAD-0000037_2005_EPI_ISL_17436907_2005,2005.5000
hDenV1_Colombia_NSA-UIS-00011_2006_EPI_ISL_17572857_2006,2006.5000
hDenV1_Colombia_NSA-UIS-00014_2006_EPI_ISL_17572874_2006,2006.5000
hDenV1_Colombia_NSA-UIS-00015_2006_EPI_ISL_17572878_2006,2006.5000
hDenV1_Colombia_NSA-UIS-00013_2006_EPI_ISL_17572880_2006,2006.5000
hDenV1_Colombia_NSA-UIS-00012_2005_EPI_ISL_17572858_2005,2005.5000
hDenV1_Colombia_NSA-UIS-00005_2006_EPI_ISL_17572891_2006,2006.5000
hDenV1_Colombia_NSA-UIS-00009_2006_EPI_ISL_17572859_2006,2006.5000
hDenV1_Colombia_NSA-UIS-00007_2006_EPI_ISL_17572860_2006,2006.5000
hDenV1_Colombia_NSA-UIS-00010_2006_EPI_ISL_17572861_2006,2006.5000
hDenV1_Colombia_NSA-UIS-00008_2006_EPI_ISL_17572863_2006,2006.5000
hDenV1_Colombia_NSA-UIS-00006_2006_EPI_ISL_17572890_2006,2006.5000
hDenV1_Colombia_SAN-UIS-00004_2008_EPI_ISL_17572892_2008,2008.5000
hDenV1_Colombia_un-OUCRU-0000090_2012_EPI_ISL_17439406_2012,2012.5000
hDenV1_Colombia_un-OUCRU-0000095_2012_EPI_ISL_17439411_2012,2012.5000
hDenV1_Colombia_SAN-UIS-0000041_2010_EPI_ISL_17434686_2010,2010.5000
hDenV1_Colombia_SAN-UIS-00027_2008_EPI_ISL_17572867_2008,2008.5000
hDenV1_Colombia_SAN-UIS-00028_2007_EPI_ISL_17572868_2007,2007.5000
hDenV1_Colombia_SAN-UIS-00026_2007_EPI_ISL_17572875_2007,2007.5000
hDenV1_Colombia_SAN-UIS-00024_2008_EPI_ISL_17572876_2008,2008.5000
hDenV1_Colombia_SAN-UIS-00023_2008_EPI_ISL_17572905_2008,2008.5000
hDenV1_Colombia_SAN-UIS-00016_2007_EPI_ISL_17572879_2007,2007.5000
hDenV1_Colombia_SAN-UIS-00025_2007_EPI_ISL_17572886_2007,2007.5000
hDenV1_Colombia_SAN-UIS-00030_2008_EPI_ISL_17572869_2008,2008.5000
hDenV1_Colombia_SAN-UIS-00029_2008_EPI_ISL_17572887_2008,2008.5000
hDenV1_Colombia_SAN-UIS-00031_2004_EPI_ISL_17572870_2004,2004.5000
hDenV1_Colombia_NSA-UIS-00020_2006_EPI_ISL_17572906_2006,2006.5000
hDenV1_Colombia_SAN-UIS-00021_2007_EPI_ISL_17572902_2007,2007.5000
hDenV1_Colombia_SAN-UIS-0000011_2009_EPI_ISL_17434733_2009,2009.5000
hDenV1_Colombia_SAN-UIS-00022_2008_EPI_ISL_17572900_2008,2008.5000
hDenV1_Colombia_SAN-UIS-00018_2008_EPI_ISL_17572889_2008,2008.5000
hDenV1_Colombia_SAN-UIS-0000043_2009_EPI_ISL_17434695_2009,2009.5000
hDenV1_Colombia_SAN-UIS-0000040_2009_EPI_ISL_17434687_2009,2009.5000
hDenV1_Colombia_SAN-UIS-0000050_2009_EPI_ISL_17434734_2009,2009.5000
hDenV1_Colombia_SAN-UIS-0000020_2010_EPI_ISL_17434731_2010,2010.5000
hDenV1_Colombia_SAN-UIS-00017_2007_EPI_ISL_17572885_2007,2007.5000
hDenV1_Colombia_SAN-UIS-0000046_2009_EPI_ISL_17434704_2009,2009.5000
hDenV1_Colombia_SAN-UIS-0000009_2010_EPI_ISL_17434720_2010,2010.5000
hDenV1_Colombia_NSA-UIDS-557_2009_EPI_ISL_715736_2009-09,2009.7078
hDenV1_Colombia_SAN-UIS-00019_2008_EPI_ISL_17572898_2008,2008.5000
hDenV1_Colombia_SAN-UIS-0000052_2010_EPI_ISL_17434700_2010,2010.5000
hDenV1_Colombia_SAN-UIS-0000029_2010_EPI_ISL_17434710_2010,2010.5000
hDenV1_Colombia_SAN-BROAD-0000046_2007_EPI_ISL_17436891_2007,2007.5000
hDenV1_Colombia_SAN-BROAD-0000029_2007_EPI_ISL_17436899_2007,2007.5000
hDenV1_Colombia_un-Yale-DH141_2004_EPI_ISL_18081130_2004-01-01,2004.0000
hDenV1_Colombia_SAN-Yale-DH141-P2_2004_EPI_ISL_20165629_2004,2004.5000
hDenV1_Colombia_un-BROAD-0000007_2005_EPI_ISL_17436834_2005,2005.5000
hDenV1_Colombia_SAN-BROAD-0000053_2007_EPI_ISL_17436880_2007,2007.5000
hDenV1_Colombia_NSA-BROAD-0000019_2006_EPI_ISL_17436846_2006,2006.5000
hDenV1_Colombia_NSA-BROAD-0000020_2006_EPI_ISL_17436847_2006,2006.5000
hDenV1_Colombia_NSA-BROAD-0000025_2006_EPI_ISL_17436895_2006,2006.5000
hDenV1_Colombia_SAN-BROAD-0000036_2007_EPI_ISL_17436906_2007,2007.5000
hDenV1_Colombia_un-CDC-002_2007_EPI_ISL_17567713_2007,2007.5000
hDenV1_Colombia_SAN-UIS-00036_2007_EPI_ISL_17572866_2007,2007.5000
hDenV1_Colombia_NSA-UIS-00038_2006_EPI_ISL_17572883_2006,2006.5000
hDenV1_Colombia_NSA-UIS-00040_2006_EPI_ISL_17572884_2006,2006.5000
hDenV1_Colombia_SAN-UIS-00035_2008_EPI_ISL_17572888_2008,2008.5000
hDenV1_Colombia_NSA-UIS-00041_2006_EPI_ISL_17572903_2006,2006.5000
hDenV1_Colombia_NSA-UIS-00042_2006_EPI_ISL_17572899_2006,2006.5000
hDenV1_Colombia_NSA-UIS-00037_2006_EPI_ISL_17572877_2006,2006.5000
hDenV1_Colombia_NSA-UIS-00039_2006_EPI_ISL_17572882_2006,2006.5000
hDenV1_Colombia_NSA-UIS-00034_2006_EPI_ISL_17572872_2006,2006.5000
hDenV1_Colombia_SAN-UIS-00033_2008_EPI_ISL_17572873_2008,2008.5000
hDenV1_Colombia_SAN-UIS-00032_2007_EPI_ISL_17572907_2007,2007.5000
hDenV1_Colombia_SAN-UR-LV121086_2010_EPI_ISL_715225_2010-03,2010.2078
hDenV1_Colombia_SAN-UR-LV122007_2009_EPI_ISL_715226_2009-08,2009.6244
hDenV1_Colombia_NSA-UIS-00045_2006_EPI_ISL_17572862_2006,2006.5000
hDenV1_Colombia_NSA-UIS-00046_2006_EPI_ISL_17572871_2006,2006.5000
hDenV1_Colombia_NSA-UIS-00043_2006_EPI_ISL_17572901_2006,2006.5000
hDenV1_Colombia_NSA-UIS-00044_2006_EPI_ISL_17572865_2006,2006.5000
hDenV1_Colombia_NSA-BROAD-0000023_2006_EPI_ISL_17436903_2006,2006.5000
hDenV1_Colombia_SAN-BROAD-0000058_2001_EPI_ISL_17436885_2001,2001.5000
hDenV1_Colombia_SAN-UIS-00051_2002_EPI_ISL_17572881_2002,2002.5000
hDenV1_Colombia_SAN-UIS-00050_2001_EPI_ISL_17572894_2001,2001.5000
hDenV1_Colombia_SAN-UIS-0000057_2014_EPI_ISL_17434713_2014,2014.5000
hDenV1_Colombia_un-UDS-Ov07582_2013_EPI_ISL_771895_2013-09-08,2013.6849
hDenV1_Colombia_un-OUCRU-0000061_2012_EPI_ISL_17439443_2012,2012.5000
hDenV1_Colombia_SAN-UIS-0000028_2013_EPI_ISL_17434709_2013,2013.5000
hDenV1_Colombia_un-Yale-DN02733_2024_EPI_ISL_19682287_2024-04-11,2024.2767
hDenV1_Colombia_un-OUCRU-1_2013_EPI_ISL_17410864_2013,2013.5000
hDenV1_Colombia_un-OUCRU-135_2013_EPI_ISL_17610607_2013,2013.5000
hDenV1_Colombia_un-OUCRU-101216_2013_EPI_ISL_17410879_2013,2013.5000
hDenV1_Colombia_un-OUCRU-136_2013_EPI_ISL_17610608_2013,2013.5000
hDenV1_Colombia_un-OUCRU-10128_2013_EPI_ISL_17410871_2013,2013.5000
hDenV1_Colombia_un-OUCRU-512_2013_EPI_ISL_17610673_2013,2013.5000
hDenV1_Colombia_un-OUCRU-509_2013_EPI_ISL_17610670_2013,2013.5000
hDenV1_Colombia_un-OUCRU-101236_2013_EPI_ISL_17410900_2013,2013.5000
hDenV1_Colombia_ANT-UDEA-COT0221_2023_EPI_ISL_19644378_2023-08-16,2023.6219
hDenV1_Colombia_ANT-UDEA-COT0017_2023_EPI_ISL_19644379_2023-07-28,2023.5699
hDenV1_Colombia_ANT-UDEA-COT0011_2023_EPI_ISL_19644383_2023-07-21,2023.5507
hDenV1_Colombia_ANT-UDEA-COT0028_2023_EPI_ISL_19644380_2023-08-09,2023.6027
hDenV1_Colombia_un-Yale-DN02365_2023_EPI_ISL_19257639_2023-08-30,2023.6603
hDenV1_Colombia_ANT-UDEA-COA0053_2021_EPI_ISL_19644377_2021-12-09,2021.9370
hDenV1_Colombia_SAN-UIS-0000005_2015_EPI_ISL_17434716_2015,2015.5000
hDenV1_Colombia_SAN-UR-P201080030_2015_EPI_ISL_715217_2015-03,2015.2078
hDenV1_Colombia_un-OUCRU-0000049_2013_EPI_ISL_17439398_2013,2013.5000
hDenV1_Colombia_un-OUCRU-0000053_2013_EPI_ISL_17439435_2013,2013.5000
hDenV1_Colombia_un-OUCRU-0000075_2013_EPI_ISL_17439457_2013,2013.5000
hDenV1_Colombia_MET-INS-424735_2013_EPI_ISL_17783294_2013-06-18,2013.4603
hDenV1_Colombia_VAC-LSPVAC-2407081-VI_2024_EPI_ISL_19285522_2024-05-20,2024.3836
hDenV1_Colombia_un-OUCRU-101230_2013_EPI_ISL_17410893_2013,2013.5000
hDenV1_Colombia_un-OUCRU-358_2013_EPI_ISL_17610702_2013,2013.5000
hDenV1_Colombia_ANT-UDEA-COA0234_2022_EPI_ISL_19644382_2022-04-01,2022.2466
hDenV1_Colombia_BOL-UEB-016_2019_EPI_ISL_20438929_2019-09,2019.7078
hDenV1_Colombia_BOL-UEB-016-1_2019_EPI_ISL_20438933_2019-09,2019.7078
DenV1_un_Colombia_un-UniNorte-1_2001_EPI_ISL_17573003_2001,2001.5000
hDenV1_Colombia_BOL-UEB-152_2019_EPI_ISL_20438930_2019-09,2019.7078
hDenV1_Colombia_BOL-UEB-152-1_2019_EPI_ISL_20438931_2019-09,2019.7078
hDenV1_Colombia_un-INS-484930_2016_EPI_ISL_17783297_2016-07-19,2016.5479
