strain	date	region	country	division	genotype	lineage	accession	extra
hDenV4/Colombia/un-OUCRU-401211/2013	2013	South America	Colombia		II	4II_B.1		
hDenV4/Colombia/un-OUCRU-401213/2013	2013	South America	Colombia		II	4II_B.1.1		
hDenV4/Colombia/un-OUCRU-401215/2013	2013	South America	Colombia		II	4II_B.1		
hDenV4/Colombia/SAN-UIS-0000035/2015	2015	South America	Colombia	Santander	II	4II_A		
hDenV4/Colombia/SAN-UIS-0000039/2016	2016	South America	Colombia	Santander	II	4II_A		
hDenV4/Colombia/SAN-UIS-0000042/2016	2016	South America	Colombia	Santander	II	4II_B.1		
hDenV4/Colombia/NSA-BROAD-0000022/2005	2005	South America	Colombia	Norte de Santander	II	4II_B.1		
hDenV4/Colombia/SAN-BROAD-0000047/2004	2004	South America	Colombia	Santander	II	4II_B.1		
hDenV4/Colombia/SAN-BROAD-0000051/2004	2004	South America	Colombia	Santander	II	4II_B.1		
hDenV4/Colombia/SAN-BROAD-0000056/2001	2001	South America	Colombia	Santander	II	4II_B		
hDenV4/Colombia/SAN-BROAD-0000027/2001	2001	South America	Colombia	Santander	II	4II_B		
hDenV4/Colombia/SAN-BROAD-0000028/2001	2001	South America	Colombia	Santander	II	4II_B		
hDenV4/Colombia/SAN-BROAD-0000039/2001	2001	South America	Colombia	Santander	II	4II_B		
hDenV4/Colombia/SAN-UIS-0000021/2004	2004	South America	Colombia	Santander	II	4II_B.1		
hDenV4/Colombia/SAN-UIS-0000022/2001	2001	South America	Colombia	Santander	II	4II_B		
hDenV4/Colombia/NSA-UIS-0000004/2005	2005	South America	Colombia	Norte de Santander	II	4II_B.1		
hDenV4/Colombia/NSA-UIS-0000003/2005	2005	South America	Colombia	Norte de Santander	II	4II_B.1		
hDenV4/Colombia/SAN-UIS-0000027/2001	2001	South America	Colombia	Santander	II	4II_B		
hDenV4/Colombia/SAN-UIS-0000026/2001	2001	South America	Colombia	Santander	II	4II_B		
hDenV4/Colombia/SAN-UIS-0000024/2004	2004	South America	Colombia	Santander	II	4II_B		
hDenV4/Colombia/SAN-UIS-0000025/2004	2004	South America	Colombia	Santander	II	4II_B.1		
hDenV4/Colombia/un-CDC-039/2006	2006	South America	Colombia		II	4II_B		
hDenV4/Colombia/un-OUCRU-596/2013	2013	South America	Colombia		II	4II_B.1		
hDenV4/Colombia/un-OUCRU-595/2013	2013	South America	Colombia		II	4II_B.1.1		
hDenV4/Colombia/un-OUCRU-594/2013	2013	South America	Colombia		II	4II_B.1		
hDenV4/Colombia/RIS-INS-426553/2013	2013-09-18	South America	Colombia	Risaralda	II	4II_B.1		
hDenV4/Colombia/un-INS-480579/2016	2016-05-21	South America	Colombia		II	4II_B.1		
hDenV4/Colombia/VAC-LSPVAC-2401630/2024	2024-01-02	South America	Colombia	Valle del Cauca	II	4II_B.1.2		
hDenV4/Colombia/VAC-LSPVAC-2403871/2024	2024-03-04	South America	Colombia	Valle del Cauca	II	4II_B.1.2		
hDenV4/Colombia/CUN-UEB-032/2014	2014-02-09	South America	Colombia	Cundinamarca	II	4II_B.1		
hDenV4/Colombia/SAN-UR-F14100091/2014	2014-11	South America	Colombia	Santander	II	4II_B.1		
hDenV4/Colombia/SAN-UR-LV141010/2010	2010-04	South America	Colombia	Santander	II	4II_B.1		
hDenV4/Colombia/SAN-UR-LV141021/2010	2010-01	South America	Colombia	Santander	II	4II_B.1		
hDenV4/Colombia/SAN-UR-P202090076/2015	2015-11	South America	Colombia	Santander	II	4II_B.1		
hDenV4/Colombia/SAN-UR-LV192075/2009	2009-06	South America	Colombia	Santander	II	4II_B.1		
hDenV4/Colombia/SAN-UR-P200120105/2015	2015-10	South America	Colombia	Valle del Cauca	II	4II_B.1		
hDenV4/Colombia/SAN-UR-LV141007/2010	2010-01	South America	Colombia	Santander	II	4II_B.1		
hDenV4/Colombia/SAN-UR-LV111117/2014	2014-09	South America	Colombia	Santander	II	4II_B.1		
hDenV4/Colombia/SAN-UR-LV121101/2010	2010-02	South America	Colombia	Santander	II	4II_B.1		
hDenV4/Colombia/SAN-UR-LV122006/2009	2009-08	South America	Colombia	Santander	II	4II_B.1		
hDenV4/Colombia/CES-UR-P201080317/2015	2015-01	South America	Colombia	Cesar	II	4II_B.1		
hDenV4/Colombia/ANT-UDS-0732600/2013	2013-08-14	South America	Colombia	Antioquia	II	4II_B.1		
hDenV4/Colombia/ANT-UDS-1723601/2013	2013-07-30	South America	Colombia	Antioquia	II	4II_B.1		
hDenV4/Colombia/ANT-UDS-0728599/2013	2013-07-12	South America	Colombia	Antioquia	II	4II_B.1		
hDenV4/Colombia/ANT-UDS-0681598/2013	2013-02-22	South America	Colombia	Antioquia	II	4II_B.1		
hDenV4/Colombia/ANT-UDS-0678597/2013	2013-02-15	South America	Colombia	Antioquia	II	4II_B.1		
hDenV4/Colombia/ANT-UDS-0676596/2013	2013-02-01	South America	Colombia	Antioquia	II	4II_B.1		
hDenV4/Colombia/ANT-UDS-0179595/2013	2013-01-09	South America	Colombia	Antioquia	II	4II_B.1		
DENV4/DOMINICA/1981/42A	1981-01-01		DOMINICA		DENV4		42A	.
DENV4/NICARAGUA/1999/703	1999-01-01		NICARAGUA		DENV4		703	.
DENV4/PUERTORICO/1998/347751	1998-01-01		PUERTORICO		DENV4		347751	.
DENV4/PUERTORICO/1999/BID-V2446	1999-01-01		PUERTORICO		DENV4		BID-V2446	.
DENV4/BRAZIL/2012/BR-2	2012-01-01		BRAZIL		DENV4		BR-2	.
DENV4/BRAZIL/2012/BR-23	2012-01-01		BRAZIL		DENV4		BR-23	.
DENV4/BRAZIL/2012/BR-12	2012-01-01		BRAZIL		DENV4		BR-12	.
DENV4/THAILAND/2000/05496/00	2000-01-01		THAILAND		DENV4		05496	00
DENV4/INDONESIA/1973/M30153-AC36	1973-01-01		INDONESIA		DENV4		M30153-AC36	.
DENV4/THAILAND/1999/00003/99	1999-01-01		THAILAND		DENV4		00003	99
DENV4/THAILAND/1999/00261/99	1999-01-01		THAILAND		DENV4		00261	99
DENV4/THAILAND/1998/04444/98	1998-01-01		THAILAND		DENV4		04444	98
DENV4/THAILAND/1998/06075/98	1998-01-01		THAILAND		DENV4		06075	98
DENV4/THAILAND/1998/06564/98	1998-01-01		THAILAND		DENV4		06564	98
DENV4/THAILAND/1999/04425/99	1999-01-01		THAILAND		DENV4		04425	99
DENV4/THAILAND/1995/00036/95	1995-01-01		THAILAND		DENV4		00036	95
DENV4/THAILAND/1994/00500/94	1994-01-01		THAILAND		DENV4		00500	94
DENV4/THAILAND/1994/00690/94	1994-01-01		THAILAND		DENV4		00690	94
DENV4/THAILAND/1994/00095/94	1994-01-01		THAILAND		DENV4		00095	94
DENV4/THAILAND/1994/00794/94	1994-01-01		THAILAND		DENV4		00794	94
DENV4/THAILAND/1994/01201/94	1994-01-01		THAILAND		DENV4		01201	94
DENV4/THAILAND/1994/30344/94	1994-01-01		THAILAND		DENV4		30344	94
DENV4/THAILAND/1994/01534/94	1994-01-01		THAILAND		DENV4		01534	94
DENV4/THAILAND/1994/00900/94	1994-01-01		THAILAND		DENV4		00900	94
DENV4/THAILAND/1994/30324/94	1994-01-01		THAILAND		DENV4		30324	94
DENV4/THAILAND/1994/00867/94	1994-01-01		THAILAND		DENV4		00867	94
DENV4/THAILAND/1994/30071/94	1994-01-01		THAILAND		DENV4		30071	94
DENV4/THAILAND/1994/30292/94	1994-01-01		THAILAND		DENV4		30292	94
DENV4/THAILAND/1994/30302/94	1994-01-01		THAILAND		DENV4		30302	94
DENV4/THAILAND/1994/30341/94	1994-01-01		THAILAND		DENV4		30341	94
DENV4/THAILAND/1994/00307/94	1994-01-01		THAILAND		DENV4		00307	94
DENV4/THAILAND/1994/00506/94	1994-01-01		THAILAND		DENV4		00506	94
DENV4/THAILAND/1994/00846/94	1994-01-01		THAILAND		DENV4		00846	94
DENV4/THAILAND/1995/00687/95	1995-01-01		THAILAND		DENV4		00687	95
DENV4/THAILAND/1994/00890/94	1994-01-01		THAILAND		DENV4		00890	94
DENV4/THAILAND/1995/00241/95	1995-01-01		THAILAND		DENV4		00241	95
DENV4/THAILAND/1995/00269/95	1995-01-01		THAILAND		DENV4		00269	95
DENV4/THAILAND/1995/00533/95	1995-01-01		THAILAND		DENV4		00533	95
DENV4/THAILAND/1994/00719/94	1994-01-01		THAILAND		DENV4		00719	94
DENV4/THAILAND/1995/30035/95	1995-01-01		THAILAND		DENV4		30035	95
DENV4/THAILAND/1994/30343/94	1994-01-01		THAILAND		DENV4		30343	94
DENV4/THAILAND/1994/30446/94	1994-01-01		THAILAND		DENV4		30446	94
DENV4/THAILAND/1994/30610/94	1994-01-01		THAILAND		DENV4		30610	94
DENV4/THAILAND/1994/30158/94	1994-01-01		THAILAND		DENV4		30158	94
DENV4/THAILAND/1995/01832/95	1995-01-01		THAILAND		DENV4		01832	95
DENV4/THAILAND/1996/00756/96	1996-01-01		THAILAND		DENV4		00756	96
DENV4/THAILAND/1995/00877/95	1995-01-01		THAILAND		DENV4		00877	95
DENV4/THAILAND/1995/01569/95	1995-01-01		THAILAND		DENV4		01569	95
DENV4/THAILAND/1995/00458/95	1995-01-01		THAILAND		DENV4		00458	95
DENV4/THAILAND/1996/01129/96	1996-01-01		THAILAND		DENV4		01129	96
DENV4/THAILAND/1994/00737/94	1994-01-01		THAILAND		DENV4		00737	94
DENV4/THAILAND/1995/30056/95	1995-01-01		THAILAND		DENV4		30056	95
DENV4/THAILAND/1994/00101/94	1994-01-01		THAILAND		DENV4		00101	94
DENV4/THAILAND/1994/00190/94	1994-01-01		THAILAND		DENV4		00190	94
DENV4/THAILAND/1994/00615/94	1994-01-01		THAILAND		DENV4		00615	94
DENV4/THAILAND/1994/01124/94	1994-01-01		THAILAND		DENV4		01124	94
DENV4/THAILAND/1994/30091/94	1994-01-01		THAILAND		DENV4		30091	94
DENV4/THAILAND/1994/30127/94	1994-01-01		THAILAND		DENV4		30127	94
DENV4/THAILAND/1994/30479/94	1994-01-01		THAILAND		DENV4		30479	94
DENV4/THAILAND/1994/30540/94	1994-01-01		THAILAND		DENV4		30540	94
DENV4/THAILAND/1994/01073/94	1994-01-01		THAILAND		DENV4		01073	94
DENV4/THAILAND/1994/01074/94	1994-01-01		THAILAND		DENV4		01074	94
DENV4/THAILAND/1998/06523/98	1998-01-01		THAILAND		DENV4		06523	98
DENV4/THAILAND/2004/00097/04	2004-01-01		THAILAND		DENV4		00097	04
DENV4/THAILAND/2003/01710/03	2003-01-01		THAILAND		DENV4		01710	03
DENV4/THAILAND/2003/02201/03	2003-01-01		THAILAND		DENV4		02201	03
DENV4/THAILAND/2003/02168/03	2003-01-01		THAILAND		DENV4		02168	03
DENV4/THAILAND/2003/02207/03	2003-01-01		THAILAND		DENV4		02207	03
DENV4/THAILAND/2002/02412/02	2002-01-01		THAILAND		DENV4		02412	02
DENV4/THAILAND/2002/03169/02	2002-01-01		THAILAND		DENV4		03169	02
DENV4/THAILAND/2005/00993/05	2005-01-01		THAILAND		DENV4		00993	05
DENV4/THAILAND/2005/01320/05	2005-01-01		THAILAND		DENV4		01320	05
DENV4/THAILAND/2012/00112/12	2012-01-01		THAILAND		DENV4		00112	12
DENV4/THAILAND/2011/00251/11	2011-01-01		THAILAND		DENV4		00251	11
DENV4/THAILAND/2011/00257/11	2011-01-01		THAILAND		DENV4		00257	11
DENV4/THAILAND/2011/00630/11	2011-01-01		THAILAND		DENV4		00630	11
DENV4/THAILAND/2012/00637/12	2012-01-01		THAILAND		DENV4		00637	12
DENV4/THAILAND/2011/00116/11	2011-01-01		THAILAND		DENV4		00116	11
DENV4/THAILAND/2006/00705/06	2006-01-01		THAILAND		DENV4		00705	06
DENV4/THAILAND/2010/00780/10	2010-01-01		THAILAND		DENV4		00780	10
DENV4/THAILAND/2010/01513/10	2010-01-01		THAILAND		DENV4		01513	10
DENV4/THAILAND/2013/00152/13	2013-01-01		THAILAND		DENV4		00152	13
DENV4/THAILAND/2013/00691/13	2013-01-01		THAILAND		DENV4		00691	13
DENV4/THAILAND/2011/00697/11	2011-01-01		THAILAND		DENV4		00697	11
DENV4/THAILAND/2011/00369/11	2011-01-01		THAILAND		DENV4		00369	11
DENV4/THAILAND/2013/00300/13	2013-01-01		THAILAND		DENV4		00300	13
DENV4/MYANMAR/2008/81087	2008-01-01		MYANMAR		DENV4		81087	.
DENV4/THAILAND/2011/00477/11	2011-01-01		THAILAND		DENV4		00477	11
DENV4/THAILAND/2013/00789/13	2013-01-01		THAILAND		DENV4		00789	13
DENV4/THAILAND/2013/01389/13	2013-01-01		THAILAND		DENV4		01389	13
DENV4/THAILAND/2014/00214/14	2014-01-01		THAILAND		DENV4		00214	14
DENV4/THAILAND/2014/00789/14	2014-01-01		THAILAND		DENV4		00789	14
DENV4/THAILAND/2013/01012/13	2013-01-01		THAILAND		DENV4		01012	13
DENV4/THAILAND/2014/00365/14	2014-01-01		THAILAND		DENV4		00365	14
DENV4/THAILAND/2014/00385/14	2014-01-01		THAILAND		DENV4		00385	14
DENV4/THAILAND/2014/00555/14	2014-01-01		THAILAND		DENV4		00555	14
DENV4/THAILAND/2014/00575/14	2014-01-01		THAILAND		DENV4		00575	14
DENV4/THAILAND/2014/00685/14	2014-01-01		THAILAND		DENV4		00685	14
DENV4/THAILAND/2014/00514/14	2014-01-01		THAILAND		DENV4		00514	14
DENV4/THAILAND/2014/00615/14	2014-01-01		THAILAND		DENV4		00615	14
DENV4/THAILAND/2014/00752/14	2014-01-01		THAILAND		DENV4		00752	14
DENV4/THAILAND/2014/00728/14	2014-01-01		THAILAND		DENV4		00728	14
DENV4/THAILAND/2013/01211/13	2013-01-01		THAILAND		DENV4		01211	13
DENV4/THAILAND/2014/00777/14	2014-01-01		THAILAND		DENV4		00777	14
DENV4/THAILAND/2014/00595/14	2014-01-01		THAILAND		DENV4		00595	14
DENV4/THAILAND/2013/00835/13	2013-01-01		THAILAND		DENV4		00835	13
DENV4/THAILAND/2000/00010/00	2000-01-01		THAILAND		DENV4		00010	00
DENV4/THAILAND/1999/05475/99	1999-01-01		THAILAND		DENV4		05475	99
DENV4/THAILAND/2000/00235/00	2000-01-01		THAILAND		DENV4		00235	00
DENV4/THAILAND/2000/01232/00	2000-01-01		THAILAND		DENV4		01232	00
DENV4/THAILAND/2000/01702/00	2000-01-01		THAILAND		DENV4		01702	00
DENV4/THAILAND/2000/01278/00	2000-01-01		THAILAND		DENV4		01278	00
DENV4/THAILAND/2001/00575/01	2001-01-01		THAILAND		DENV4		00575	01
DENV4/THAILAND/2000/02143/00	2000-01-01		THAILAND		DENV4		02143	00
DENV4/THAILAND/1999/02897/99	1999-01-01		THAILAND		DENV4		02897	99
DENV4/THAILAND/1999/04058/99	1999-01-01		THAILAND		DENV4		04058	99
DENV4/THAILAND/2005/00714/05	2005-01-01		THAILAND		DENV4		00714	05
DENV4/THAILAND/1999/03401/99	1999-01-01		THAILAND		DENV4		03401	99
DENV4/THAILAND/1999/03541/99	1999-01-01		THAILAND		DENV4		03541	99
DENV4/THAILAND/1999/03494/99	1999-01-01		THAILAND		DENV4		03494	99
DENV4/THAILAND/2006/00759/06	2006-01-01		THAILAND		DENV4		00759	06
DENV4/THAILAND/1999/03471/99	1999-01-01		THAILAND		DENV4		03471	99
DENV4/THAILAND/2000/00303/00	2000-01-01		THAILAND		DENV4		00303	00
DENV4/THAILAND/1999/00984/99	1999-01-01		THAILAND		DENV4		00984	99
DENV4/THAILAND/1998/06181/98	1998-01-01		THAILAND		DENV4		06181	98
DENV4/THAILAND/2000/01645/00	2000-01-01		THAILAND		DENV4		01645	00
DENV4/THAILAND/2001/00114/01	2001-01-01		THAILAND		DENV4		00114	01
DENV4/THAILAND/2001/00103/01	2001-01-01		THAILAND		DENV4		00103	01
DENV4/THAILAND/2001/00565/01	2001-01-01		THAILAND		DENV4		00565	01
DENV4/THAILAND/2001/00887/01	2001-01-01		THAILAND		DENV4		00887	01
DENV4/THAILAND/2001/05908/01	2001-01-01		THAILAND		DENV4		05908	01
DENV4/THAILAND/2001/03643/01	2001-01-01		THAILAND		DENV4		03643	01
DENV4/THAILAND/1999/00027/99	1999-01-01		THAILAND		DENV4		00027	99
DENV4/THAILAND/1999/02966/99	1999-01-01		THAILAND		DENV4		02966	99
DENV4/THAILAND/1999/05341/99	1999-01-01		THAILAND		DENV4		05341	99
DENV4/THAILAND/1999/00362/99	1999-01-01		THAILAND		DENV4		00362	99
DENV4/THAILAND/1999/00508/99	1999-01-01		THAILAND		DENV4		00508	99
DENV4/THAILAND/2001/00044/01	2001-01-01		THAILAND		DENV4		00044	01
DENV4/THAILAND/2000/05771/00	2000-01-01		THAILAND		DENV4		05771	00
DENV4/THAILAND/2001/02765/01	2001-01-01		THAILAND		DENV4		02765	01
DENV4/THAILAND/2000/02111/00	2000-01-01		THAILAND		DENV4		02111	00
DENV4/THAILAND/2000/04854/00	2000-01-01		THAILAND		DENV4		04854	00
DENV4/THAILAND/2000/01441/00	2000-01-01		THAILAND		DENV4		01441	00
DENV4/THAILAND/2005/00618/05	2005-01-01		THAILAND		DENV4		00618	05
DENV4/THAILAND/2001/03531/01	2001-01-01		THAILAND		DENV4		03531	01
DENV4/THAILAND/2003/01216/03	2003-01-01		THAILAND		DENV4		01216	03
DENV4/THAILAND/2002/01480/02	2002-01-01		THAILAND		DENV4		01480	02
DENV4/THAILAND/2001/03081/01	2001-01-01		THAILAND		DENV4		03081	01
DENV4/THAILAND/2001/03348/01	2001-01-01		THAILAND		DENV4		03348	01
DENV4/THAILAND/2001/06575/01	2001-01-01		THAILAND		DENV4		06575	01
DENV4/THAILAND/1999/02821/99	1999-01-01		THAILAND		DENV4		02821	99
DENV4/THAILAND/2000/00414/00	2000-01-01		THAILAND		DENV4		00414	00
DENV4/THAILAND/2000/01477/00	2000-01-01		THAILAND		DENV4		01477	00
DENV4/THAILAND/2000/02021/00	2000-01-01		THAILAND		DENV4		02021	00
DENV4/THAILAND/2000/02098/00	2000-01-01		THAILAND		DENV4		02098	00
DENV4/THAILAND/2000/04784/00	2000-01-01		THAILAND		DENV4		04784	00
DENV4/THAILAND/2001/05432/01	2001-01-01		THAILAND		DENV4		05432	01
DENV4/THAILAND/2000/01757/00	2000-01-01		THAILAND		DENV4		01757	00
DENV4/THAILAND/2001/03843/01	2001-01-01		THAILAND		DENV4		03843	01
DENV4/THAILAND/2002/01227/02	2002-01-01		THAILAND		DENV4		01227	02
DENV4/THAILAND/2002/02572/02	2002-01-01		THAILAND		DENV4		02572	02
DENV4/THAILAND/2003/01743/03	2003-01-01		THAILAND		DENV4		01743	03
DENV4/THAILAND/2004/01719/04	2004-01-01		THAILAND		DENV4		01719	04
DENV4/THAILAND/2007/01840/07	2007-01-01		THAILAND		DENV4		01840	07
DENV4/THAILAND/2001/02623/01	2001-01-01		THAILAND		DENV4		02623	01
DENV4/THAILAND/2000/05548/00	2000-01-01		THAILAND		DENV4		05548	00
DENV4/THAILAND/2001/05386/01	2001-01-01		THAILAND		DENV4		05386	01
DENV4/THAILAND/2001/06019/01	2001-01-01		THAILAND		DENV4		06019	01
DENV4/THAILAND/2001/06949/01	2001-01-01		THAILAND		DENV4		06949	01
DENV4/THAILAND/2001/00534/01	2001-01-01		THAILAND		DENV4		00534	01
DENV4/THAILAND/2000/05782/00	2000-01-01		THAILAND		DENV4		05782	00
DENV4/THAILAND/2000/05997/00	2000-01-01		THAILAND		DENV4		05997	00
DENV4/THAILAND/2000/05984/00	2000-01-01		THAILAND		DENV4		05984	00
DENV4/THAILAND/2001/04134/01	2001-01-01		THAILAND		DENV4		04134	01
DENV4/THAILAND/2002/03060/02	2002-01-01		THAILAND		DENV4		03060	02
DENV4/THAILAND/2002/01606/02	2002-01-01		THAILAND		DENV4		01606	02
DENV4/THAILAND/2001/06712/01	2001-01-01		THAILAND		DENV4		06712	01
DENV4/THAILAND/2002/02131/02	2002-01-01		THAILAND		DENV4		02131	02
DENV4/THAILAND/2003/00205/03	2003-01-01		THAILAND		DENV4		00205	03
DENV4/THAILAND/2002/01648/02	2002-01-01		THAILAND		DENV4		01648	02
DENV4/THAILAND/2003/00286/03	2003-01-01		THAILAND		DENV4		00286	03
DENV4/THAILAND/2003/00823/03	2003-01-01		THAILAND		DENV4		00823	03
DENV4/THAILAND/2003/00498/03	2003-01-01		THAILAND		DENV4		00498	03
DENV4/THAILAND/2005/00558/05	2005-01-01		THAILAND		DENV4		00558	05
DENV4/THAILAND/2004/00674/04	2004-01-01		THAILAND		DENV4		00674	04
DENV4/THAILAND/2002/01222/02	2002-01-01		THAILAND		DENV4		01222	02
DENV4/THAILAND/2002/02705/02	2002-01-01		THAILAND		DENV4		02705	02
DENV4/THAILAND/2002/03113/02	2002-01-01		THAILAND		DENV4		03113	02
DENV4/THAILAND/2005/00581/05	2005-01-01		THAILAND		DENV4		00581	05
DENV4/THAILAND/2003/00964/03	2003-01-01		THAILAND		DENV4		00964	03
DENV4/THAILAND/2003/00987/03	2003-01-01		THAILAND		DENV4		00987	03
DENV4/THAILAND/2003/02012/03	2003-01-01		THAILAND		DENV4		02012	03
DENV4/THAILAND/2003/02197/03	2003-01-01		THAILAND		DENV4		02197	03
DENV4/THAILAND/2003/01798/03	2003-01-01		THAILAND		DENV4		01798	03
DENV4/THAILAND/2006/01405/06	2006-01-01		THAILAND		DENV4		01405	06
DENV4/THAILAND/2006/02385/06	2006-01-01		THAILAND		DENV4		02385	06
DENV4/THAILAND/2006/02456/06	2006-01-01		THAILAND		DENV4		02456	06
DENV4/THAILAND/2008/01810/08	2008-01-01		THAILAND		DENV4		01810	08
DENV4/THAILAND/2006/02586/06	2006-01-01		THAILAND		DENV4		02586	06
DENV4/THAILAND/2005/00460/05	2005-01-01		THAILAND		DENV4		00460	05
DENV4/THAILAND/2006/01382/06	2006-01-01		THAILAND		DENV4		01382	06
DENV4/THAILAND/2009/01559/09	2009-01-01		THAILAND		DENV4		01559	09
DENV4/THAILAND/2007/00433/07	2007-01-01		THAILAND		DENV4		00433	07
DENV4/THAILAND/2006/00047/06	2006-01-01		THAILAND		DENV4		00047	06
DENV4/THAILAND/2006/00533/06	2006-01-01		THAILAND		DENV4		00533	06
DENV4/THAILAND/2006/00578/06	2006-01-01		THAILAND		DENV4		00578	06
DENV4/THAILAND/2006/01837/06	2006-01-01		THAILAND		DENV4		01837	06
DENV4/THAILAND/2006/00619/06	2006-01-01		THAILAND		DENV4		00619	06
DENV4/THAILAND/2006/01479/06	2006-01-01		THAILAND		DENV4		01479	06
DENV4/THAILAND/2006/02700/06	2006-01-01		THAILAND		DENV4		02700	06
DENV4/THAILAND/2006/00176/06	2006-01-01		THAILAND		DENV4		00176	06
DENV4/THAILAND/2006/00599/06	2006-01-01		THAILAND		DENV4		00599	06
DENV4/THAILAND/2006/00532/06	2006-01-01		THAILAND		DENV4		00532	06
DENV4/THAILAND/2007/00348/07	2007-01-01		THAILAND		DENV4		00348	07
DENV4/THAILAND/2006/02498/06	2006-01-01		THAILAND		DENV4		02498	06
DENV4/THAILAND/2006/01579/06	2006-01-01		THAILAND		DENV4		01579	06
DENV4/THAILAND/2006/01928/06	2006-01-01		THAILAND		DENV4		01928	06
DENV4/THAILAND/2006/00109/06	2006-01-01		THAILAND		DENV4		00109	06
DENV4/THAILAND/2006/00512/06	2006-01-01		THAILAND		DENV4		00512	06
DENV4/THAILAND/2004/00217/04	2004-01-01		THAILAND		DENV4		00217	04
DENV4/THAILAND/2004/01369/04	2004-01-01		THAILAND		DENV4		01369	04
DENV4/THAILAND/2004/01660/04	2004-01-01		THAILAND		DENV4		01660	04
DENV4/THAILAND/2004/00395/04	2004-01-01		THAILAND		DENV4		00395	04
DENV4/THAILAND/2004/00567/04	2004-01-01		THAILAND		DENV4		00567	04
DENV4/THAILAND/2003/02373/03	2003-01-01		THAILAND		DENV4		02373	03
DENV4/THAILAND/2004/01306/04	2004-01-01		THAILAND		DENV4		01306	04
DENV4/THAILAND/2003/01947/03	2003-01-01		THAILAND		DENV4		01947	03
DENV4/THAILAND/2004/00535/04	2004-01-01		THAILAND		DENV4		00535	04
DENV4/THAILAND/2006/00409/06	2006-01-01		THAILAND		DENV4		00409	06
DENV4/THAILAND/2006/00410/06	2006-01-01		THAILAND		DENV4		00410	06
DENV4/THAILAND/2006/00426/06	2006-01-01		THAILAND		DENV4		00426	06
DENV4/THAILAND/2008/01387/08	2008-01-01		THAILAND		DENV4		01387	08
DENV4/THAILAND/2005/00700/05	2005-01-01		THAILAND		DENV4		00700	05
DENV4/THAILAND/2004/00950/04	2004-01-01		THAILAND		DENV4		00950	04
DENV4/THAILAND/2006/02674/06	2006-01-01		THAILAND		DENV4		02674	06
DENV4/THAILAND/2006/00394/06	2006-01-01		THAILAND		DENV4		00394	06
DENV4/THAILAND/2006/00585/06	2006-01-01		THAILAND		DENV4		00585	06
DENV4/THAILAND/2004/01388/04	2004-01-01		THAILAND		DENV4		01388	04
DENV4/THAILAND/2006/01258/06	2006-01-01		THAILAND		DENV4		01258	06
DENV4/THAILAND/2006/02720/06	2006-01-01		THAILAND		DENV4		02720	06
DENV4/THAILAND/2009/00781/09	2009-01-01		THAILAND		DENV4		00781	09
DENV4/THAILAND/2006/00270/06	2006-01-01		THAILAND		DENV4		00270	06
DENV4/THAILAND/2008/01284/08	2008-01-01		THAILAND		DENV4		01284	08
DENV4/THAILAND/2006/01711/06	2006-01-01		THAILAND		DENV4		01711	06
DENV4/THAILAND/2006/02197/06	2006-01-01		THAILAND		DENV4		02197	06
DENV4/THAILAND/2004/01769/04	2004-01-01		THAILAND		DENV4		01769	04
DENV4/THAILAND/2006/00559/06	2006-01-01		THAILAND		DENV4		00559	06
DENV4/THAILAND/2006/01647/06	2006-01-01		THAILAND		DENV4		01647	06
DENV4/THAILAND/2007/01923/07	2007-01-01		THAILAND		DENV4		01923	07
DENV4/THAILAND/2006/02194/06	2006-01-01		THAILAND		DENV4		02194	06
DENV4/THAILAND/2003/00187/03	2003-01-01		THAILAND		DENV4		00187	03
DENV4/THAILAND/2004/00564/04	2004-01-01		THAILAND		DENV4		00564	04
DENV4/THAILAND/2004/00680/04	2004-01-01		THAILAND		DENV4		00680	04
DENV4/THAILAND/2004/01315/04	2004-01-01		THAILAND		DENV4		01315	04
DENV4/THAILAND/2006/01295/06	2006-01-01		THAILAND		DENV4		01295	06
DENV4/THAILAND/2007/02392/07	2007-01-01		THAILAND		DENV4		02392	07
DENV4/THAILAND/2006/02183/06	2006-01-01		THAILAND		DENV4		02183	06
DENV4/THAILAND/2006/02198/06	2006-01-01		THAILAND		DENV4		02198	06
DENV4/THAILAND/2007/00694/07	2007-01-01		THAILAND		DENV4		00694	07
DENV4/THAILAND/2008/01380/08	2008-01-01		THAILAND		DENV4		01380	08
DENV4/THAILAND/2003/00225/03	2003-01-01		THAILAND		DENV4		00225	03
DENV4/THAILAND/2003/00641/03	2003-01-01		THAILAND		DENV4		00641	03
DENV4/THAILAND/2003/00875/03	2003-01-01		THAILAND		DENV4		00875	03
DENV4/THAILAND/2005/00854/05	2005-01-01		THAILAND		DENV4		00854	05
DENV4/THAILAND/2004/01234/04	2004-01-01		THAILAND		DENV4		01234	04
DENV4/THAILAND/2004/00278/04	2004-01-01		THAILAND		DENV4		00278	04
DENV4/THAILAND/2006/00225/06	2006-01-01		THAILAND		DENV4		00225	06
DENV4/THAILAND/2005/00588/05	2005-01-01		THAILAND		DENV4		00588	05
DENV4/THAILAND/2008/00447/08	2008-01-01		THAILAND		DENV4		00447	08
DENV4/THAILAND/2006/01107/06	2006-01-01		THAILAND		DENV4		01107	06
DENV4/THAILAND/2006/02383/06	2006-01-01		THAILAND		DENV4		02383	06
DENV4/THAILAND/2005/00653/05	2005-01-01		THAILAND		DENV4		00653	05
DENV4/THAILAND/2000/01394/00	2000-01-01		THAILAND		DENV4		01394	00
DENV4/THAILAND/2002/02414/02	2002-01-01		THAILAND		DENV4		02414	02
DENV4/THAILAND/2002/02862/02	2002-01-01		THAILAND		DENV4		02862	02
DENV4/THAILAND/2003/02452/03	2003-01-01		THAILAND		DENV4		02452	03
DENV4/THAILAND/2002/02899/02	2002-01-01		THAILAND		DENV4		02899	02
DENV4/THAILAND/2001/05429/01	2001-01-01		THAILAND		DENV4		05429	01
DENV4/THAILAND/2001/06951/01	2001-01-01		THAILAND		DENV4		06951	01
DENV4/THAILAND/2002/02269/02	2002-01-01		THAILAND		DENV4		02269	02
DENV4/THAILAND/2001/06122/01	2001-01-01		THAILAND		DENV4		06122	01
DENV4/THAILAND/2004/00717/04	2004-01-01		THAILAND		DENV4		00717	04
DENV4/THAILAND/2004/01258/04	2004-01-01		THAILAND		DENV4		01258	04
DENV4/THAILAND/2004/01622/04	2004-01-01		THAILAND		DENV4		01622	04
DENV4/THAILAND/2006/01944/06	2006-01-01		THAILAND		DENV4		01944	06
DENV4/THAILAND/2005/00762/05	2005-01-01		THAILAND		DENV4		00762	05
DENV4/THAILAND/2005/00882/05	2005-01-01		THAILAND		DENV4		00882	05
DENV4/THAILAND/2006/02192/06	2006-01-01		THAILAND		DENV4		02192	06
DENV4/THAILAND/2006/01594/06	2006-01-01		THAILAND		DENV4		01594	06
DENV4/THAILAND/2006/01938/06	2006-01-01		THAILAND		DENV4		01938	06
DENV4/THAILAND/2006/00779/06	2006-01-01		THAILAND		DENV4		00779	06
DENV4/THAILAND/2006/01174/06	2006-01-01		THAILAND		DENV4		01174	06
DENV4/THAILAND/2007/01402/07	2007-01-01		THAILAND		DENV4		01402	07
DENV4/THAILAND/2013/00801/13	2013-01-01		THAILAND		DENV4		00801	13
DENV4/THAILAND/2012/01104/12	2012-01-01		THAILAND		DENV4		01104	12
DENV4/THAILAND/2006/00842/06	2006-01-01		THAILAND		DENV4		00842	06
DENV4/THAILAND/2006/00810/06	2006-01-01		THAILAND		DENV4		00810	06
DENV4/THAILAND/2006/02286/06	2006-01-01		THAILAND		DENV4		02286	06
DENV4/THAILAND/2007/01458/07	2007-01-01		THAILAND		DENV4		01458	07
DENV4/THAILAND/2007/01118/07	2007-01-01		THAILAND		DENV4		01118	07
DENV4/THAILAND/2008/01268/08	2008-01-01		THAILAND		DENV4		01268	08
DENV4/THAILAND/2006/02606/06	2006-01-01		THAILAND		DENV4		02606	06
DENV4/THAILAND/2008/00274/08	2008-01-01		THAILAND		DENV4		00274	08
DENV4/THAILAND/2006/01374/06	2006-01-01		THAILAND		DENV4		01374	06
DENV4/THAILAND/2006/01278/06	2006-01-01		THAILAND		DENV4		01278	06
DENV4/THAILAND/2006/02190/06	2006-01-01		THAILAND		DENV4		02190	06
DENV4/THAILAND/2006/02749/06	2006-01-01		THAILAND		DENV4		02749	06
DENV4/THAILAND/2007/02204/07	2007-01-01		THAILAND		DENV4		02204	07
DENV4/THAILAND/2006/00420/06	2006-01-01		THAILAND		DENV4		00420	06
DENV4/THAILAND/2007/00307/07	2007-01-01		THAILAND		DENV4		00307	07
DENV4/THAILAND/2007/00119/07	2007-01-01		THAILAND		DENV4		00119	07
DENV4/THAILAND/2006/00171/06	2006-01-01		THAILAND		DENV4		00171	06
DENV4/THAILAND/2005/00523/05	2005-01-01		THAILAND		DENV4		00523	05
DENV4/THAILAND/2004/01170/04	2004-01-01		THAILAND		DENV4		01170	04
DENV4/THAILAND/2006/00189/06	2006-01-01		THAILAND		DENV4		00189	06
DENV4/THAILAND/1999/00259/99	1999-01-01		THAILAND		DENV4		00259	99
DENV4/THAILAND/2004/00455/04	2004-01-01		THAILAND		DENV4		00455	04
DENV4/THAILAND/2004/00624/04	2004-01-01		THAILAND		DENV4		00624	04
DENV4/THAILAND/2003/02090/03	2003-01-01		THAILAND		DENV4		02090	03
DENV4/THAILAND/2002/03096/02	2002-01-01		THAILAND		DENV4		03096	02
DENV4/THAILAND/2004/00994/04	2004-01-01		THAILAND		DENV4		00994	04
DENV4/THAILAND/2003/02198/03	2003-01-01		THAILAND		DENV4		02198	03
DENV4/THAILAND/2003/02377/03	2003-01-01		THAILAND		DENV4		02377	03
DENV4/THAILAND/2005/00201/05	2005-01-01		THAILAND		DENV4		00201	05
DENV4/THAILAND/2006/00524/06	2006-01-01		THAILAND		DENV4		00524	06
DENV4/THAILAND/2005/00820/05	2005-01-01		THAILAND		DENV4		00820	05
DENV4/THAILAND/2008/00471/08	2008-01-01		THAILAND		DENV4		00471	08
DENV4/THAILAND/2004/00746/04	2004-01-01		THAILAND		DENV4		00746	04
DENV4/THAILAND/2006/00584/06	2006-01-01		THAILAND		DENV4		00584	06
DENV4/THAILAND/2010/01270/10	2010-01-01		THAILAND		DENV4		01270	10
DENV4/THAILAND/2006/00617/06	2006-01-01		THAILAND		DENV4		00617	06
DENV4/THAILAND/2006/00632/06	2006-01-01		THAILAND		DENV4		00632	06
DENV4/THAILAND/2006/00650/06	2006-01-01		THAILAND		DENV4		00650	06
DENV4/THAILAND/2004/00965/04	2004-01-01		THAILAND		DENV4		00965	04
DENV4/THAILAND/2004/01515/04	2004-01-01		THAILAND		DENV4		01515	04
DENV4/THAILAND/2004/00641/04	2004-01-01		THAILAND		DENV4		00641	04
DENV4/THAILAND/2004/01544/04	2004-01-01		THAILAND		DENV4		01544	04
DENV4/THAILAND/2006/00234/06	2006-01-01		THAILAND		DENV4		00234	06
DENV4/THAILAND/2006/00370/06	2006-01-01		THAILAND		DENV4		00370	06
DENV4/THAILAND/1999/00336/99	1999-01-01		THAILAND		DENV4		00336	99
DENV4/THAILAND/2006/00356/06	2006-01-01		THAILAND		DENV4		00356	06
DENV4/THAILAND/2006/00395/06	2006-01-01		THAILAND		DENV4		00395	06
DENV4/THAILAND/2006/01271/06	2006-01-01		THAILAND		DENV4		01271	06
DENV4/THAILAND/2006/02187/06	2006-01-01		THAILAND		DENV4		02187	06
DENV4/THAILAND/2006/01862/06	2006-01-01		THAILAND		DENV4		01862	06
DENV4/THAILAND/2005/01494/05	2005-01-01		THAILAND		DENV4		01494	05
DENV4/THAILAND/1999/05538/99	1999-01-01		THAILAND		DENV4		05538	99
DENV4/THAILAND/2006/01782/06	2006-01-01		THAILAND		DENV4		01782	06
DENV4/THAILAND/2006/01261/06	2006-01-01		THAILAND		DENV4		01261	06
DENV4/THAILAND/2004/01645/04	2004-01-01		THAILAND		DENV4		01645	04
DENV4/THAILAND/2006/00837/06	2006-01-01		THAILAND		DENV4		00837	06
DENV4/THAILAND/2006/01244/06	2006-01-01		THAILAND		DENV4		01244	06
DENV4/THAILAND/2006/00311/06	2006-01-01		THAILAND		DENV4		00311	06
DENV4/THAILAND/2007/01991/07	2007-01-01		THAILAND		DENV4		01991	07
DENV4/THAILAND/2006/00464/06	2006-01-01		THAILAND		DENV4		00464	06
DENV4/THAILAND/2007/01101/07	2007-01-01		THAILAND		DENV4		01101	07
DENV4/THAILAND/2007/01391/07	2007-01-01		THAILAND		DENV4		01391	07
DENV4/THAILAND/2007/01130/07	2007-01-01		THAILAND		DENV4		01130	07
DENV4/THAILAND/2005/00943/05	2005-01-01		THAILAND		DENV4		00943	05
DENV4/THAILAND/2005/01055/05	2005-01-01		THAILAND		DENV4		01055	05
DENV4/THAILAND/2007/01570/07	2007-01-01		THAILAND		DENV4		01570	07
DENV4/THAILAND/2008/00744/08	2008-01-01		THAILAND		DENV4		00744	08
DENV4/THAILAND/2008/02023/08	2008-01-01		THAILAND		DENV4		02023	08
DENV4/THAILAND/2007/01993/07	2007-01-01		THAILAND		DENV4		01993	07
DENV4/THAILAND/2002/02020/02	2002-01-01		THAILAND		DENV4		02020	02
DENV4/THAILAND/2005/00775/05	2005-01-01		THAILAND		DENV4		00775	05
DENV4/THAILAND/2006/00367/06	2006-01-01		THAILAND		DENV4		00367	06
DENV4/THAILAND/2005/01009/05	2005-01-01		THAILAND		DENV4		01009	05
DENV4/THAILAND/2006/02540/06	2006-01-01		THAILAND		DENV4		02540	06
DENV4/THAILAND/2009/01432/09	2009-01-01		THAILAND		DENV4		01432	09
DENV4/THAILAND/2010/00249/10	2010-01-01		THAILAND		DENV4		00249	10
DENV4/THAILAND/2007/00504/07	2007-01-01		THAILAND		DENV4		00504	07
DENV4/THAILAND/2006/01270/06	2006-01-01		THAILAND		DENV4		01270	06
DENV4/THAILAND/2006/02852/06	2006-01-01		THAILAND		DENV4		02852	06
DENV4/THAILAND/2010/01344/10	2010-01-01		THAILAND		DENV4		01344	10
DENV4/THAILAND/2010/01386/10	2010-01-01		THAILAND		DENV4		01386	10
DENV4/THAILAND/2010/01677/10	2010-01-01		THAILAND		DENV4		01677	10
DENV4/THAILAND/1995/00425/95	1995-01-01		THAILAND		DENV4		00425	95
DENV4/THAILAND/1994/00329/94	1994-01-01		THAILAND		DENV4		00329	94
DENV4/THAILAND/1993/02838/93	1993-01-01		THAILAND		DENV4		02838	93
DENV4/THAILAND/2010/00283/10	2010-01-01		THAILAND		DENV4		00283	10
DENV4/THAILAND/2004/01639/04	2004-01-01		THAILAND		DENV4		01639	04
DENV4/THAILAND/2006/01881/06	2006-01-01		THAILAND		DENV4		01881	06
DENV4/THAILAND/1985/D85-052	1985-01-01		THAILAND		DENV4		D85-052	.
DENV4/THAILAND/1997/00049/97	1997-01-01		THAILAND		DENV4		00049	97
DENV4/THAILAND/1996/01626/96	1996-01-01		THAILAND		DENV4		01626	96
DENV4/THAILAND/1997/02739/97	1997-01-01		THAILAND		DENV4		02739	97
DENV4/THAILAND/2005/00646/05	2005-01-01		THAILAND		DENV4		00646	05
DENV4/THAILAND/1999/04390/99	1999-01-01		THAILAND		DENV4		04390	99
DENV4/THAILAND/1998/04634/98	1998-01-01		THAILAND		DENV4		04634	98
DENV4/THAILAND/1998/04786/98	1998-01-01		THAILAND		DENV4		04786	98
DENV4/THAILAND/2001/00886/01	2001-01-01		THAILAND		DENV4		00886	01
DENV4/THAILAND/2001/04094/01	2001-01-01		THAILAND		DENV4		04094	01
DENV4/MALAYSIA/1973/P73-1120	1973-01-01		MALAYSIA		DENV4		P73-1120	.
